protocol,fold,method,pair_id,target_id,scaffold,observed_pkd,predicted_pkd
scaffold,0,mean,AURKA_16007391,AURKA,O=C(Cc1cc(Nc2ncnc3ccccc23)n[nH]1)Nc1ccccc1,6.229147988357856,6.513144607900182
scaffold,0,target_mean,AURKA_16007391,AURKA,O=C(Cc1cc(Nc2ncnc3ccccc23)n[nH]1)Nc1ccccc1,6.229147988357856,6.529158575123221
scaffold,0,ligand_only,AURKA_16007391,AURKA,O=C(Cc1cc(Nc2ncnc3ccccc23)n[nH]1)Nc1ccccc1,6.229147988357856,6.41816393290074
scaffold,0,ligand_target_id,AURKA_16007391,AURKA,O=C(Cc1cc(Nc2ncnc3ccccc23)n[nH]1)Nc1ccccc1,6.229147988357856,6.422342404570583
scaffold,0,ligand_sequence,AURKA_16007391,AURKA,O=C(Cc1cc(Nc2ncnc3ccccc23)n[nH]1)Nc1ccccc1,6.229147988357856,6.420653809222867
scaffold,0,ligand_boltz,AURKA_16007391,AURKA,O=C(Cc1cc(Nc2ncnc3ccccc23)n[nH]1)Nc1ccccc1,6.229147988357856,6.425857851703558
scaffold,0,mean,AURKA_11485656,AURKA,O=C(Nc1ccccc1)Nc1ccc(-c2cccc3[nH]ncc23)cc1,5.795880017344075,6.513144607900182
scaffold,0,target_mean,AURKA_11485656,AURKA,O=C(Nc1ccccc1)Nc1ccc(-c2cccc3[nH]ncc23)cc1,5.795880017344075,6.529158575123221
scaffold,0,ligand_only,AURKA_11485656,AURKA,O=C(Nc1ccccc1)Nc1ccc(-c2cccc3[nH]ncc23)cc1,5.795880017344075,6.484855720754628
scaffold,0,ligand_target_id,AURKA_11485656,AURKA,O=C(Nc1ccccc1)Nc1ccc(-c2cccc3[nH]ncc23)cc1,5.795880017344075,6.526873102125771
scaffold,0,ligand_sequence,AURKA_11485656,AURKA,O=C(Nc1ccccc1)Nc1ccc(-c2cccc3[nH]ncc23)cc1,5.795880017344075,6.518721066411773
scaffold,0,ligand_boltz,AURKA_11485656,AURKA,O=C(Nc1ccccc1)Nc1ccc(-c2cccc3[nH]ncc23)cc1,5.795880017344075,6.554192101024353
scaffold,0,mean,AURKB_16007391,AURKB,O=C(Cc1cc(Nc2ncnc3ccccc23)n[nH]1)Nc1ccccc1,8.142667503568731,6.513144607900182
scaffold,0,target_mean,AURKB_16007391,AURKB,O=C(Cc1cc(Nc2ncnc3ccccc23)n[nH]1)Nc1ccccc1,8.142667503568731,6.750071273092619
scaffold,0,ligand_only,AURKB_16007391,AURKB,O=C(Cc1cc(Nc2ncnc3ccccc23)n[nH]1)Nc1ccccc1,8.142667503568731,6.41816393290074
scaffold,0,ligand_target_id,AURKB_16007391,AURKB,O=C(Cc1cc(Nc2ncnc3ccccc23)n[nH]1)Nc1ccccc1,8.142667503568731,6.502192445231308
scaffold,0,ligand_sequence,AURKB_16007391,AURKB,O=C(Cc1cc(Nc2ncnc3ccccc23)n[nH]1)Nc1ccccc1,8.142667503568731,6.4709485079043025
scaffold,0,ligand_boltz,AURKB_16007391,AURKB,O=C(Cc1cc(Nc2ncnc3ccccc23)n[nH]1)Nc1ccccc1,8.142667503568731,6.449400679445913
scaffold,0,mean,AURKB_11485656,AURKB,O=C(Nc1ccccc1)Nc1ccc(-c2cccc3[nH]ncc23)cc1,6.4089353929735005,6.513144607900182
scaffold,0,target_mean,AURKB_11485656,AURKB,O=C(Nc1ccccc1)Nc1ccc(-c2cccc3[nH]ncc23)cc1,6.4089353929735005,6.750071273092619
scaffold,0,ligand_only,AURKB_11485656,AURKB,O=C(Nc1ccccc1)Nc1ccc(-c2cccc3[nH]ncc23)cc1,6.4089353929735005,6.484855720754628
scaffold,0,ligand_target_id,AURKB_11485656,AURKB,O=C(Nc1ccccc1)Nc1ccc(-c2cccc3[nH]ncc23)cc1,6.4089353929735005,6.597042470608151
scaffold,0,ligand_sequence,AURKB_11485656,AURKB,O=C(Nc1ccccc1)Nc1ccc(-c2cccc3[nH]ncc23)cc1,6.4089353929735005,6.573263921383502
scaffold,0,ligand_boltz,AURKB_11485656,AURKB,O=C(Nc1ccccc1)Nc1ccc(-c2cccc3[nH]ncc23)cc1,6.4089353929735005,6.578183680626794
scaffold,0,mean,AURKC_11667893,AURKC,O=C(Nc1ccc2c(c1)NCC2)c1cccnc1NCc1ccncc1,5.721246399047171,6.513144607900182
scaffold,0,target_mean,AURKC_11667893,AURKC,O=C(Nc1ccc2c(c1)NCC2)c1cccnc1NCc1ccncc1,5.721246399047171,6.5529785138522
scaffold,0,ligand_only,AURKC_11667893,AURKC,O=C(Nc1ccc2c(c1)NCC2)c1cccnc1NCc1ccncc1,5.721246399047171,6.438370214692608
scaffold,0,ligand_target_id,AURKC_11667893,AURKC,O=C(Nc1ccc2c(c1)NCC2)c1cccnc1NCc1ccncc1,5.721246399047171,6.541435401294735
scaffold,0,ligand_sequence,AURKC_11667893,AURKC,O=C(Nc1ccc2c(c1)NCC2)c1cccnc1NCc1ccncc1,5.721246399047171,6.54394956130239
scaffold,0,ligand_boltz,AURKC_11667893,AURKC,O=C(Nc1ccc2c(c1)NCC2)c1cccnc1NCc1ccncc1,5.721246399047171,6.524292446744931
scaffold,0,mean,AURKC_16007391,AURKC,O=C(Cc1cc(Nc2ncnc3ccccc23)n[nH]1)Nc1ccccc1,8.356547323513812,6.513144607900182
scaffold,0,target_mean,AURKC_16007391,AURKC,O=C(Cc1cc(Nc2ncnc3ccccc23)n[nH]1)Nc1ccccc1,8.356547323513812,6.5529785138522
scaffold,0,ligand_only,AURKC_16007391,AURKC,O=C(Cc1cc(Nc2ncnc3ccccc23)n[nH]1)Nc1ccccc1,8.356547323513812,6.41816393290074
scaffold,0,ligand_target_id,AURKC_16007391,AURKC,O=C(Cc1cc(Nc2ncnc3ccccc23)n[nH]1)Nc1ccccc1,8.356547323513812,6.4632293770050655
scaffold,0,ligand_sequence,AURKC_16007391,AURKC,O=C(Cc1cc(Nc2ncnc3ccccc23)n[nH]1)Nc1ccccc1,8.356547323513812,6.479410895661082
scaffold,0,ligand_boltz,AURKC_16007391,AURKC,O=C(Cc1cc(Nc2ncnc3ccccc23)n[nH]1)Nc1ccccc1,8.356547323513812,6.457834065330193
scaffold,0,mean,AURKC_11485656,AURKC,O=C(Nc1ccccc1)Nc1ccc(-c2cccc3[nH]ncc23)cc1,7.1487416512809245,6.513144607900182
scaffold,0,target_mean,AURKC_11485656,AURKC,O=C(Nc1ccccc1)Nc1ccc(-c2cccc3[nH]ncc23)cc1,7.1487416512809245,6.5529785138522
scaffold,0,ligand_only,AURKC_11485656,AURKC,O=C(Nc1ccccc1)Nc1ccc(-c2cccc3[nH]ncc23)cc1,7.1487416512809245,6.484855720754628
scaffold,0,ligand_target_id,AURKC_11485656,AURKC,O=C(Nc1ccccc1)Nc1ccc(-c2cccc3[nH]ncc23)cc1,7.1487416512809245,6.566161527364916
scaffold,0,ligand_sequence,AURKC_11485656,AURKC,O=C(Nc1ccccc1)Nc1ccc(-c2cccc3[nH]ncc23)cc1,7.1487416512809245,6.586991465528974
scaffold,0,ligand_boltz,AURKC_11485656,AURKC,O=C(Nc1ccccc1)Nc1ccc(-c2cccc3[nH]ncc23)cc1,7.1487416512809245,6.574213548214582
scaffold,0,mean,CDK7_16007391,CDK7,O=C(Cc1cc(Nc2ncnc3ccccc23)n[nH]1)Nc1ccccc1,5.207608310501746,6.513144607900182
scaffold,0,target_mean,CDK7_16007391,CDK7,O=C(Cc1cc(Nc2ncnc3ccccc23)n[nH]1)Nc1ccccc1,5.207608310501746,6.765630107313247
scaffold,0,ligand_only,CDK7_16007391,CDK7,O=C(Cc1cc(Nc2ncnc3ccccc23)n[nH]1)Nc1ccccc1,5.207608310501746,6.41816393290074
scaffold,0,ligand_target_id,CDK7_16007391,CDK7,O=C(Cc1cc(Nc2ncnc3ccccc23)n[nH]1)Nc1ccccc1,5.207608310501746,6.564383230216787
scaffold,0,ligand_sequence,CDK7_16007391,CDK7,O=C(Cc1cc(Nc2ncnc3ccccc23)n[nH]1)Nc1ccccc1,5.207608310501746,6.560778771896673
scaffold,0,ligand_boltz,CDK7_16007391,CDK7,O=C(Cc1cc(Nc2ncnc3ccccc23)n[nH]1)Nc1ccccc1,5.207608310501746,6.484345684618386
scaffold,0,mean,CDK7_11485656,CDK7,O=C(Nc1ccccc1)Nc1ccc(-c2cccc3[nH]ncc23)cc1,5.537602002101044,6.513144607900182
scaffold,0,target_mean,CDK7_11485656,CDK7,O=C(Nc1ccccc1)Nc1ccc(-c2cccc3[nH]ncc23)cc1,5.537602002101044,6.765630107313247
scaffold,0,ligand_only,CDK7_11485656,CDK7,O=C(Nc1ccccc1)Nc1ccc(-c2cccc3[nH]ncc23)cc1,5.537602002101044,6.484855720754628
scaffold,0,ligand_target_id,CDK7_11485656,CDK7,O=C(Nc1ccccc1)Nc1ccc(-c2cccc3[nH]ncc23)cc1,5.537602002101044,6.5820644243082045
scaffold,0,ligand_sequence,CDK7_11485656,CDK7,O=C(Nc1ccccc1)Nc1ccc(-c2cccc3[nH]ncc23)cc1,5.537602002101044,6.58723695290634
scaffold,0,ligand_boltz,CDK7_11485656,CDK7,O=C(Nc1ccccc1)Nc1ccc(-c2cccc3[nH]ncc23)cc1,5.537602002101044,6.559705127044337
scaffold,0,mean,CSNK1D_176155,CSNK1D,c1ccc(-c2nc(-c3ccccc3)c(-c3ccncc3)[nH]2)cc1,7.431798275933005,6.513144607900182
scaffold,0,target_mean,CSNK1D_176155,CSNK1D,c1ccc(-c2nc(-c3ccccc3)c(-c3ccncc3)[nH]2)cc1,7.431798275933005,6.238292070958773
scaffold,0,ligand_only,CSNK1D_176155,CSNK1D,c1ccc(-c2nc(-c3ccccc3)c(-c3ccncc3)[nH]2)cc1,7.431798275933005,6.457721320915685
scaffold,0,ligand_target_id,CSNK1D_176155,CSNK1D,c1ccc(-c2nc(-c3ccccc3)c(-c3ccncc3)[nH]2)cc1,7.431798275933005,6.463771614000051
scaffold,0,ligand_sequence,CSNK1D_176155,CSNK1D,c1ccc(-c2nc(-c3ccccc3)c(-c3ccncc3)[nH]2)cc1,7.431798275933005,6.42640507528527
scaffold,0,ligand_boltz,CSNK1D_176155,CSNK1D,c1ccc(-c2nc(-c3ccccc3)c(-c3ccncc3)[nH]2)cc1,7.431798275933005,6.4314741584365285
scaffold,0,mean,CSNK1D_5169,CSNK1D,c1ccc(-c2nc(-c3ccccc3)c(-c3ccncc3)[nH]2)cc1,7.229147988357855,6.513144607900182
scaffold,0,target_mean,CSNK1D_5169,CSNK1D,c1ccc(-c2nc(-c3ccccc3)c(-c3ccncc3)[nH]2)cc1,7.229147988357855,6.238292070958773
scaffold,0,ligand_only,CSNK1D_5169,CSNK1D,c1ccc(-c2nc(-c3ccccc3)c(-c3ccncc3)[nH]2)cc1,7.229147988357855,6.482120265689628
scaffold,0,ligand_target_id,CSNK1D_5169,CSNK1D,c1ccc(-c2nc(-c3ccccc3)c(-c3ccncc3)[nH]2)cc1,7.229147988357855,6.49269259703665
scaffold,0,ligand_sequence,CSNK1D_5169,CSNK1D,c1ccc(-c2nc(-c3ccccc3)c(-c3ccncc3)[nH]2)cc1,7.229147988357855,6.45436947888043
scaffold,0,ligand_boltz,CSNK1D_5169,CSNK1D,c1ccc(-c2nc(-c3ccccc3)c(-c3ccncc3)[nH]2)cc1,7.229147988357855,6.460311412057077
scaffold,0,mean,CSNK1E_123631,CSNK1E,c1ccc(Nc2ncnc3ccc(OCCCN4CCOCC4)cc23)cc1,6.366531544420414,6.513144607900182
scaffold,0,target_mean,CSNK1E_123631,CSNK1E,c1ccc(Nc2ncnc3ccc(OCCCN4CCOCC4)cc23)cc1,6.366531544420414,6.343802993916389
scaffold,0,ligand_only,CSNK1E_123631,CSNK1E,c1ccc(Nc2ncnc3ccc(OCCCN4CCOCC4)cc23)cc1,6.366531544420414,5.955244767189316
scaffold,0,ligand_target_id,CSNK1E_123631,CSNK1E,c1ccc(Nc2ncnc3ccc(OCCCN4CCOCC4)cc23)cc1,6.366531544420414,5.836033002809139
scaffold,0,ligand_sequence,CSNK1E_123631,CSNK1E,c1ccc(Nc2ncnc3ccc(OCCCN4CCOCC4)cc23)cc1,6.366531544420414,5.7560784643892084
scaffold,0,ligand_boltz,CSNK1E_123631,CSNK1E,c1ccc(Nc2ncnc3ccc(OCCCN4CCOCC4)cc23)cc1,6.366531544420414,5.723296139606862
scaffold,0,mean,CSNK1E_176155,CSNK1E,c1ccc(-c2nc(-c3ccccc3)c(-c3ccncc3)[nH]2)cc1,7.0,6.513144607900182
scaffold,0,target_mean,CSNK1E_176155,CSNK1E,c1ccc(-c2nc(-c3ccccc3)c(-c3ccncc3)[nH]2)cc1,7.0,6.343802993916389
scaffold,0,ligand_only,CSNK1E_176155,CSNK1E,c1ccc(-c2nc(-c3ccccc3)c(-c3ccncc3)[nH]2)cc1,7.0,6.457721320915685
scaffold,0,ligand_target_id,CSNK1E_176155,CSNK1E,c1ccc(-c2nc(-c3ccccc3)c(-c3ccncc3)[nH]2)cc1,7.0,6.423027489609487
scaffold,0,ligand_sequence,CSNK1E_176155,CSNK1E,c1ccc(-c2nc(-c3ccccc3)c(-c3ccncc3)[nH]2)cc1,7.0,6.414876233047983
scaffold,0,ligand_boltz,CSNK1E_176155,CSNK1E,c1ccc(-c2nc(-c3ccccc3)c(-c3ccncc3)[nH]2)cc1,7.0,6.4290478796245605
scaffold,0,mean,CSNK1E_5169,CSNK1E,c1ccc(-c2nc(-c3ccccc3)c(-c3ccncc3)[nH]2)cc1,6.769551078621726,6.513144607900182
scaffold,0,target_mean,CSNK1E_5169,CSNK1E,c1ccc(-c2nc(-c3ccccc3)c(-c3ccncc3)[nH]2)cc1,6.769551078621726,6.343802993916389
scaffold,0,ligand_only,CSNK1E_5169,CSNK1E,c1ccc(-c2nc(-c3ccccc3)c(-c3ccncc3)[nH]2)cc1,6.769551078621726,6.482120265689628
scaffold,0,ligand_target_id,CSNK1E_5169,CSNK1E,c1ccc(-c2nc(-c3ccccc3)c(-c3ccncc3)[nH]2)cc1,6.769551078621726,6.444469711322635
scaffold,0,ligand_sequence,CSNK1E_5169,CSNK1E,c1ccc(-c2nc(-c3ccccc3)c(-c3ccncc3)[nH]2)cc1,6.769551078621726,6.442406128034118
scaffold,0,ligand_boltz,CSNK1E_5169,CSNK1E,c1ccc(-c2nc(-c3ccccc3)c(-c3ccncc3)[nH]2)cc1,6.769551078621726,6.4575212287033965
scaffold,0,mean,FRK_11667893,FRK,O=C(Nc1ccc2c(c1)NCC2)c1cccnc1NCc1ccncc1,7.00436480540245,6.513144607900182
scaffold,0,target_mean,FRK_11667893,FRK,O=C(Nc1ccc2c(c1)NCC2)c1cccnc1NCc1ccncc1,7.00436480540245,6.331468158373154
scaffold,0,ligand_only,FRK_11667893,FRK,O=C(Nc1ccc2c(c1)NCC2)c1cccnc1NCc1ccncc1,7.00436480540245,6.438370214692608
scaffold,0,ligand_target_id,FRK_11667893,FRK,O=C(Nc1ccc2c(c1)NCC2)c1cccnc1NCc1ccncc1,7.00436480540245,6.35483825812381
scaffold,0,ligand_sequence,FRK_11667893,FRK,O=C(Nc1ccc2c(c1)NCC2)c1cccnc1NCc1ccncc1,7.00436480540245,6.377329024047358
scaffold,0,ligand_boltz,FRK_11667893,FRK,O=C(Nc1ccc2c(c1)NCC2)c1cccnc1NCc1ccncc1,7.00436480540245,6.36060192921572
scaffold,0,mean,FRK_123631,FRK,c1ccc(Nc2ncnc3ccc(OCCCN4CCOCC4)cc23)cc1,5.698970004336019,6.513144607900182
scaffold,0,target_mean,FRK_123631,FRK,c1ccc(Nc2ncnc3ccc(OCCCN4CCOCC4)cc23)cc1,5.698970004336019,6.331468158373154
scaffold,0,ligand_only,FRK_123631,FRK,c1ccc(Nc2ncnc3ccc(OCCCN4CCOCC4)cc23)cc1,5.698970004336019,5.955244767189316
scaffold,0,ligand_target_id,FRK_123631,FRK,c1ccc(Nc2ncnc3ccc(OCCCN4CCOCC4)cc23)cc1,5.698970004336019,5.946707937624578
scaffold,0,ligand_sequence,FRK_123631,FRK,c1ccc(Nc2ncnc3ccc(OCCCN4CCOCC4)cc23)cc1,5.698970004336019,5.952521252955648
scaffold,0,ligand_boltz,FRK_123631,FRK,c1ccc(Nc2ncnc3ccc(OCCCN4CCOCC4)cc23)cc1,5.698970004336019,5.905641567553001
scaffold,0,mean,FRK_176155,FRK,c1ccc(-c2nc(-c3ccccc3)c(-c3ccncc3)[nH]2)cc1,5.7447274948966935,6.513144607900182
scaffold,0,target_mean,FRK_176155,FRK,c1ccc(-c2nc(-c3ccccc3)c(-c3ccncc3)[nH]2)cc1,5.7447274948966935,6.331468158373154
scaffold,0,ligand_only,FRK_176155,FRK,c1ccc(-c2nc(-c3ccccc3)c(-c3ccncc3)[nH]2)cc1,5.7447274948966935,6.457721320915685
scaffold,0,ligand_target_id,FRK_176155,FRK,c1ccc(-c2nc(-c3ccccc3)c(-c3ccncc3)[nH]2)cc1,5.7447274948966935,6.398504680979318
scaffold,0,ligand_sequence,FRK_176155,FRK,c1ccc(-c2nc(-c3ccccc3)c(-c3ccncc3)[nH]2)cc1,5.7447274948966935,6.410033899577532
scaffold,0,ligand_boltz,FRK_176155,FRK,c1ccc(-c2nc(-c3ccccc3)c(-c3ccncc3)[nH]2)cc1,5.7447274948966935,6.3931654855628235
scaffold,0,mean,FRK_11485656,FRK,O=C(Nc1ccccc1)Nc1ccc(-c2cccc3[nH]ncc23)cc1,6.3979400086720375,6.513144607900182
scaffold,0,target_mean,FRK_11485656,FRK,O=C(Nc1ccccc1)Nc1ccc(-c2cccc3[nH]ncc23)cc1,6.3979400086720375,6.331468158373154
scaffold,0,ligand_only,FRK_11485656,FRK,O=C(Nc1ccccc1)Nc1ccc(-c2cccc3[nH]ncc23)cc1,6.3979400086720375,6.484855720754628
scaffold,0,ligand_target_id,FRK_11485656,FRK,O=C(Nc1ccccc1)Nc1ccc(-c2cccc3[nH]ncc23)cc1,6.3979400086720375,6.3769355945514175
scaffold,0,ligand_sequence,FRK_11485656,FRK,O=C(Nc1ccccc1)Nc1ccc(-c2cccc3[nH]ncc23)cc1,6.3979400086720375,6.389274046667292
scaffold,0,ligand_boltz,FRK_11485656,FRK,O=C(Nc1ccccc1)Nc1ccc(-c2cccc3[nH]ncc23)cc1,6.3979400086720375,6.356652117378763
scaffold,0,mean,FRK_5169,FRK,c1ccc(-c2nc(-c3ccccc3)c(-c3ccncc3)[nH]2)cc1,5.508638306165727,6.513144607900182
scaffold,0,target_mean,FRK_5169,FRK,c1ccc(-c2nc(-c3ccccc3)c(-c3ccncc3)[nH]2)cc1,5.508638306165727,6.331468158373154
scaffold,0,ligand_only,FRK_5169,FRK,c1ccc(-c2nc(-c3ccccc3)c(-c3ccncc3)[nH]2)cc1,5.508638306165727,6.482120265689628
scaffold,0,ligand_target_id,FRK_5169,FRK,c1ccc(-c2nc(-c3ccccc3)c(-c3ccncc3)[nH]2)cc1,5.508638306165727,6.412023443394173
scaffold,0,ligand_sequence,FRK_5169,FRK,c1ccc(-c2nc(-c3ccccc3)c(-c3ccncc3)[nH]2)cc1,5.508638306165727,6.428348956294102
scaffold,0,ligand_boltz,FRK_5169,FRK,c1ccc(-c2nc(-c3ccccc3)c(-c3ccncc3)[nH]2)cc1,5.508638306165727,6.409524428418669
scaffold,0,mean,GSK3B_176155,GSK3B,c1ccc(-c2nc(-c3ccccc3)c(-c3ccncc3)[nH]2)cc1,5.769551078621726,6.513144607900182
scaffold,0,target_mean,GSK3B_176155,GSK3B,c1ccc(-c2nc(-c3ccccc3)c(-c3ccncc3)[nH]2)cc1,5.769551078621726,6.362512688908865
scaffold,0,ligand_only,GSK3B_176155,GSK3B,c1ccc(-c2nc(-c3ccccc3)c(-c3ccncc3)[nH]2)cc1,5.769551078621726,6.457721320915685
scaffold,0,ligand_target_id,GSK3B_176155,GSK3B,c1ccc(-c2nc(-c3ccccc3)c(-c3ccncc3)[nH]2)cc1,5.769551078621726,6.469466507601483
scaffold,0,ligand_sequence,GSK3B_176155,GSK3B,c1ccc(-c2nc(-c3ccccc3)c(-c3ccncc3)[nH]2)cc1,5.769551078621726,6.449836305292632
scaffold,0,ligand_boltz,GSK3B_176155,GSK3B,c1ccc(-c2nc(-c3ccccc3)c(-c3ccncc3)[nH]2)cc1,5.769551078621726,6.477371044626121
scaffold,0,mean,GSK3B_5169,GSK3B,c1ccc(-c2nc(-c3ccccc3)c(-c3ccncc3)[nH]2)cc1,5.568636235841012,6.513144607900182
scaffold,0,target_mean,GSK3B_5169,GSK3B,c1ccc(-c2nc(-c3ccccc3)c(-c3ccncc3)[nH]2)cc1,5.568636235841012,6.362512688908865
scaffold,0,ligand_only,GSK3B_5169,GSK3B,c1ccc(-c2nc(-c3ccccc3)c(-c3ccncc3)[nH]2)cc1,5.568636235841012,6.482120265689628
scaffold,0,ligand_target_id,GSK3B_5169,GSK3B,c1ccc(-c2nc(-c3ccccc3)c(-c3ccncc3)[nH]2)cc1,5.568636235841012,6.480994854494715
scaffold,0,ligand_sequence,GSK3B_5169,GSK3B,c1ccc(-c2nc(-c3ccccc3)c(-c3ccncc3)[nH]2)cc1,5.568636235841012,6.465405391401581
scaffold,0,ligand_boltz,GSK3B_5169,GSK3B,c1ccc(-c2nc(-c3ccccc3)c(-c3ccncc3)[nH]2)cc1,5.568636235841012,6.492448899562809
scaffold,0,mean,HCK_16007391,HCK,O=C(Cc1cc(Nc2ncnc3ccccc23)n[nH]1)Nc1ccccc1,5.4089353929735005,6.513144607900182
scaffold,0,target_mean,HCK_16007391,HCK,O=C(Cc1cc(Nc2ncnc3ccccc23)n[nH]1)Nc1ccccc1,5.4089353929735005,6.268910989320357
scaffold,0,ligand_only,HCK_16007391,HCK,O=C(Cc1cc(Nc2ncnc3ccccc23)n[nH]1)Nc1ccccc1,5.4089353929735005,6.41816393290074
scaffold,0,ligand_target_id,HCK_16007391,HCK,O=C(Cc1cc(Nc2ncnc3ccccc23)n[nH]1)Nc1ccccc1,5.4089353929735005,6.28207184849191
scaffold,0,ligand_sequence,HCK_16007391,HCK,O=C(Cc1cc(Nc2ncnc3ccccc23)n[nH]1)Nc1ccccc1,5.4089353929735005,6.313169179896366
scaffold,0,ligand_boltz,HCK_16007391,HCK,O=C(Cc1cc(Nc2ncnc3ccccc23)n[nH]1)Nc1ccccc1,5.4089353929735005,6.3340320680552535
scaffold,0,mean,HCK_123631,HCK,c1ccc(Nc2ncnc3ccc(OCCCN4CCOCC4)cc23)cc1,5.356547323513812,6.513144607900182
scaffold,0,target_mean,HCK_123631,HCK,c1ccc(Nc2ncnc3ccc(OCCCN4CCOCC4)cc23)cc1,5.356547323513812,6.268910989320357
scaffold,0,ligand_only,HCK_123631,HCK,c1ccc(Nc2ncnc3ccc(OCCCN4CCOCC4)cc23)cc1,5.356547323513812,5.955244767189316
scaffold,0,ligand_target_id,HCK_123631,HCK,c1ccc(Nc2ncnc3ccc(OCCCN4CCOCC4)cc23)cc1,5.356547323513812,5.8495379616216026
scaffold,0,ligand_sequence,HCK_123631,HCK,c1ccc(Nc2ncnc3ccc(OCCCN4CCOCC4)cc23)cc1,5.356547323513812,5.8978633978465265
scaffold,0,ligand_boltz,HCK_123631,HCK,c1ccc(Nc2ncnc3ccc(OCCCN4CCOCC4)cc23)cc1,5.356547323513812,5.936608432927207
scaffold,0,mean,LCK_11667893,LCK,O=C(Nc1ccc2c(c1)NCC2)c1cccnc1NCc1ccncc1,6.443697499232712,6.513144607900182
scaffold,0,target_mean,LCK_11667893,LCK,O=C(Nc1ccc2c(c1)NCC2)c1cccnc1NCc1ccncc1,6.443697499232712,6.82936556562344
scaffold,0,ligand_only,LCK_11667893,LCK,O=C(Nc1ccc2c(c1)NCC2)c1cccnc1NCc1ccncc1,6.443697499232712,6.438370214692608
scaffold,0,ligand_target_id,LCK_11667893,LCK,O=C(Nc1ccc2c(c1)NCC2)c1cccnc1NCc1ccncc1,6.443697499232712,6.626014758110638
scaffold,0,ligand_sequence,LCK_11667893,LCK,O=C(Nc1ccc2c(c1)NCC2)c1cccnc1NCc1ccncc1,6.443697499232712,6.5435017034740355
scaffold,0,ligand_boltz,LCK_11667893,LCK,O=C(Nc1ccc2c(c1)NCC2)c1cccnc1NCc1ccncc1,6.443697499232712,6.56682297168211
scaffold,0,mean,LCK_16007391,LCK,O=C(Cc1cc(Nc2ncnc3ccccc23)n[nH]1)Nc1ccccc1,6.42021640338319,6.513144607900182
scaffold,0,target_mean,LCK_16007391,LCK,O=C(Cc1cc(Nc2ncnc3ccccc23)n[nH]1)Nc1ccccc1,6.42021640338319,6.82936556562344
scaffold,0,ligand_only,LCK_16007391,LCK,O=C(Cc1cc(Nc2ncnc3ccccc23)n[nH]1)Nc1ccccc1,6.42021640338319,6.41816393290074
scaffold,0,ligand_target_id,LCK_16007391,LCK,O=C(Cc1cc(Nc2ncnc3ccccc23)n[nH]1)Nc1ccccc1,6.42021640338319,6.686747325312668
scaffold,0,ligand_sequence,LCK_16007391,LCK,O=C(Cc1cc(Nc2ncnc3ccccc23)n[nH]1)Nc1ccccc1,6.42021640338319,6.576207005472828
scaffold,0,ligand_boltz,LCK_16007391,LCK,O=C(Cc1cc(Nc2ncnc3ccccc23)n[nH]1)Nc1ccccc1,6.42021640338319,6.608581128873819
scaffold,0,mean,LCK_123631,LCK,c1ccc(Nc2ncnc3ccc(OCCCN4CCOCC4)cc23)cc1,6.200659450546418,6.513144607900182
scaffold,0,target_mean,LCK_123631,LCK,c1ccc(Nc2ncnc3ccc(OCCCN4CCOCC4)cc23)cc1,6.200659450546418,6.82936556562344
scaffold,0,ligand_only,LCK_123631,LCK,c1ccc(Nc2ncnc3ccc(OCCCN4CCOCC4)cc23)cc1,6.200659450546418,5.955244767189316
scaffold,0,ligand_target_id,LCK_123631,LCK,c1ccc(Nc2ncnc3ccc(OCCCN4CCOCC4)cc23)cc1,6.200659450546418,6.4214781627538144
scaffold,0,ligand_sequence,LCK_123631,LCK,c1ccc(Nc2ncnc3ccc(OCCCN4CCOCC4)cc23)cc1,6.200659450546418,6.246300300927525
scaffold,0,ligand_boltz,LCK_123631,LCK,c1ccc(Nc2ncnc3ccc(OCCCN4CCOCC4)cc23)cc1,6.200659450546418,6.326416697511852
scaffold,0,mean,LCK_176155,LCK,c1ccc(-c2nc(-c3ccccc3)c(-c3ccncc3)[nH]2)cc1,5.552841968657781,6.513144607900182
scaffold,0,target_mean,LCK_176155,LCK,c1ccc(-c2nc(-c3ccccc3)c(-c3ccncc3)[nH]2)cc1,5.552841968657781,6.82936556562344
scaffold,0,ligand_only,LCK_176155,LCK,c1ccc(-c2nc(-c3ccccc3)c(-c3ccncc3)[nH]2)cc1,5.552841968657781,6.457721320915685
scaffold,0,ligand_target_id,LCK_176155,LCK,c1ccc(-c2nc(-c3ccccc3)c(-c3ccncc3)[nH]2)cc1,5.552841968657781,6.535071121892968
scaffold,0,ligand_sequence,LCK_176155,LCK,c1ccc(-c2nc(-c3ccccc3)c(-c3ccncc3)[nH]2)cc1,5.552841968657781,6.493274251616348
scaffold,0,ligand_boltz,LCK_176155,LCK,c1ccc(-c2nc(-c3ccccc3)c(-c3ccncc3)[nH]2)cc1,5.552841968657781,6.501170581350472
scaffold,0,mean,LCK_9926791,LCK,c1nc(NC2CCCNC2)c2cc[nH]c2n1,5.7447274948966935,6.513144607900182
scaffold,0,target_mean,LCK_9926791,LCK,c1nc(NC2CCCNC2)c2cc[nH]c2n1,5.7447274948966935,6.82936556562344
scaffold,0,ligand_only,LCK_9926791,LCK,c1nc(NC2CCCNC2)c2cc[nH]c2n1,5.7447274948966935,6.435747696054018
scaffold,0,ligand_target_id,LCK_9926791,LCK,c1nc(NC2CCCNC2)c2cc[nH]c2n1,5.7447274948966935,6.648618277726338
scaffold,0,ligand_sequence,LCK_9926791,LCK,c1nc(NC2CCCNC2)c2cc[nH]c2n1,5.7447274948966935,6.560165251367971
scaffold,0,ligand_boltz,LCK_9926791,LCK,c1nc(NC2CCCNC2)c2cc[nH]c2n1,5.7447274948966935,6.5848384807402285
scaffold,0,mean,LCK_3038525,LCK,O=c1ncn2nc(Sc3ccccc3)ccc2c1-c1ccccc1,5.337242168318426,6.513144607900182
scaffold,0,target_mean,LCK_3038525,LCK,O=c1ncn2nc(Sc3ccccc3)ccc2c1-c1ccccc1,5.337242168318426,6.82936556562344
scaffold,0,ligand_only,LCK_3038525,LCK,O=c1ncn2nc(Sc3ccccc3)ccc2c1-c1ccccc1,5.337242168318426,6.463791143334047
scaffold,0,ligand_target_id,LCK_3038525,LCK,O=c1ncn2nc(Sc3ccccc3)ccc2c1-c1ccccc1,5.337242168318426,6.577835554871332
scaffold,0,ligand_sequence,LCK_3038525,LCK,O=c1ncn2nc(Sc3ccccc3)ccc2c1-c1ccccc1,5.337242168318426,6.514393834491747
scaffold,0,ligand_boltz,LCK_3038525,LCK,O=c1ncn2nc(Sc3ccccc3)ccc2c1-c1ccccc1,5.337242168318426,6.532893480724634
scaffold,0,mean,SRC_123631,SRC,c1ccc(Nc2ncnc3ccc(OCCCN4CCOCC4)cc23)cc1,5.42021640338319,6.513144607900182
scaffold,0,target_mean,SRC_123631,SRC,c1ccc(Nc2ncnc3ccc(OCCCN4CCOCC4)cc23)cc1,5.42021640338319,6.404273185977818
scaffold,0,ligand_only,SRC_123631,SRC,c1ccc(Nc2ncnc3ccc(OCCCN4CCOCC4)cc23)cc1,5.42021640338319,5.955244767189316
scaffold,0,ligand_target_id,SRC_123631,SRC,c1ccc(Nc2ncnc3ccc(OCCCN4CCOCC4)cc23)cc1,5.42021640338319,6.113604935677541
scaffold,0,ligand_sequence,SRC_123631,SRC,c1ccc(Nc2ncnc3ccc(OCCCN4CCOCC4)cc23)cc1,5.42021640338319,6.0613979716982
scaffold,0,ligand_boltz,SRC_123631,SRC,c1ccc(Nc2ncnc3ccc(OCCCN4CCOCC4)cc23)cc1,5.42021640338319,6.029640411748766
scaffold,0,mean,SRC_176155,SRC,c1ccc(-c2nc(-c3ccccc3)c(-c3ccncc3)[nH]2)cc1,5.275724130399211,6.513144607900182
scaffold,0,target_mean,SRC_176155,SRC,c1ccc(-c2nc(-c3ccccc3)c(-c3ccncc3)[nH]2)cc1,5.275724130399211,6.404273185977818
scaffold,0,ligand_only,SRC_176155,SRC,c1ccc(-c2nc(-c3ccccc3)c(-c3ccncc3)[nH]2)cc1,5.275724130399211,6.457721320915685
scaffold,0,ligand_target_id,SRC_176155,SRC,c1ccc(-c2nc(-c3ccccc3)c(-c3ccncc3)[nH]2)cc1,5.275724130399211,6.404023808073953
scaffold,0,ligand_sequence,SRC_176155,SRC,c1ccc(-c2nc(-c3ccccc3)c(-c3ccncc3)[nH]2)cc1,5.275724130399211,6.408334282809412
scaffold,0,ligand_boltz,SRC_176155,SRC,c1ccc(-c2nc(-c3ccccc3)c(-c3ccncc3)[nH]2)cc1,5.275724130399211,6.390847830915964
scaffold,0,mean,SRC_3038525,SRC,O=c1ncn2nc(Sc3ccccc3)ccc2c1-c1ccccc1,5.259637310505756,6.513144607900182
scaffold,0,target_mean,SRC_3038525,SRC,O=c1ncn2nc(Sc3ccccc3)ccc2c1-c1ccccc1,5.259637310505756,6.404273185977818
scaffold,0,ligand_only,SRC_3038525,SRC,O=c1ncn2nc(Sc3ccccc3)ccc2c1-c1ccccc1,5.259637310505756,6.463791143334047
scaffold,0,ligand_target_id,SRC_3038525,SRC,O=c1ncn2nc(Sc3ccccc3)ccc2c1-c1ccccc1,5.259637310505756,6.421050642103696
scaffold,0,ligand_sequence,SRC_3038525,SRC,O=c1ncn2nc(Sc3ccccc3)ccc2c1-c1ccccc1,5.259637310505756,6.406926028791278
scaffold,0,ligand_boltz,SRC_3038525,SRC,O=c1ncn2nc(Sc3ccccc3)ccc2c1-c1ccccc1,5.259637310505756,6.392691489569618
scaffold,1,mean,AURKA_3025986,AURKA,O=C(Nc1ncc(SCc2ncco2)s1)C1CCNCC1,5.130768280269024,6.500905191441979
scaffold,1,target_mean,AURKA_3025986,AURKA,O=C(Nc1ncc(SCc2ncco2)s1)C1CCNCC1,5.130768280269024,6.723105027806775
scaffold,1,ligand_only,AURKA_3025986,AURKA,O=C(Nc1ncc(SCc2ncco2)s1)C1CCNCC1,5.130768280269024,6.712193620670928
scaffold,1,ligand_target_id,AURKA_3025986,AURKA,O=C(Nc1ncc(SCc2ncco2)s1)C1CCNCC1,5.130768280269024,6.749103559882333
scaffold,1,ligand_sequence,AURKA_3025986,AURKA,O=C(Nc1ncc(SCc2ncco2)s1)C1CCNCC1,5.130768280269024,6.750416258298878
scaffold,1,ligand_boltz,AURKA_3025986,AURKA,O=C(Nc1ncc(SCc2ncco2)s1)C1CCNCC1,5.130768280269024,6.7748079470670755
scaffold,1,mean,AURKA_10113978,AURKA,c1ccc(Nc2nccc(Nc3ccc4c[nH]nc4c3)n2)cc1,5.1487416512809245,6.500905191441979
scaffold,1,target_mean,AURKA_10113978,AURKA,c1ccc(Nc2nccc(Nc3ccc4c[nH]nc4c3)n2)cc1,5.1487416512809245,6.723105027806775
scaffold,1,ligand_only,AURKA_10113978,AURKA,c1ccc(Nc2nccc(Nc3ccc4c[nH]nc4c3)n2)cc1,5.1487416512809245,6.442475257776984
scaffold,1,ligand_target_id,AURKA_10113978,AURKA,c1ccc(Nc2nccc(Nc3ccc4c[nH]nc4c3)n2)cc1,5.1487416512809245,6.5548453326295775
scaffold,1,ligand_sequence,AURKA_10113978,AURKA,c1ccc(Nc2nccc(Nc3ccc4c[nH]nc4c3)n2)cc1,5.1487416512809245,6.544877046298658
scaffold,1,ligand_boltz,AURKA_10113978,AURKA,c1ccc(Nc2nccc(Nc3ccc4c[nH]nc4c3)n2)cc1,5.1487416512809245,6.57797460285505
scaffold,1,mean,AURKB_156414,AURKB,c1ccc(Nc2ncnc3cc(OCCCN4CCOCC4)ccc23)cc1,5.376750709602099,6.500905191441979
scaffold,1,target_mean,AURKB_156414,AURKB,c1ccc(Nc2ncnc3cc(OCCCN4CCOCC4)ccc23)cc1,5.376750709602099,6.9521363492465795
scaffold,1,ligand_only,AURKB_156414,AURKB,c1ccc(Nc2ncnc3cc(OCCCN4CCOCC4)ccc23)cc1,5.376750709602099,6.123734382705121
scaffold,1,ligand_target_id,AURKB_156414,AURKB,c1ccc(Nc2ncnc3cc(OCCCN4CCOCC4)ccc23)cc1,5.376750709602099,6.436859237443846
scaffold,1,ligand_sequence,AURKB_156414,AURKB,c1ccc(Nc2ncnc3cc(OCCCN4CCOCC4)ccc23)cc1,5.376750709602099,6.381178285952787
scaffold,1,ligand_boltz,AURKB_156414,AURKB,c1ccc(Nc2ncnc3cc(OCCCN4CCOCC4)ccc23)cc1,5.376750709602099,6.380456037856035
scaffold,1,mean,AURKC_156414,AURKC,c1ccc(Nc2ncnc3cc(OCCCN4CCOCC4)ccc23)cc1,5.552841968657781,6.500905191441979
scaffold,1,target_mean,AURKC_156414,AURKC,c1ccc(Nc2ncnc3cc(OCCCN4CCOCC4)ccc23)cc1,5.552841968657781,6.8013015756943025
scaffold,1,ligand_only,AURKC_156414,AURKC,c1ccc(Nc2ncnc3cc(OCCCN4CCOCC4)ccc23)cc1,5.552841968657781,6.123734382705121
scaffold,1,ligand_target_id,AURKC_156414,AURKC,c1ccc(Nc2ncnc3cc(OCCCN4CCOCC4)ccc23)cc1,5.552841968657781,6.382464967827874
scaffold,1,ligand_sequence,AURKC_156414,AURKC,c1ccc(Nc2ncnc3cc(OCCCN4CCOCC4)ccc23)cc1,5.552841968657781,6.424367871319913
scaffold,1,ligand_boltz,AURKC_156414,AURKC,c1ccc(Nc2ncnc3cc(OCCCN4CCOCC4)ccc23)cc1,5.552841968657781,6.394043552821353
scaffold,1,mean,AURKC_3081361,AURKC,c1ccc(Nc2ncnc3cc(OCC4CCNCC4)ccc23)cc1,5.823908740944319,6.500905191441979
scaffold,1,target_mean,AURKC_3081361,AURKC,c1ccc(Nc2ncnc3cc(OCC4CCNCC4)ccc23)cc1,5.823908740944319,6.8013015756943025
scaffold,1,ligand_only,AURKC_3081361,AURKC,c1ccc(Nc2ncnc3cc(OCC4CCNCC4)ccc23)cc1,5.823908740944319,6.147540911454961
scaffold,1,ligand_target_id,AURKC_3081361,AURKC,c1ccc(Nc2ncnc3cc(OCC4CCNCC4)ccc23)cc1,5.823908740944319,6.37675841546099
scaffold,1,ligand_sequence,AURKC_3081361,AURKC,c1ccc(Nc2ncnc3cc(OCC4CCNCC4)ccc23)cc1,5.823908740944319,6.401503306955318
scaffold,1,ligand_boltz,AURKC_3081361,AURKC,c1ccc(Nc2ncnc3cc(OCC4CCNCC4)ccc23)cc1,5.823908740944319,6.379050367785413
scaffold,1,mean,AURKC_10113978,AURKC,c1ccc(Nc2nccc(Nc3ccc4c[nH]nc4c3)n2)cc1,6.1249387366083,6.500905191441979
scaffold,1,target_mean,AURKC_10113978,AURKC,c1ccc(Nc2nccc(Nc3ccc4c[nH]nc4c3)n2)cc1,6.1249387366083,6.8013015756943025
scaffold,1,ligand_only,AURKC_10113978,AURKC,c1ccc(Nc2nccc(Nc3ccc4c[nH]nc4c3)n2)cc1,6.1249387366083,6.442475257776984
scaffold,1,ligand_target_id,AURKC_10113978,AURKC,c1ccc(Nc2nccc(Nc3ccc4c[nH]nc4c3)n2)cc1,6.1249387366083,6.649441906582184
scaffold,1,ligand_sequence,AURKC_10113978,AURKC,c1ccc(Nc2nccc(Nc3ccc4c[nH]nc4c3)n2)cc1,6.1249387366083,6.665470987057867
scaffold,1,ligand_boltz,AURKC_10113978,AURKC,c1ccc(Nc2nccc(Nc3ccc4c[nH]nc4c3)n2)cc1,6.1249387366083,6.63824326426596
scaffold,1,mean,CDK2_3025986,CDK2,O=C(Nc1ncc(SCc2ncco2)s1)C1CCNCC1,7.161150909262744,6.500905191441979
scaffold,1,target_mean,CDK2_3025986,CDK2,O=C(Nc1ncc(SCc2ncco2)s1)C1CCNCC1,7.161150909262744,6.845220403661276
scaffold,1,ligand_only,CDK2_3025986,CDK2,O=C(Nc1ncc(SCc2ncco2)s1)C1CCNCC1,7.161150909262744,6.712193620670928
scaffold,1,ligand_target_id,CDK2_3025986,CDK2,O=C(Nc1ncc(SCc2ncco2)s1)C1CCNCC1,7.161150909262744,6.681906618566661
scaffold,1,ligand_sequence,CDK2_3025986,CDK2,O=C(Nc1ncc(SCc2ncco2)s1)C1CCNCC1,7.161150909262744,6.6936007540317055
scaffold,1,ligand_boltz,CDK2_3025986,CDK2,O=C(Nc1ncc(SCc2ncco2)s1)C1CCNCC1,7.161150909262744,6.662887930950476
scaffold,1,mean,CDK2_24867231,CDK2,O=c1cc(-c2ccccc2)oc2c(C3CCNCC3)cccc12,6.259637310505756,6.500905191441979
scaffold,1,target_mean,CDK2_24867231,CDK2,O=c1cc(-c2ccccc2)oc2c(C3CCNCC3)cccc12,6.259637310505756,6.845220403661276
scaffold,1,ligand_only,CDK2_24867231,CDK2,O=c1cc(-c2ccccc2)oc2c(C3CCNCC3)cccc12,6.259637310505756,6.520503874042253
scaffold,1,ligand_target_id,CDK2_24867231,CDK2,O=c1cc(-c2ccccc2)oc2c(C3CCNCC3)cccc12,6.259637310505756,6.580821718024648
scaffold,1,ligand_sequence,CDK2_24867231,CDK2,O=c1cc(-c2ccccc2)oc2c(C3CCNCC3)cccc12,6.259637310505756,6.56986781067565
scaffold,1,ligand_boltz,CDK2_24867231,CDK2,O=c1cc(-c2ccccc2)oc2c(C3CCNCC3)cccc12,6.259637310505756,6.555597997579034
scaffold,1,mean,CDK7_3025986,CDK7,O=C(Nc1ncc(SCc2ncco2)s1)C1CCNCC1,7.508638306165727,6.500905191441979
scaffold,1,target_mean,CDK7_3025986,CDK7,O=C(Nc1ncc(SCc2ncco2)s1)C1CCNCC1,7.508638306165727,6.325460091558712
scaffold,1,ligand_only,CDK7_3025986,CDK7,O=C(Nc1ncc(SCc2ncco2)s1)C1CCNCC1,7.508638306165727,6.712193620670928
scaffold,1,ligand_target_id,CDK7_3025986,CDK7,O=C(Nc1ncc(SCc2ncco2)s1)C1CCNCC1,7.508638306165727,6.665939561994058
scaffold,1,ligand_sequence,CDK7_3025986,CDK7,O=C(Nc1ncc(SCc2ncco2)s1)C1CCNCC1,7.508638306165727,6.674203270883153
scaffold,1,ligand_boltz,CDK7_3025986,CDK7,O=C(Nc1ncc(SCc2ncco2)s1)C1CCNCC1,7.508638306165727,6.681972880402711
scaffold,1,mean,CDK7_24867231,CDK7,O=c1cc(-c2ccccc2)oc2c(C3CCNCC3)cccc12,7.638272163982407,6.500905191441979
scaffold,1,target_mean,CDK7_24867231,CDK7,O=c1cc(-c2ccccc2)oc2c(C3CCNCC3)cccc12,7.638272163982407,6.325460091558712
scaffold,1,ligand_only,CDK7_24867231,CDK7,O=c1cc(-c2ccccc2)oc2c(C3CCNCC3)cccc12,7.638272163982407,6.520503874042253
scaffold,1,ligand_target_id,CDK7_24867231,CDK7,O=c1cc(-c2ccccc2)oc2c(C3CCNCC3)cccc12,7.638272163982407,6.520921214038078
scaffold,1,ligand_sequence,CDK7_24867231,CDK7,O=c1cc(-c2ccccc2)oc2c(C3CCNCC3)cccc12,7.638272163982407,6.531209258035157
scaffold,1,ligand_boltz,CDK7_24867231,CDK7,O=c1cc(-c2ccccc2)oc2c(C3CCNCC3)cccc12,7.638272163982407,6.522253866525591
scaffold,1,mean,CSNK1D_3025986,CSNK1D,O=C(Nc1ncc(SCc2ncco2)s1)C1CCNCC1,5.7447274948966935,6.500905191441979
scaffold,1,target_mean,CSNK1D_3025986,CSNK1D,O=C(Nc1ncc(SCc2ncco2)s1)C1CCNCC1,5.7447274948966935,6.566915565909039
scaffold,1,ligand_only,CSNK1D_3025986,CSNK1D,O=C(Nc1ncc(SCc2ncco2)s1)C1CCNCC1,5.7447274948966935,6.712193620670928
scaffold,1,ligand_target_id,CSNK1D_3025986,CSNK1D,O=C(Nc1ncc(SCc2ncco2)s1)C1CCNCC1,5.7447274948966935,6.674890505225649
scaffold,1,ligand_sequence,CSNK1D_3025986,CSNK1D,O=C(Nc1ncc(SCc2ncco2)s1)C1CCNCC1,5.7447274948966935,6.602226723443777
scaffold,1,ligand_boltz,CSNK1D_3025986,CSNK1D,O=C(Nc1ncc(SCc2ncco2)s1)C1CCNCC1,5.7447274948966935,6.605992781682458
scaffold,1,mean,CSNK1D_6445562,CSNK1D,c1ccc(Nc2ccnc3ccccc23)cc1,5.958607314841775,6.500905191441979
scaffold,1,target_mean,CSNK1D_6445562,CSNK1D,c1ccc(Nc2ccnc3ccccc23)cc1,5.958607314841775,6.566915565909039
scaffold,1,ligand_only,CSNK1D_6445562,CSNK1D,c1ccc(Nc2ccnc3ccccc23)cc1,5.958607314841775,6.40672800066498
scaffold,1,ligand_target_id,CSNK1D_6445562,CSNK1D,c1ccc(Nc2ccnc3ccccc23)cc1,5.958607314841775,6.426612698865832
scaffold,1,ligand_sequence,CSNK1D_6445562,CSNK1D,c1ccc(Nc2ccnc3ccccc23)cc1,5.958607314841775,6.339435554138637
scaffold,1,ligand_boltz,CSNK1D_6445562,CSNK1D,c1ccc(Nc2ccnc3ccccc23)cc1,5.958607314841775,6.351790671138556
scaffold,1,mean,CSNK1E_3025986,CSNK1E,O=C(Nc1ncc(SCc2ncco2)s1)C1CCNCC1,6.022276394711152,6.500905191441979
scaffold,1,target_mean,CSNK1E_3025986,CSNK1E,O=C(Nc1ncc(SCc2ncco2)s1)C1CCNCC1,6.022276394711152,6.4884327651028135
scaffold,1,ligand_only,CSNK1E_3025986,CSNK1E,O=C(Nc1ncc(SCc2ncco2)s1)C1CCNCC1,6.022276394711152,6.712193620670928
scaffold,1,ligand_target_id,CSNK1E_3025986,CSNK1E,O=C(Nc1ncc(SCc2ncco2)s1)C1CCNCC1,6.022276394711152,6.565477954463962
scaffold,1,ligand_sequence,CSNK1E_3025986,CSNK1E,O=C(Nc1ncc(SCc2ncco2)s1)C1CCNCC1,6.022276394711152,6.585116339821367
scaffold,1,ligand_boltz,CSNK1E_3025986,CSNK1E,O=C(Nc1ncc(SCc2ncco2)s1)C1CCNCC1,6.022276394711152,6.598849145002655
scaffold,1,mean,CSNK1E_6445562,CSNK1E,c1ccc(Nc2ccnc3ccccc23)cc1,7.0,6.500905191441979
scaffold,1,target_mean,CSNK1E_6445562,CSNK1E,c1ccc(Nc2ccnc3ccccc23)cc1,7.0,6.4884327651028135
scaffold,1,ligand_only,CSNK1E_6445562,CSNK1E,c1ccc(Nc2ccnc3ccccc23)cc1,7.0,6.40672800066498
scaffold,1,ligand_target_id,CSNK1E_6445562,CSNK1E,c1ccc(Nc2ccnc3ccccc23)cc1,7.0,6.330246771007461
scaffold,1,ligand_sequence,CSNK1E_6445562,CSNK1E,c1ccc(Nc2ccnc3ccccc23)cc1,7.0,6.316150013898807
scaffold,1,ligand_boltz,CSNK1E_6445562,CSNK1E,c1ccc(Nc2ccnc3ccccc23)cc1,7.0,6.344879011586275
scaffold,1,mean,CSNK1E_3081361,CSNK1E,c1ccc(Nc2ncnc3cc(OCC4CCNCC4)ccc23)cc1,5.522878745280337,6.500905191441979
scaffold,1,target_mean,CSNK1E_3081361,CSNK1E,c1ccc(Nc2ncnc3cc(OCC4CCNCC4)ccc23)cc1,5.522878745280337,6.4884327651028135
scaffold,1,ligand_only,CSNK1E_3081361,CSNK1E,c1ccc(Nc2ncnc3cc(OCC4CCNCC4)ccc23)cc1,5.522878745280337,6.147540911454961
scaffold,1,ligand_target_id,CSNK1E_3081361,CSNK1E,c1ccc(Nc2ncnc3cc(OCC4CCNCC4)ccc23)cc1,5.522878745280337,6.219251283599081
scaffold,1,ligand_sequence,CSNK1E_3081361,CSNK1E,c1ccc(Nc2ncnc3cc(OCC4CCNCC4)ccc23)cc1,5.522878745280337,6.142244697108406
scaffold,1,ligand_boltz,CSNK1E_3081361,CSNK1E,c1ccc(Nc2ncnc3cc(OCC4CCNCC4)ccc23)cc1,5.522878745280337,6.161718472852355
scaffold,1,mean,FRK_156414,FRK,c1ccc(Nc2ncnc3cc(OCCCN4CCOCC4)ccc23)cc1,5.468521082957745,6.500905191441979
scaffold,1,target_mean,FRK_156414,FRK,c1ccc(Nc2ncnc3cc(OCCCN4CCOCC4)ccc23)cc1,5.468521082957745,6.336139401849313
scaffold,1,ligand_only,FRK_156414,FRK,c1ccc(Nc2ncnc3cc(OCCCN4CCOCC4)ccc23)cc1,5.468521082957745,6.123734382705121
scaffold,1,ligand_target_id,FRK_156414,FRK,c1ccc(Nc2ncnc3cc(OCCCN4CCOCC4)ccc23)cc1,5.468521082957745,6.123963861738871
scaffold,1,ligand_sequence,FRK_156414,FRK,c1ccc(Nc2ncnc3cc(OCCCN4CCOCC4)ccc23)cc1,5.468521082957745,6.100173748165084
scaffold,1,ligand_boltz,FRK_156414,FRK,c1ccc(Nc2ncnc3cc(OCCCN4CCOCC4)ccc23)cc1,5.468521082957745,6.04901203514229
scaffold,1,mean,FRK_6445562,FRK,c1ccc(Nc2ccnc3ccccc23)cc1,6.167491087293763,6.500905191441979
scaffold,1,target_mean,FRK_6445562,FRK,c1ccc(Nc2ccnc3ccccc23)cc1,6.167491087293763,6.336139401849313
scaffold,1,ligand_only,FRK_6445562,FRK,c1ccc(Nc2ccnc3ccccc23)cc1,6.167491087293763,6.40672800066498
scaffold,1,ligand_target_id,FRK_6445562,FRK,c1ccc(Nc2ccnc3ccccc23)cc1,6.167491087293763,6.391103770670216
scaffold,1,ligand_sequence,FRK_6445562,FRK,c1ccc(Nc2ccnc3ccccc23)cc1,6.167491087293763,6.3635484572531436
scaffold,1,ligand_boltz,FRK_6445562,FRK,c1ccc(Nc2ccnc3ccccc23)cc1,6.167491087293763,6.3283228020351
scaffold,1,mean,FRK_3081361,FRK,c1ccc(Nc2ncnc3cc(OCC4CCNCC4)ccc23)cc1,6.769551078621726,6.500905191441979
scaffold,1,target_mean,FRK_3081361,FRK,c1ccc(Nc2ncnc3cc(OCC4CCNCC4)ccc23)cc1,6.769551078621726,6.336139401849313
scaffold,1,ligand_only,FRK_3081361,FRK,c1ccc(Nc2ncnc3cc(OCC4CCNCC4)ccc23)cc1,6.769551078621726,6.147540911454961
scaffold,1,ligand_target_id,FRK_3081361,FRK,c1ccc(Nc2ncnc3cc(OCC4CCNCC4)ccc23)cc1,6.769551078621726,6.113492062804458
scaffold,1,ligand_sequence,FRK_3081361,FRK,c1ccc(Nc2ncnc3cc(OCC4CCNCC4)ccc23)cc1,6.769551078621726,6.107536832366597
scaffold,1,ligand_boltz,FRK_3081361,FRK,c1ccc(Nc2ncnc3cc(OCC4CCNCC4)ccc23)cc1,6.769551078621726,6.06859887844814
scaffold,1,mean,FRK_10113978,FRK,c1ccc(Nc2nccc(Nc3ccc4c[nH]nc4c3)n2)cc1,6.1249387366083,6.500905191441979
scaffold,1,target_mean,FRK_10113978,FRK,c1ccc(Nc2nccc(Nc3ccc4c[nH]nc4c3)n2)cc1,6.1249387366083,6.336139401849313
scaffold,1,ligand_only,FRK_10113978,FRK,c1ccc(Nc2nccc(Nc3ccc4c[nH]nc4c3)n2)cc1,6.1249387366083,6.442475257776984
scaffold,1,ligand_target_id,FRK_10113978,FRK,c1ccc(Nc2nccc(Nc3ccc4c[nH]nc4c3)n2)cc1,6.1249387366083,6.350698143900441
scaffold,1,ligand_sequence,FRK_10113978,FRK,c1ccc(Nc2nccc(Nc3ccc4c[nH]nc4c3)n2)cc1,6.1249387366083,6.3535193366493425
scaffold,1,ligand_boltz,FRK_10113978,FRK,c1ccc(Nc2nccc(Nc3ccc4c[nH]nc4c3)n2)cc1,6.1249387366083,6.326490709652907
scaffold,1,mean,FRK_151194,FRK,c1ccc(Nc2nnc(Cc3ccncc3)c3ccccc23)cc1,5.7447274948966935,6.500905191441979
scaffold,1,target_mean,FRK_151194,FRK,c1ccc(Nc2nnc(Cc3ccncc3)c3ccccc23)cc1,5.7447274948966935,6.336139401849313
scaffold,1,ligand_only,FRK_151194,FRK,c1ccc(Nc2nnc(Cc3ccncc3)c3ccccc23)cc1,5.7447274948966935,6.4437987666262515
scaffold,1,ligand_target_id,FRK_151194,FRK,c1ccc(Nc2nnc(Cc3ccncc3)c3ccccc23)cc1,5.7447274948966935,6.422110545161411
scaffold,1,ligand_sequence,FRK_151194,FRK,c1ccc(Nc2nnc(Cc3ccncc3)c3ccccc23)cc1,5.7447274948966935,6.40906183105376
scaffold,1,ligand_boltz,FRK_151194,FRK,c1ccc(Nc2nnc(Cc3ccncc3)c3ccccc23)cc1,5.7447274948966935,6.3898416809379
scaffold,1,mean,GSK3B_3025986,GSK3B,O=C(Nc1ncc(SCc2ncco2)s1)C1CCNCC1,7.431798275933005,6.500905191441979
scaffold,1,target_mean,GSK3B_3025986,GSK3B,O=C(Nc1ncc(SCc2ncco2)s1)C1CCNCC1,7.431798275933005,6.043900103001748
scaffold,1,ligand_only,GSK3B_3025986,GSK3B,O=C(Nc1ncc(SCc2ncco2)s1)C1CCNCC1,7.431798275933005,6.712193620670928
scaffold,1,ligand_target_id,GSK3B_3025986,GSK3B,O=C(Nc1ncc(SCc2ncco2)s1)C1CCNCC1,7.431798275933005,6.599347264744787
scaffold,1,ligand_sequence,GSK3B_3025986,GSK3B,O=C(Nc1ncc(SCc2ncco2)s1)C1CCNCC1,7.431798275933005,6.595117390535415
scaffold,1,ligand_boltz,GSK3B_3025986,GSK3B,O=C(Nc1ncc(SCc2ncco2)s1)C1CCNCC1,7.431798275933005,6.595217802186757
scaffold,1,mean,GSK3B_24867231,GSK3B,O=c1cc(-c2ccccc2)oc2c(C3CCNCC3)cccc12,6.136677139879544,6.500905191441979
scaffold,1,target_mean,GSK3B_24867231,GSK3B,O=c1cc(-c2ccccc2)oc2c(C3CCNCC3)cccc12,6.136677139879544,6.043900103001748
scaffold,1,ligand_only,GSK3B_24867231,GSK3B,O=c1cc(-c2ccccc2)oc2c(C3CCNCC3)cccc12,6.136677139879544,6.520503874042253
scaffold,1,ligand_target_id,GSK3B_24867231,GSK3B,O=c1cc(-c2ccccc2)oc2c(C3CCNCC3)cccc12,6.136677139879544,6.468667908053272
scaffold,1,ligand_sequence,GSK3B_24867231,GSK3B,O=c1cc(-c2ccccc2)oc2c(C3CCNCC3)cccc12,6.136677139879544,6.45807396873686
scaffold,1,ligand_boltz,GSK3B_24867231,GSK3B,O=c1cc(-c2ccccc2)oc2c(C3CCNCC3)cccc12,6.136677139879544,6.466241966036414
scaffold,1,mean,HCK_156414,HCK,c1ccc(Nc2ncnc3cc(OCCCN4CCOCC4)ccc23)cc1,5.376750709602099,6.500905191441979
scaffold,1,target_mean,HCK_156414,HCK,c1ccc(Nc2ncnc3cc(OCCCN4CCOCC4)ccc23)cc1,5.376750709602099,6.233550433736229
scaffold,1,ligand_only,HCK_156414,HCK,c1ccc(Nc2ncnc3cc(OCCCN4CCOCC4)ccc23)cc1,5.376750709602099,6.123734382705121
scaffold,1,ligand_target_id,HCK_156414,HCK,c1ccc(Nc2ncnc3cc(OCCCN4CCOCC4)ccc23)cc1,5.376750709602099,5.956387823864849
scaffold,1,ligand_sequence,HCK_156414,HCK,c1ccc(Nc2ncnc3cc(OCCCN4CCOCC4)ccc23)cc1,5.376750709602099,5.973937795490997
scaffold,1,ligand_boltz,HCK_156414,HCK,c1ccc(Nc2ncnc3cc(OCCCN4CCOCC4)ccc23)cc1,5.376750709602099,5.972405126063707
scaffold,1,mean,HCK_6445562,HCK,c1ccc(Nc2ccnc3ccccc23)cc1,5.638272163982407,6.500905191441979
scaffold,1,target_mean,HCK_6445562,HCK,c1ccc(Nc2ccnc3ccccc23)cc1,5.638272163982407,6.233550433736229
scaffold,1,ligand_only,HCK_6445562,HCK,c1ccc(Nc2ccnc3ccccc23)cc1,5.638272163982407,6.40672800066498
scaffold,1,ligand_target_id,HCK_6445562,HCK,c1ccc(Nc2ccnc3ccccc23)cc1,5.638272163982407,6.263985750337499
scaffold,1,ligand_sequence,HCK_6445562,HCK,c1ccc(Nc2ccnc3ccccc23)cc1,5.638272163982407,6.2606820044494285
scaffold,1,ligand_boltz,HCK_6445562,HCK,c1ccc(Nc2ccnc3ccccc23)cc1,5.638272163982407,6.267918941468865
scaffold,1,mean,HCK_3081361,HCK,c1ccc(Nc2ncnc3cc(OCC4CCNCC4)ccc23)cc1,6.443697499232712,6.500905191441979
scaffold,1,target_mean,HCK_3081361,HCK,c1ccc(Nc2ncnc3cc(OCC4CCNCC4)ccc23)cc1,6.443697499232712,6.233550433736229
scaffold,1,ligand_only,HCK_3081361,HCK,c1ccc(Nc2ncnc3cc(OCC4CCNCC4)ccc23)cc1,6.443697499232712,6.147540911454961
scaffold,1,ligand_target_id,HCK_3081361,HCK,c1ccc(Nc2ncnc3cc(OCC4CCNCC4)ccc23)cc1,6.443697499232712,6.030090159790165
scaffold,1,ligand_sequence,HCK_3081361,HCK,c1ccc(Nc2ncnc3cc(OCC4CCNCC4)ccc23)cc1,6.443697499232712,6.036078008013565
scaffold,1,ligand_boltz,HCK_3081361,HCK,c1ccc(Nc2ncnc3cc(OCC4CCNCC4)ccc23)cc1,6.443697499232712,6.0237316785231405
scaffold,1,mean,LCK_156414,LCK,c1ccc(Nc2ncnc3cc(OCCCN4CCOCC4)ccc23)cc1,6.494850021680094,6.500905191441979
scaffold,1,target_mean,LCK_156414,LCK,c1ccc(Nc2ncnc3cc(OCCCN4CCOCC4)ccc23)cc1,6.494850021680094,6.571919025330024
scaffold,1,ligand_only,LCK_156414,LCK,c1ccc(Nc2ncnc3cc(OCCCN4CCOCC4)ccc23)cc1,6.494850021680094,6.123734382705121
scaffold,1,ligand_target_id,LCK_156414,LCK,c1ccc(Nc2ncnc3cc(OCCCN4CCOCC4)ccc23)cc1,6.494850021680094,6.31438883237872
scaffold,1,ligand_sequence,LCK_156414,LCK,c1ccc(Nc2ncnc3cc(OCCCN4CCOCC4)ccc23)cc1,6.494850021680094,6.209449272409132
scaffold,1,ligand_boltz,LCK_156414,LCK,c1ccc(Nc2ncnc3cc(OCCCN4CCOCC4)ccc23)cc1,6.494850021680094,6.239510543966404
scaffold,1,mean,LCK_6445562,LCK,c1ccc(Nc2ccnc3ccccc23)cc1,7.00436480540245,6.500905191441979
scaffold,1,target_mean,LCK_6445562,LCK,c1ccc(Nc2ccnc3ccccc23)cc1,7.00436480540245,6.571919025330024
scaffold,1,ligand_only,LCK_6445562,LCK,c1ccc(Nc2ccnc3ccccc23)cc1,7.00436480540245,6.40672800066498
scaffold,1,ligand_target_id,LCK_6445562,LCK,c1ccc(Nc2ccnc3ccccc23)cc1,7.00436480540245,6.494341248641225
scaffold,1,ligand_sequence,LCK_6445562,LCK,c1ccc(Nc2ccnc3ccccc23)cc1,7.00436480540245,6.433297996069285
scaffold,1,ligand_boltz,LCK_6445562,LCK,c1ccc(Nc2ccnc3ccccc23)cc1,7.00436480540245,6.4447748498098285
scaffold,1,mean,LCK_3081361,LCK,c1ccc(Nc2ncnc3cc(OCC4CCNCC4)ccc23)cc1,7.769551078621726,6.500905191441979
scaffold,1,target_mean,LCK_3081361,LCK,c1ccc(Nc2ncnc3cc(OCC4CCNCC4)ccc23)cc1,7.769551078621726,6.571919025330024
scaffold,1,ligand_only,LCK_3081361,LCK,c1ccc(Nc2ncnc3cc(OCC4CCNCC4)ccc23)cc1,7.769551078621726,6.147540911454961
scaffold,1,ligand_target_id,LCK_3081361,LCK,c1ccc(Nc2ncnc3cc(OCC4CCNCC4)ccc23)cc1,7.769551078621726,6.3380043654055145
scaffold,1,ligand_sequence,LCK_3081361,LCK,c1ccc(Nc2ncnc3cc(OCC4CCNCC4)ccc23)cc1,7.769551078621726,6.227163573771412
scaffold,1,ligand_boltz,LCK_3081361,LCK,c1ccc(Nc2ncnc3cc(OCC4CCNCC4)ccc23)cc1,7.769551078621726,6.257847484734531
scaffold,1,mean,LCK_10113978,LCK,c1ccc(Nc2nccc(Nc3ccc4c[nH]nc4c3)n2)cc1,5.920818753952375,6.500905191441979
scaffold,1,target_mean,LCK_10113978,LCK,c1ccc(Nc2nccc(Nc3ccc4c[nH]nc4c3)n2)cc1,5.920818753952375,6.571919025330024
scaffold,1,ligand_only,LCK_10113978,LCK,c1ccc(Nc2nccc(Nc3ccc4c[nH]nc4c3)n2)cc1,5.920818753952375,6.442475257776984
scaffold,1,ligand_target_id,LCK_10113978,LCK,c1ccc(Nc2nccc(Nc3ccc4c[nH]nc4c3)n2)cc1,5.920818753952375,6.521587690602479
scaffold,1,ligand_sequence,LCK_10113978,LCK,c1ccc(Nc2nccc(Nc3ccc4c[nH]nc4c3)n2)cc1,5.920818753952375,6.453295462951597
scaffold,1,ligand_boltz,LCK_10113978,LCK,c1ccc(Nc2nccc(Nc3ccc4c[nH]nc4c3)n2)cc1,5.920818753952375,6.468614864131415
scaffold,1,mean,SRC_156414,SRC,c1ccc(Nc2ncnc3cc(OCCCN4CCOCC4)ccc23)cc1,5.958607314841775,6.500905191441979
scaffold,1,target_mean,SRC_156414,SRC,c1ccc(Nc2ncnc3cc(OCCCN4CCOCC4)ccc23)cc1,5.958607314841775,6.200034458700882
scaffold,1,ligand_only,SRC_156414,SRC,c1ccc(Nc2ncnc3cc(OCCCN4CCOCC4)ccc23)cc1,5.958607314841775,6.123734382705121
scaffold,1,ligand_target_id,SRC_156414,SRC,c1ccc(Nc2ncnc3cc(OCCCN4CCOCC4)ccc23)cc1,5.958607314841775,6.035583092420188
scaffold,1,ligand_sequence,SRC_156414,SRC,c1ccc(Nc2ncnc3cc(OCCCN4CCOCC4)ccc23)cc1,5.958607314841775,6.026598337874829
scaffold,1,ligand_boltz,SRC_156414,SRC,c1ccc(Nc2ncnc3cc(OCCCN4CCOCC4)ccc23)cc1,5.958607314841775,5.9911039959553705
scaffold,1,mean,SRC_6445562,SRC,c1ccc(Nc2ccnc3ccccc23)cc1,6.552841968657781,6.500905191441979
scaffold,1,target_mean,SRC_6445562,SRC,c1ccc(Nc2ccnc3ccccc23)cc1,6.552841968657781,6.200034458700882
scaffold,1,ligand_only,SRC_6445562,SRC,c1ccc(Nc2ccnc3ccccc23)cc1,6.552841968657781,6.40672800066498
scaffold,1,ligand_target_id,SRC_6445562,SRC,c1ccc(Nc2ccnc3ccccc23)cc1,6.552841968657781,6.314173066691906
scaffold,1,ligand_sequence,SRC_6445562,SRC,c1ccc(Nc2ccnc3ccccc23)cc1,6.552841968657781,6.296654521564519
scaffold,1,ligand_boltz,SRC_6445562,SRC,c1ccc(Nc2ccnc3ccccc23)cc1,6.552841968657781,6.276804175559274
scaffold,1,mean,SRC_3081361,SRC,c1ccc(Nc2ncnc3cc(OCC4CCNCC4)ccc23)cc1,7.154901959985743,6.500905191441979
scaffold,1,target_mean,SRC_3081361,SRC,c1ccc(Nc2ncnc3cc(OCC4CCNCC4)ccc23)cc1,7.154901959985743,6.200034458700882
scaffold,1,ligand_only,SRC_3081361,SRC,c1ccc(Nc2ncnc3cc(OCC4CCNCC4)ccc23)cc1,7.154901959985743,6.147540911454961
scaffold,1,ligand_target_id,SRC_3081361,SRC,c1ccc(Nc2ncnc3cc(OCC4CCNCC4)ccc23)cc1,7.154901959985743,6.095237138416727
scaffold,1,ligand_sequence,SRC_3081361,SRC,c1ccc(Nc2ncnc3cc(OCC4CCNCC4)ccc23)cc1,7.154901959985743,6.079263319688852
scaffold,1,ligand_boltz,SRC_3081361,SRC,c1ccc(Nc2ncnc3cc(OCC4CCNCC4)ccc23)cc1,7.154901959985743,6.042713025363009
scaffold,1,mean,SRC_10113978,SRC,c1ccc(Nc2nccc(Nc3ccc4c[nH]nc4c3)n2)cc1,5.552841968657781,6.500905191441979
scaffold,1,target_mean,SRC_10113978,SRC,c1ccc(Nc2nccc(Nc3ccc4c[nH]nc4c3)n2)cc1,5.552841968657781,6.200034458700882
scaffold,1,ligand_only,SRC_10113978,SRC,c1ccc(Nc2nccc(Nc3ccc4c[nH]nc4c3)n2)cc1,5.552841968657781,6.442475257776984
scaffold,1,ligand_target_id,SRC_10113978,SRC,c1ccc(Nc2nccc(Nc3ccc4c[nH]nc4c3)n2)cc1,5.552841968657781,6.355060183003664
scaffold,1,ligand_sequence,SRC_10113978,SRC,c1ccc(Nc2nccc(Nc3ccc4c[nH]nc4c3)n2)cc1,5.552841968657781,6.331156690229013
scaffold,1,ligand_boltz,SRC_10113978,SRC,c1ccc(Nc2nccc(Nc3ccc4c[nH]nc4c3)n2)cc1,5.552841968657781,6.310851163693478
scaffold,2,mean,AURKA_451705,AURKA,O=C1NCc2c1c1c3ccccc3n3c1c1c2c2ccccc2n1C1CCCC3O1,6.958607314841775,6.307436892779303
scaffold,2,target_mean,AURKA_451705,AURKA,O=C1NCc2c1c1c3ccccc3n3c1c1c2c2ccccc2n1C1CCCC3O1,6.958607314841775,6.323114345890754
scaffold,2,ligand_only,AURKA_451705,AURKA,O=C1NCc2c1c1c3ccccc3n3c1c1c2c2ccccc2n1C1CCCC3O1,6.958607314841775,6.197756162409862
scaffold,2,ligand_target_id,AURKA_451705,AURKA,O=C1NCc2c1c1c3ccccc3n3c1c1c2c2ccccc2n1C1CCCC3O1,6.958607314841775,6.195147105058505
scaffold,2,ligand_sequence,AURKA_451705,AURKA,O=C1NCc2c1c1c3ccccc3n3c1c1c2c2ccccc2n1C1CCCC3O1,6.958607314841775,6.187505364656555
scaffold,2,ligand_boltz,AURKA_451705,AURKA,O=C1NCc2c1c1c3ccccc3n3c1c1c2c2ccccc2n1C1CCCC3O1,6.958607314841775,6.230063026957228
scaffold,2,mean,AURKA_24202429,AURKA,O=C(NC1CC2OC(C1)n1c3ccccc3c3c4c(c5c6ccccc6n2c5c31)CNC4=O)c1ccccc1,6.920818753952375,6.307436892779303
scaffold,2,target_mean,AURKA_24202429,AURKA,O=C(NC1CC2OC(C1)n1c3ccccc3c3c4c(c5c6ccccc6n2c5c31)CNC4=O)c1ccccc1,6.920818753952375,6.323114345890754
scaffold,2,ligand_only,AURKA_24202429,AURKA,O=C(NC1CC2OC(C1)n1c3ccccc3c3c4c(c5c6ccccc6n2c5c31)CNC4=O)c1ccccc1,6.920818753952375,6.218228979294808
scaffold,2,ligand_target_id,AURKA_24202429,AURKA,O=C(NC1CC2OC(C1)n1c3ccccc3c3c4c(c5c6ccccc6n2c5c31)CNC4=O)c1ccccc1,6.920818753952375,6.224983341859343
scaffold,2,ligand_sequence,AURKA_24202429,AURKA,O=C(NC1CC2OC(C1)n1c3ccccc3c3c4c(c5c6ccccc6n2c5c31)CNC4=O)c1ccccc1,6.920818753952375,6.2158386982879374
scaffold,2,ligand_boltz,AURKA_24202429,AURKA,O=C(NC1CC2OC(C1)n1c3ccccc3c3c4c(c5c6ccccc6n2c5c31)CNC4=O)c1ccccc1,6.920818753952375,6.265047554421011
scaffold,2,mean,AURKB_135398510,AURKB,O=c1[nH]c2ccccc2cc1-c1nc2ccc(N3CCNCC3)cc2[nH]1,6.552841968657781,6.307436892779303
scaffold,2,target_mean,AURKB_135398510,AURKB,O=c1[nH]c2ccccc2cc1-c1nc2ccc(N3CCNCC3)cc2[nH]1,6.552841968657781,6.773793655426726
scaffold,2,ligand_only,AURKB_135398510,AURKB,O=c1[nH]c2ccccc2cc1-c1nc2ccc(N3CCNCC3)cc2[nH]1,6.552841968657781,6.354746911112929
scaffold,2,ligand_target_id,AURKB_135398510,AURKB,O=c1[nH]c2ccccc2cc1-c1nc2ccc(N3CCNCC3)cc2[nH]1,6.552841968657781,6.489663126494817
scaffold,2,ligand_sequence,AURKB_135398510,AURKB,O=c1[nH]c2ccccc2cc1-c1nc2ccc(N3CCNCC3)cc2[nH]1,6.552841968657781,6.472282093219061
scaffold,2,ligand_boltz,AURKB_135398510,AURKB,O=c1[nH]c2ccccc2cc1-c1nc2ccc(N3CCNCC3)cc2[nH]1,6.552841968657781,6.474892853061972
scaffold,2,mean,AURKB_216239,AURKB,O=C(Nc1ccccc1)Nc1ccc(Oc2ccncc2)cc1,6.356547323513812,6.307436892779303
scaffold,2,target_mean,AURKB_216239,AURKB,O=C(Nc1ccccc1)Nc1ccc(Oc2ccncc2)cc1,6.356547323513812,6.773793655426726
scaffold,2,ligand_only,AURKB_216239,AURKB,O=C(Nc1ccccc1)Nc1ccc(Oc2ccncc2)cc1,6.356547323513812,6.28498044251955
scaffold,2,ligand_target_id,AURKB_216239,AURKB,O=C(Nc1ccccc1)Nc1ccc(Oc2ccncc2)cc1,6.356547323513812,6.454702830893854
scaffold,2,ligand_sequence,AURKB_216239,AURKB,O=C(Nc1ccccc1)Nc1ccc(Oc2ccncc2)cc1,6.356547323513812,6.427250824689734
scaffold,2,ligand_boltz,AURKB_216239,AURKB,O=C(Nc1ccccc1)Nc1ccc(Oc2ccncc2)cc1,6.356547323513812,6.415740476714828
scaffold,2,mean,AURKB_451705,AURKB,O=C1NCc2c1c1c3ccccc3n3c1c1c2c2ccccc2n1C1CCCC3O1,7.721246399047171,6.307436892779303
scaffold,2,target_mean,AURKB_451705,AURKB,O=C1NCc2c1c1c3ccccc3n3c1c1c2c2ccccc2n1C1CCCC3O1,7.721246399047171,6.773793655426726
scaffold,2,ligand_only,AURKB_451705,AURKB,O=C1NCc2c1c1c3ccccc3n3c1c1c2c2ccccc2n1C1CCCC3O1,7.721246399047171,6.197756162409862
scaffold,2,ligand_target_id,AURKB_451705,AURKB,O=C1NCc2c1c1c3ccccc3n3c1c1c2c2ccccc2n1C1CCCC3O1,7.721246399047171,6.323780462594661
scaffold,2,ligand_sequence,AURKB_451705,AURKB,O=C1NCc2c1c1c3ccccc3n3c1c1c2c2ccccc2n1C1CCCC3O1,7.721246399047171,6.276213959592931
scaffold,2,ligand_boltz,AURKB_451705,AURKB,O=C1NCc2c1c1c3ccccc3n3c1c1c2c2ccccc2n1C1CCCC3O1,7.721246399047171,6.264158103074324
scaffold,2,mean,AURKB_24202429,AURKB,O=C(NC1CC2OC(C1)n1c3ccccc3c3c4c(c5c6ccccc6n2c5c31)CNC4=O)c1ccccc1,7.207608310501746,6.307436892779303
scaffold,2,target_mean,AURKB_24202429,AURKB,O=C(NC1CC2OC(C1)n1c3ccccc3c3c4c(c5c6ccccc6n2c5c31)CNC4=O)c1ccccc1,7.207608310501746,6.773793655426726
scaffold,2,ligand_only,AURKB_24202429,AURKB,O=C(NC1CC2OC(C1)n1c3ccccc3c3c4c(c5c6ccccc6n2c5c31)CNC4=O)c1ccccc1,7.207608310501746,6.218228979294808
scaffold,2,ligand_target_id,AURKB_24202429,AURKB,O=C(NC1CC2OC(C1)n1c3ccccc3c3c4c(c5c6ccccc6n2c5c31)CNC4=O)c1ccccc1,7.207608310501746,6.3571485983510225
scaffold,2,ligand_sequence,AURKB_24202429,AURKB,O=C(NC1CC2OC(C1)n1c3ccccc3c3c4c(c5c6ccccc6n2c5c31)CNC4=O)c1ccccc1,7.207608310501746,6.313083710750544
scaffold,2,ligand_boltz,AURKB_24202429,AURKB,O=C(NC1CC2OC(C1)n1c3ccccc3c3c4c(c5c6ccccc6n2c5c31)CNC4=O)c1ccccc1,7.207608310501746,6.302805763035782
scaffold,2,mean,AURKC_11409972,AURKC,O=C(Nc1ccc(CN2CCNCC2)cc1)Nc1ccc(Oc2ccncn2)cc1,6.130768280269024,6.307436892779303
scaffold,2,target_mean,AURKC_11409972,AURKC,O=C(Nc1ccc(CN2CCNCC2)cc1)Nc1ccc(Oc2ccncn2)cc1,6.130768280269024,6.64201796451107
scaffold,2,ligand_only,AURKC_11409972,AURKC,O=C(Nc1ccc(CN2CCNCC2)cc1)Nc1ccc(Oc2ccncn2)cc1,6.130768280269024,6.355945611509018
scaffold,2,ligand_target_id,AURKC_11409972,AURKC,O=C(Nc1ccc(CN2CCNCC2)cc1)Nc1ccc(Oc2ccncn2)cc1,6.130768280269024,6.53598553580798
scaffold,2,ligand_sequence,AURKC_11409972,AURKC,O=C(Nc1ccc(CN2CCNCC2)cc1)Nc1ccc(Oc2ccncn2)cc1,6.130768280269024,6.545788439946449
scaffold,2,ligand_boltz,AURKC_11409972,AURKC,O=C(Nc1ccc(CN2CCNCC2)cc1)Nc1ccc(Oc2ccncn2)cc1,6.130768280269024,6.522427815619874
scaffold,2,mean,AURKC_135398510,AURKC,O=c1[nH]c2ccccc2cc1-c1nc2ccc(N3CCNCC3)cc2[nH]1,5.958607314841775,6.307436892779303
scaffold,2,target_mean,AURKC_135398510,AURKC,O=c1[nH]c2ccccc2cc1-c1nc2ccc(N3CCNCC3)cc2[nH]1,5.958607314841775,6.64201796451107
scaffold,2,ligand_only,AURKC_135398510,AURKC,O=c1[nH]c2ccccc2cc1-c1nc2ccc(N3CCNCC3)cc2[nH]1,5.958607314841775,6.354746911112929
scaffold,2,ligand_target_id,AURKC_135398510,AURKC,O=c1[nH]c2ccccc2cc1-c1nc2ccc(N3CCNCC3)cc2[nH]1,5.958607314841775,6.506571575679649
scaffold,2,ligand_sequence,AURKC_135398510,AURKC,O=c1[nH]c2ccccc2cc1-c1nc2ccc(N3CCNCC3)cc2[nH]1,5.958607314841775,6.517521655687572
scaffold,2,ligand_boltz,AURKC_135398510,AURKC,O=c1[nH]c2ccccc2cc1-c1nc2ccc(N3CCNCC3)cc2[nH]1,5.958607314841775,6.515264829170509
scaffold,2,mean,AURKC_216239,AURKC,O=C(Nc1ccccc1)Nc1ccc(Oc2ccncc2)cc1,6.6777807052660805,6.307436892779303
scaffold,2,target_mean,AURKC_216239,AURKC,O=C(Nc1ccccc1)Nc1ccc(Oc2ccncc2)cc1,6.6777807052660805,6.64201796451107
scaffold,2,ligand_only,AURKC_216239,AURKC,O=C(Nc1ccccc1)Nc1ccc(Oc2ccncc2)cc1,6.6777807052660805,6.28498044251955
scaffold,2,ligand_target_id,AURKC_216239,AURKC,O=C(Nc1ccccc1)Nc1ccc(Oc2ccncc2)cc1,6.6777807052660805,6.469263186486081
scaffold,2,ligand_sequence,AURKC_216239,AURKC,O=C(Nc1ccccc1)Nc1ccc(Oc2ccncc2)cc1,6.6777807052660805,6.47902255999045
scaffold,2,ligand_boltz,AURKC_216239,AURKC,O=C(Nc1ccccc1)Nc1ccc(Oc2ccncc2)cc1,6.6777807052660805,6.471729680850666
scaffold,2,mean,AURKC_451705,AURKC,O=C1NCc2c1c1c3ccccc3n3c1c1c2c2ccccc2n1C1CCCC3O1,7.638272163982407,6.307436892779303
scaffold,2,target_mean,AURKC_451705,AURKC,O=C1NCc2c1c1c3ccccc3n3c1c1c2c2ccccc2n1C1CCCC3O1,7.638272163982407,6.64201796451107
scaffold,2,ligand_only,AURKC_451705,AURKC,O=C1NCc2c1c1c3ccccc3n3c1c1c2c2ccccc2n1C1CCCC3O1,7.638272163982407,6.197756162409862
scaffold,2,ligand_target_id,AURKC_451705,AURKC,O=C1NCc2c1c1c3ccccc3n3c1c1c2c2ccccc2n1C1CCCC3O1,7.638272163982407,6.293136197228008
scaffold,2,ligand_sequence,AURKC_451705,AURKC,O=C1NCc2c1c1c3ccccc3n3c1c1c2c2ccccc2n1C1CCCC3O1,7.638272163982407,6.297877130740624
scaffold,2,ligand_boltz,AURKC_451705,AURKC,O=C1NCc2c1c1c3ccccc3n3c1c1c2c2ccccc2n1C1CCCC3O1,7.638272163982407,6.291370916062765
scaffold,2,mean,AURKC_24202429,AURKC,O=C(NC1CC2OC(C1)n1c3ccccc3c3c4c(c5c6ccccc6n2c5c31)CNC4=O)c1ccccc1,6.769551078621726,6.307436892779303
scaffold,2,target_mean,AURKC_24202429,AURKC,O=C(NC1CC2OC(C1)n1c3ccccc3c3c4c(c5c6ccccc6n2c5c31)CNC4=O)c1ccccc1,6.769551078621726,6.64201796451107
scaffold,2,ligand_only,AURKC_24202429,AURKC,O=C(NC1CC2OC(C1)n1c3ccccc3c3c4c(c5c6ccccc6n2c5c31)CNC4=O)c1ccccc1,6.769551078621726,6.218228979294808
scaffold,2,ligand_target_id,AURKC_24202429,AURKC,O=C(NC1CC2OC(C1)n1c3ccccc3c3c4c(c5c6ccccc6n2c5c31)CNC4=O)c1ccccc1,6.769551078621726,6.335391599712766
scaffold,2,ligand_sequence,AURKC_24202429,AURKC,O=C(NC1CC2OC(C1)n1c3ccccc3c3c4c(c5c6ccccc6n2c5c31)CNC4=O)c1ccccc1,6.769551078621726,6.340361692588377
scaffold,2,ligand_boltz,AURKC_24202429,AURKC,O=C(NC1CC2OC(C1)n1c3ccccc3c3c4c(c5c6ccccc6n2c5c31)CNC4=O)c1ccccc1,6.769551078621726,6.332075350023543
scaffold,2,mean,CDK2_11409972,CDK2,O=C(Nc1ccc(CN2CCNCC2)cc1)Nc1ccc(Oc2ccncn2)cc1,6.119186407719209,6.307436892779303
scaffold,2,target_mean,CDK2_11409972,CDK2,O=C(Nc1ccc(CN2CCNCC2)cc1)Nc1ccc(Oc2ccncn2)cc1,6.119186407719209,6.631895366677163
scaffold,2,ligand_only,CDK2_11409972,CDK2,O=C(Nc1ccc(CN2CCNCC2)cc1)Nc1ccc(Oc2ccncn2)cc1,6.119186407719209,6.355945611509018
scaffold,2,ligand_target_id,CDK2_11409972,CDK2,O=C(Nc1ccc(CN2CCNCC2)cc1)Nc1ccc(Oc2ccncn2)cc1,6.119186407719209,6.406818317594121
scaffold,2,ligand_sequence,CDK2_11409972,CDK2,O=C(Nc1ccc(CN2CCNCC2)cc1)Nc1ccc(Oc2ccncn2)cc1,6.119186407719209,6.3861691797851785
scaffold,2,ligand_boltz,CDK2_11409972,CDK2,O=C(Nc1ccc(CN2CCNCC2)cc1)Nc1ccc(Oc2ccncn2)cc1,6.119186407719209,6.419401905905099
scaffold,2,mean,CDK2_451705,CDK2,O=C1NCc2c1c1c3ccccc3n3c1c1c2c2ccccc2n1C1CCCC3O1,8.154901959985743,6.307436892779303
scaffold,2,target_mean,CDK2_451705,CDK2,O=C1NCc2c1c1c3ccccc3n3c1c1c2c2ccccc2n1C1CCCC3O1,8.154901959985743,6.631895366677163
scaffold,2,ligand_only,CDK2_451705,CDK2,O=C1NCc2c1c1c3ccccc3n3c1c1c2c2ccccc2n1C1CCCC3O1,8.154901959985743,6.197756162409862
scaffold,2,ligand_target_id,CDK2_451705,CDK2,O=C1NCc2c1c1c3ccccc3n3c1c1c2c2ccccc2n1C1CCCC3O1,8.154901959985743,6.26786826492736
scaffold,2,ligand_sequence,CDK2_451705,CDK2,O=C1NCc2c1c1c3ccccc3n3c1c1c2c2ccccc2n1C1CCCC3O1,8.154901959985743,6.248833343392504
scaffold,2,ligand_boltz,CDK2_451705,CDK2,O=C1NCc2c1c1c3ccccc3n3c1c1c2c2ccccc2n1C1CCCC3O1,8.154901959985743,6.262594459451516
scaffold,2,mean,CDK7_11409972,CDK7,O=C(Nc1ccc(CN2CCNCC2)cc1)Nc1ccc(Oc2ccncn2)cc1,8.346787486224656,6.307436892779303
scaffold,2,target_mean,CDK7_11409972,CDK7,O=C(Nc1ccc(CN2CCNCC2)cc1)Nc1ccc(Oc2ccncn2)cc1,8.346787486224656,6.283629724616875
scaffold,2,ligand_only,CDK7_11409972,CDK7,O=C(Nc1ccc(CN2CCNCC2)cc1)Nc1ccc(Oc2ccncn2)cc1,8.346787486224656,6.355945611509018
scaffold,2,ligand_target_id,CDK7_11409972,CDK7,O=C(Nc1ccc(CN2CCNCC2)cc1)Nc1ccc(Oc2ccncn2)cc1,8.346787486224656,6.269531408118351
scaffold,2,ligand_sequence,CDK7_11409972,CDK7,O=C(Nc1ccc(CN2CCNCC2)cc1)Nc1ccc(Oc2ccncn2)cc1,8.346787486224656,6.305968429275695
scaffold,2,ligand_boltz,CDK7_11409972,CDK7,O=C(Nc1ccc(CN2CCNCC2)cc1)Nc1ccc(Oc2ccncn2)cc1,8.346787486224656,6.3057794952963455
scaffold,2,mean,CDK7_135398510,CDK7,O=c1[nH]c2ccccc2cc1-c1nc2ccc(N3CCNCC3)cc2[nH]1,5.585026652029182,6.307436892779303
scaffold,2,target_mean,CDK7_135398510,CDK7,O=c1[nH]c2ccccc2cc1-c1nc2ccc(N3CCNCC3)cc2[nH]1,5.585026652029182,6.283629724616875
scaffold,2,ligand_only,CDK7_135398510,CDK7,O=c1[nH]c2ccccc2cc1-c1nc2ccc(N3CCNCC3)cc2[nH]1,5.585026652029182,6.354746911112929
scaffold,2,ligand_target_id,CDK7_135398510,CDK7,O=c1[nH]c2ccccc2cc1-c1nc2ccc(N3CCNCC3)cc2[nH]1,5.585026652029182,6.310974001250866
scaffold,2,ligand_sequence,CDK7_135398510,CDK7,O=c1[nH]c2ccccc2cc1-c1nc2ccc(N3CCNCC3)cc2[nH]1,5.585026652029182,6.326777808175474
scaffold,2,ligand_boltz,CDK7_135398510,CDK7,O=c1[nH]c2ccccc2cc1-c1nc2ccc(N3CCNCC3)cc2[nH]1,5.585026652029182,6.350799010033654
scaffold,2,mean,CDK7_216239,CDK7,O=C(Nc1ccccc1)Nc1ccc(Oc2ccncc2)cc1,6.853871964321762,6.307436892779303
scaffold,2,target_mean,CDK7_216239,CDK7,O=C(Nc1ccccc1)Nc1ccc(Oc2ccncc2)cc1,6.853871964321762,6.283629724616875
scaffold,2,ligand_only,CDK7_216239,CDK7,O=C(Nc1ccccc1)Nc1ccc(Oc2ccncc2)cc1,6.853871964321762,6.28498044251955
scaffold,2,ligand_target_id,CDK7_216239,CDK7,O=C(Nc1ccccc1)Nc1ccc(Oc2ccncc2)cc1,6.853871964321762,6.267639689453686
scaffold,2,ligand_sequence,CDK7_216239,CDK7,O=C(Nc1ccccc1)Nc1ccc(Oc2ccncc2)cc1,6.853871964321762,6.288973544523173
scaffold,2,ligand_boltz,CDK7_216239,CDK7,O=C(Nc1ccccc1)Nc1ccc(Oc2ccncc2)cc1,6.853871964321762,6.301602143140651
scaffold,2,mean,CDK7_451705,CDK7,O=C1NCc2c1c1c3ccccc3n3c1c1c2c2ccccc2n1C1CCCC3O1,7.346787486224656,6.307436892779303
scaffold,2,target_mean,CDK7_451705,CDK7,O=C1NCc2c1c1c3ccccc3n3c1c1c2c2ccccc2n1C1CCCC3O1,7.346787486224656,6.283629724616875
scaffold,2,ligand_only,CDK7_451705,CDK7,O=C1NCc2c1c1c3ccccc3n3c1c1c2c2ccccc2n1C1CCCC3O1,7.346787486224656,6.197756162409862
scaffold,2,ligand_target_id,CDK7_451705,CDK7,O=C1NCc2c1c1c3ccccc3n3c1c1c2c2ccccc2n1C1CCCC3O1,7.346787486224656,6.26027963102663
scaffold,2,ligand_sequence,CDK7_451705,CDK7,O=C1NCc2c1c1c3ccccc3n3c1c1c2c2ccccc2n1C1CCCC3O1,7.346787486224656,6.248441453646906
scaffold,2,ligand_boltz,CDK7_451705,CDK7,O=C1NCc2c1c1c3ccccc3n3c1c1c2c2ccccc2n1C1CCCC3O1,7.346787486224656,6.239515321770207
scaffold,2,mean,CSNK1D_11409972,CSNK1D,O=C(Nc1ccc(CN2CCNCC2)cc1)Nc1ccc(Oc2ccncn2)cc1,5.6020599913279625,6.307436892779303
scaffold,2,target_mean,CSNK1D_11409972,CSNK1D,O=C(Nc1ccc(CN2CCNCC2)cc1)Nc1ccc(Oc2ccncn2)cc1,5.6020599913279625,6.620414017033718
scaffold,2,ligand_only,CSNK1D_11409972,CSNK1D,O=C(Nc1ccc(CN2CCNCC2)cc1)Nc1ccc(Oc2ccncn2)cc1,5.6020599913279625,6.355945611509018
scaffold,2,ligand_target_id,CSNK1D_11409972,CSNK1D,O=C(Nc1ccc(CN2CCNCC2)cc1)Nc1ccc(Oc2ccncn2)cc1,5.6020599913279625,6.39426686252045
scaffold,2,ligand_sequence,CSNK1D_11409972,CSNK1D,O=C(Nc1ccc(CN2CCNCC2)cc1)Nc1ccc(Oc2ccncn2)cc1,5.6020599913279625,6.384562580468209
scaffold,2,ligand_boltz,CSNK1D_11409972,CSNK1D,O=C(Nc1ccc(CN2CCNCC2)cc1)Nc1ccc(Oc2ccncn2)cc1,5.6020599913279625,6.3931942991368915
scaffold,2,mean,CSNK1D_451705,CSNK1D,O=C1NCc2c1c1c3ccccc3n3c1c1c2c2ccccc2n1C1CCCC3O1,5.619788758288394,6.307436892779303
scaffold,2,target_mean,CSNK1D_451705,CSNK1D,O=C1NCc2c1c1c3ccccc3n3c1c1c2c2ccccc2n1C1CCCC3O1,5.619788758288394,6.620414017033718
scaffold,2,ligand_only,CSNK1D_451705,CSNK1D,O=C1NCc2c1c1c3ccccc3n3c1c1c2c2ccccc2n1C1CCCC3O1,5.619788758288394,6.197756162409862
scaffold,2,ligand_target_id,CSNK1D_451705,CSNK1D,O=C1NCc2c1c1c3ccccc3n3c1c1c2c2ccccc2n1C1CCCC3O1,5.619788758288394,6.303689953717601
scaffold,2,ligand_sequence,CSNK1D_451705,CSNK1D,O=C1NCc2c1c1c3ccccc3n3c1c1c2c2ccccc2n1C1CCCC3O1,5.619788758288394,6.2772376289878205
scaffold,2,ligand_boltz,CSNK1D_451705,CSNK1D,O=C1NCc2c1c1c3ccccc3n3c1c1c2c2ccccc2n1C1CCCC3O1,5.619788758288394,6.278365787300137
scaffold,2,mean,CSNK1E_11409972,CSNK1E,O=C(Nc1ccc(CN2CCNCC2)cc1)Nc1ccc(Oc2ccncn2)cc1,5.3979400086720375,6.307436892779303
scaffold,2,target_mean,CSNK1E_11409972,CSNK1E,O=C(Nc1ccc(CN2CCNCC2)cc1)Nc1ccc(Oc2ccncn2)cc1,5.3979400086720375,6.505399060602412
scaffold,2,ligand_only,CSNK1E_11409972,CSNK1E,O=C(Nc1ccc(CN2CCNCC2)cc1)Nc1ccc(Oc2ccncn2)cc1,5.3979400086720375,6.355945611509018
scaffold,2,ligand_target_id,CSNK1E_11409972,CSNK1E,O=C(Nc1ccc(CN2CCNCC2)cc1)Nc1ccc(Oc2ccncn2)cc1,5.3979400086720375,6.41051799210768
scaffold,2,ligand_sequence,CSNK1E_11409972,CSNK1E,O=C(Nc1ccc(CN2CCNCC2)cc1)Nc1ccc(Oc2ccncn2)cc1,5.3979400086720375,6.376160842039901
scaffold,2,ligand_boltz,CSNK1E_11409972,CSNK1E,O=C(Nc1ccc(CN2CCNCC2)cc1)Nc1ccc(Oc2ccncn2)cc1,5.3979400086720375,6.390253691711148
scaffold,2,mean,CSNK1E_451705,CSNK1E,O=C1NCc2c1c1c3ccccc3n3c1c1c2c2ccccc2n1C1CCCC3O1,7.136677139879544,6.307436892779303
scaffold,2,target_mean,CSNK1E_451705,CSNK1E,O=C1NCc2c1c1c3ccccc3n3c1c1c2c2ccccc2n1C1CCCC3O1,7.136677139879544,6.505399060602412
scaffold,2,ligand_only,CSNK1E_451705,CSNK1E,O=C1NCc2c1c1c3ccccc3n3c1c1c2c2ccccc2n1C1CCCC3O1,7.136677139879544,6.197756162409862
scaffold,2,ligand_target_id,CSNK1E_451705,CSNK1E,O=C1NCc2c1c1c3ccccc3n3c1c1c2c2ccccc2n1C1CCCC3O1,7.136677139879544,6.290207837358983
scaffold,2,ligand_sequence,CSNK1E_451705,CSNK1E,O=C1NCc2c1c1c3ccccc3n3c1c1c2c2ccccc2n1C1CCCC3O1,7.136677139879544,6.266068137836291
scaffold,2,ligand_boltz,CSNK1E_451705,CSNK1E,O=C1NCc2c1c1c3ccccc3n3c1c1c2c2ccccc2n1C1CCCC3O1,7.136677139879544,6.277342180938405
scaffold,2,mean,CSNK1E_3062316,CSNK1E,O=C(Nc1ccccc1)c1cnc(Nc2cc(N3CCNCC3)ncn2)s1,5.823908740944319,6.307436892779303
scaffold,2,target_mean,CSNK1E_3062316,CSNK1E,O=C(Nc1ccccc1)c1cnc(Nc2cc(N3CCNCC3)ncn2)s1,5.823908740944319,6.505399060602412
scaffold,2,ligand_only,CSNK1E_3062316,CSNK1E,O=C(Nc1ccccc1)c1cnc(Nc2cc(N3CCNCC3)ncn2)s1,5.823908740944319,6.448697185420149
scaffold,2,ligand_target_id,CSNK1E_3062316,CSNK1E,O=C(Nc1ccccc1)c1cnc(Nc2cc(N3CCNCC3)ncn2)s1,5.823908740944319,6.477612272533972
scaffold,2,ligand_sequence,CSNK1E_3062316,CSNK1E,O=C(Nc1ccccc1)c1cnc(Nc2cc(N3CCNCC3)ncn2)s1,5.823908740944319,6.438694323580965
scaffold,2,ligand_boltz,CSNK1E_3062316,CSNK1E,O=C(Nc1ccccc1)c1cnc(Nc2cc(N3CCNCC3)ncn2)s1,5.823908740944319,6.477324430495026
scaffold,2,mean,FRK_11409972,FRK,O=C(Nc1ccc(CN2CCNCC2)cc1)Nc1ccc(Oc2ccncn2)cc1,7.585026652029182,6.307436892779303
scaffold,2,target_mean,FRK_11409972,FRK,O=C(Nc1ccc(CN2CCNCC2)cc1)Nc1ccc(Oc2ccncn2)cc1,7.585026652029182,6.0051891578181165
scaffold,2,ligand_only,FRK_11409972,FRK,O=C(Nc1ccc(CN2CCNCC2)cc1)Nc1ccc(Oc2ccncn2)cc1,7.585026652029182,6.355945611509018
scaffold,2,ligand_target_id,FRK_11409972,FRK,O=C(Nc1ccc(CN2CCNCC2)cc1)Nc1ccc(Oc2ccncn2)cc1,7.585026652029182,6.223373909022828
scaffold,2,ligand_sequence,FRK_11409972,FRK,O=C(Nc1ccc(CN2CCNCC2)cc1)Nc1ccc(Oc2ccncn2)cc1,7.585026652029182,6.239326088161534
scaffold,2,ligand_boltz,FRK_11409972,FRK,O=C(Nc1ccc(CN2CCNCC2)cc1)Nc1ccc(Oc2ccncn2)cc1,7.585026652029182,6.208034242798484
scaffold,2,mean,FRK_135398510,FRK,O=c1[nH]c2ccccc2cc1-c1nc2ccc(N3CCNCC3)cc2[nH]1,5.638272163982407,6.307436892779303
scaffold,2,target_mean,FRK_135398510,FRK,O=c1[nH]c2ccccc2cc1-c1nc2ccc(N3CCNCC3)cc2[nH]1,5.638272163982407,6.0051891578181165
scaffold,2,ligand_only,FRK_135398510,FRK,O=c1[nH]c2ccccc2cc1-c1nc2ccc(N3CCNCC3)cc2[nH]1,5.638272163982407,6.354746911112929
scaffold,2,ligand_target_id,FRK_135398510,FRK,O=c1[nH]c2ccccc2cc1-c1nc2ccc(N3CCNCC3)cc2[nH]1,5.638272163982407,6.220559063591465
scaffold,2,ligand_sequence,FRK_135398510,FRK,O=c1[nH]c2ccccc2cc1-c1nc2ccc(N3CCNCC3)cc2[nH]1,5.638272163982407,6.227426814570342
scaffold,2,ligand_boltz,FRK_135398510,FRK,O=c1[nH]c2ccccc2cc1-c1nc2ccc(N3CCNCC3)cc2[nH]1,5.638272163982407,6.207150141791838
scaffold,2,mean,FRK_216239,FRK,O=C(Nc1ccccc1)Nc1ccc(Oc2ccncc2)cc1,6.292429823902063,6.307436892779303
scaffold,2,target_mean,FRK_216239,FRK,O=C(Nc1ccccc1)Nc1ccc(Oc2ccncc2)cc1,6.292429823902063,6.0051891578181165
scaffold,2,ligand_only,FRK_216239,FRK,O=C(Nc1ccccc1)Nc1ccc(Oc2ccncc2)cc1,6.292429823902063,6.28498044251955
scaffold,2,ligand_target_id,FRK_216239,FRK,O=C(Nc1ccccc1)Nc1ccc(Oc2ccncc2)cc1,6.292429823902063,6.197341825281965
scaffold,2,ligand_sequence,FRK_216239,FRK,O=C(Nc1ccccc1)Nc1ccc(Oc2ccncc2)cc1,6.292429823902063,6.197129469513324
scaffold,2,ligand_boltz,FRK_216239,FRK,O=C(Nc1ccccc1)Nc1ccc(Oc2ccncc2)cc1,6.292429823902063,6.173373269791817
scaffold,2,mean,FRK_451705,FRK,O=C1NCc2c1c1c3ccccc3n3c1c1c2c2ccccc2n1C1CCCC3O1,7.346787486224656,6.307436892779303
scaffold,2,target_mean,FRK_451705,FRK,O=C1NCc2c1c1c3ccccc3n3c1c1c2c2ccccc2n1C1CCCC3O1,7.346787486224656,6.0051891578181165
scaffold,2,ligand_only,FRK_451705,FRK,O=C1NCc2c1c1c3ccccc3n3c1c1c2c2ccccc2n1C1CCCC3O1,7.346787486224656,6.197756162409862
scaffold,2,ligand_target_id,FRK_451705,FRK,O=C1NCc2c1c1c3ccccc3n3c1c1c2c2ccccc2n1C1CCCC3O1,7.346787486224656,6.189981018404751
scaffold,2,ligand_sequence,FRK_451705,FRK,O=C1NCc2c1c1c3ccccc3n3c1c1c2c2ccccc2n1C1CCCC3O1,7.346787486224656,6.168793126461636
scaffold,2,ligand_boltz,FRK_451705,FRK,O=C1NCc2c1c1c3ccccc3n3c1c1c2c2ccccc2n1C1CCCC3O1,7.346787486224656,6.158984766828368
scaffold,2,mean,FRK_24202429,FRK,O=C(NC1CC2OC(C1)n1c3ccccc3c3c4c(c5c6ccccc6n2c5c31)CNC4=O)c1ccccc1,5.619788758288394,6.307436892779303
scaffold,2,target_mean,FRK_24202429,FRK,O=C(NC1CC2OC(C1)n1c3ccccc3c3c4c(c5c6ccccc6n2c5c31)CNC4=O)c1ccccc1,5.619788758288394,6.0051891578181165
scaffold,2,ligand_only,FRK_24202429,FRK,O=C(NC1CC2OC(C1)n1c3ccccc3c3c4c(c5c6ccccc6n2c5c31)CNC4=O)c1ccccc1,5.619788758288394,6.218228979294808
scaffold,2,ligand_target_id,FRK_24202429,FRK,O=C(NC1CC2OC(C1)n1c3ccccc3c3c4c(c5c6ccccc6n2c5c31)CNC4=O)c1ccccc1,5.619788758288394,6.19655066289495
scaffold,2,ligand_sequence,FRK_24202429,FRK,O=C(NC1CC2OC(C1)n1c3ccccc3c3c4c(c5c6ccccc6n2c5c31)CNC4=O)c1ccccc1,5.619788758288394,6.173489578252544
scaffold,2,ligand_boltz,FRK_24202429,FRK,O=C(NC1CC2OC(C1)n1c3ccccc3c3c4c(c5c6ccccc6n2c5c31)CNC4=O)c1ccccc1,5.619788758288394,6.159085668424973
scaffold,2,mean,FRK_156422,FRK,O=C(Nc1ccc(OCCN2CCOCC2)c2ccccc12)Nc1ccnn1-c1ccccc1,5.920818753952375,6.307436892779303
scaffold,2,target_mean,FRK_156422,FRK,O=C(Nc1ccc(OCCN2CCOCC2)c2ccccc12)Nc1ccnn1-c1ccccc1,5.920818753952375,6.0051891578181165
scaffold,2,ligand_only,FRK_156422,FRK,O=C(Nc1ccc(OCCN2CCOCC2)c2ccccc12)Nc1ccnn1-c1ccccc1,5.920818753952375,6.178087842567628
scaffold,2,ligand_target_id,FRK_156422,FRK,O=C(Nc1ccc(OCCN2CCOCC2)c2ccccc12)Nc1ccnn1-c1ccccc1,5.920818753952375,6.1032186912313175
scaffold,2,ligand_sequence,FRK_156422,FRK,O=C(Nc1ccc(OCCN2CCOCC2)c2ccccc12)Nc1ccnn1-c1ccccc1,5.920818753952375,6.099899303285282
scaffold,2,ligand_boltz,FRK_156422,FRK,O=C(Nc1ccc(OCCN2CCOCC2)c2ccccc12)Nc1ccnn1-c1ccccc1,5.920818753952375,6.073831955976153
scaffold,2,mean,FRK_3062316,FRK,O=C(Nc1ccccc1)c1cnc(Nc2cc(N3CCNCC3)ncn2)s1,9.508638306165727,6.307436892779303
scaffold,2,target_mean,FRK_3062316,FRK,O=C(Nc1ccccc1)c1cnc(Nc2cc(N3CCNCC3)ncn2)s1,9.508638306165727,6.0051891578181165
scaffold,2,ligand_only,FRK_3062316,FRK,O=C(Nc1ccccc1)c1cnc(Nc2cc(N3CCNCC3)ncn2)s1,9.508638306165727,6.448697185420149
scaffold,2,ligand_target_id,FRK_3062316,FRK,O=C(Nc1ccccc1)c1cnc(Nc2cc(N3CCNCC3)ncn2)s1,9.508638306165727,6.2169107329122815
scaffold,2,ligand_sequence,FRK_3062316,FRK,O=C(Nc1ccccc1)c1cnc(Nc2cc(N3CCNCC3)ncn2)s1,9.508638306165727,6.270167014291936
scaffold,2,ligand_boltz,FRK_3062316,FRK,O=C(Nc1ccccc1)c1cnc(Nc2cc(N3CCNCC3)ncn2)s1,9.508638306165727,6.237923627244335
scaffold,2,mean,GSK3B_135398510,GSK3B,O=c1[nH]c2ccccc2cc1-c1nc2ccc(N3CCNCC3)cc2[nH]1,6.455931955649724,6.307436892779303
scaffold,2,target_mean,GSK3B_135398510,GSK3B,O=c1[nH]c2ccccc2cc1-c1nc2ccc(N3CCNCC3)cc2[nH]1,6.455931955649724,6.085660962835938
scaffold,2,ligand_only,GSK3B_135398510,GSK3B,O=c1[nH]c2ccccc2cc1-c1nc2ccc(N3CCNCC3)cc2[nH]1,6.455931955649724,6.354746911112929
scaffold,2,ligand_target_id,GSK3B_135398510,GSK3B,O=c1[nH]c2ccccc2cc1-c1nc2ccc(N3CCNCC3)cc2[nH]1,6.455931955649724,6.272067199685691
scaffold,2,ligand_sequence,GSK3B_135398510,GSK3B,O=c1[nH]c2ccccc2cc1-c1nc2ccc(N3CCNCC3)cc2[nH]1,6.455931955649724,6.24376044887246
scaffold,2,ligand_boltz,GSK3B_135398510,GSK3B,O=c1[nH]c2ccccc2cc1-c1nc2ccc(N3CCNCC3)cc2[nH]1,6.455931955649724,6.304432577803856
scaffold,2,mean,GSK3B_451705,GSK3B,O=C1NCc2c1c1c3ccccc3n3c1c1c2c2ccccc2n1C1CCCC3O1,7.161150909262744,6.307436892779303
scaffold,2,target_mean,GSK3B_451705,GSK3B,O=C1NCc2c1c1c3ccccc3n3c1c1c2c2ccccc2n1C1CCCC3O1,7.161150909262744,6.085660962835938
scaffold,2,ligand_only,GSK3B_451705,GSK3B,O=C1NCc2c1c1c3ccccc3n3c1c1c2c2ccccc2n1C1CCCC3O1,7.161150909262744,6.197756162409862
scaffold,2,ligand_target_id,GSK3B_451705,GSK3B,O=C1NCc2c1c1c3ccccc3n3c1c1c2c2ccccc2n1C1CCCC3O1,7.161150909262744,6.198085131123184
scaffold,2,ligand_sequence,GSK3B_451705,GSK3B,O=C1NCc2c1c1c3ccccc3n3c1c1c2c2ccccc2n1C1CCCC3O1,7.161150909262744,6.172686024048712
scaffold,2,ligand_boltz,GSK3B_451705,GSK3B,O=C1NCc2c1c1c3ccccc3n3c1c1c2c2ccccc2n1C1CCCC3O1,7.161150909262744,6.208438262291546
scaffold,2,mean,GSK3B_24202429,GSK3B,O=C(NC1CC2OC(C1)n1c3ccccc3c3c4c(c5c6ccccc6n2c5c31)CNC4=O)c1ccccc1,5.7447274948966935,6.307436892779303
scaffold,2,target_mean,GSK3B_24202429,GSK3B,O=C(NC1CC2OC(C1)n1c3ccccc3c3c4c(c5c6ccccc6n2c5c31)CNC4=O)c1ccccc1,5.7447274948966935,6.085660962835938
scaffold,2,ligand_only,GSK3B_24202429,GSK3B,O=C(NC1CC2OC(C1)n1c3ccccc3c3c4c(c5c6ccccc6n2c5c31)CNC4=O)c1ccccc1,5.7447274948966935,6.218228979294808
scaffold,2,ligand_target_id,GSK3B_24202429,GSK3B,O=C(NC1CC2OC(C1)n1c3ccccc3c3c4c(c5c6ccccc6n2c5c31)CNC4=O)c1ccccc1,5.7447274948966935,6.204922620914826
scaffold,2,ligand_sequence,GSK3B_24202429,GSK3B,O=C(NC1CC2OC(C1)n1c3ccccc3c3c4c(c5c6ccccc6n2c5c31)CNC4=O)c1ccccc1,5.7447274948966935,6.176913347206819
scaffold,2,ligand_boltz,GSK3B_24202429,GSK3B,O=C(NC1CC2OC(C1)n1c3ccccc3c3c4c(c5c6ccccc6n2c5c31)CNC4=O)c1ccccc1,5.7447274948966935,6.219218962709189
scaffold,2,mean,HCK_11409972,HCK,O=C(Nc1ccc(CN2CCNCC2)cc1)Nc1ccc(Oc2ccncn2)cc1,6.055517327849832,6.307436892779303
scaffold,2,target_mean,HCK_11409972,HCK,O=C(Nc1ccc(CN2CCNCC2)cc1)Nc1ccc(Oc2ccncn2)cc1,6.055517327849832,5.742675272612554
scaffold,2,ligand_only,HCK_11409972,HCK,O=C(Nc1ccc(CN2CCNCC2)cc1)Nc1ccc(Oc2ccncn2)cc1,6.055517327849832,6.355945611509018
scaffold,2,ligand_target_id,HCK_11409972,HCK,O=C(Nc1ccc(CN2CCNCC2)cc1)Nc1ccc(Oc2ccncn2)cc1,6.055517327849832,6.141028418063091
scaffold,2,ligand_sequence,HCK_11409972,HCK,O=C(Nc1ccc(CN2CCNCC2)cc1)Nc1ccc(Oc2ccncn2)cc1,6.055517327849832,6.165998821141661
scaffold,2,ligand_boltz,HCK_11409972,HCK,O=C(Nc1ccc(CN2CCNCC2)cc1)Nc1ccc(Oc2ccncn2)cc1,6.055517327849832,6.16718730471191
scaffold,2,mean,HCK_135398510,HCK,O=c1[nH]c2ccccc2cc1-c1nc2ccc(N3CCNCC3)cc2[nH]1,5.481486060122113,6.307436892779303
scaffold,2,target_mean,HCK_135398510,HCK,O=c1[nH]c2ccccc2cc1-c1nc2ccc(N3CCNCC3)cc2[nH]1,5.481486060122113,5.742675272612554
scaffold,2,ligand_only,HCK_135398510,HCK,O=c1[nH]c2ccccc2cc1-c1nc2ccc(N3CCNCC3)cc2[nH]1,5.481486060122113,6.354746911112929
scaffold,2,ligand_target_id,HCK_135398510,HCK,O=c1[nH]c2ccccc2cc1-c1nc2ccc(N3CCNCC3)cc2[nH]1,5.481486060122113,6.1976910276365755
scaffold,2,ligand_sequence,HCK_135398510,HCK,O=c1[nH]c2ccccc2cc1-c1nc2ccc(N3CCNCC3)cc2[nH]1,5.481486060122113,6.17699154719201
scaffold,2,ligand_boltz,HCK_135398510,HCK,O=c1[nH]c2ccccc2cc1-c1nc2ccc(N3CCNCC3)cc2[nH]1,5.481486060122113,6.164902848743638
scaffold,2,mean,HCK_451705,HCK,O=C1NCc2c1c1c3ccccc3n3c1c1c2c2ccccc2n1C1CCCC3O1,7.698970004336019,6.307436892779303
scaffold,2,target_mean,HCK_451705,HCK,O=C1NCc2c1c1c3ccccc3n3c1c1c2c2ccccc2n1C1CCCC3O1,7.698970004336019,5.742675272612554
scaffold,2,ligand_only,HCK_451705,HCK,O=C1NCc2c1c1c3ccccc3n3c1c1c2c2ccccc2n1C1CCCC3O1,7.698970004336019,6.197756162409862
scaffold,2,ligand_target_id,HCK_451705,HCK,O=C1NCc2c1c1c3ccccc3n3c1c1c2c2ccccc2n1C1CCCC3O1,7.698970004336019,6.14181197705252
scaffold,2,ligand_sequence,HCK_451705,HCK,O=C1NCc2c1c1c3ccccc3n3c1c1c2c2ccccc2n1C1CCCC3O1,7.698970004336019,6.12527666654181
scaffold,2,ligand_boltz,HCK_451705,HCK,O=C1NCc2c1c1c3ccccc3n3c1c1c2c2ccccc2n1C1CCCC3O1,7.698970004336019,6.123554091225749
scaffold,2,mean,HCK_24202429,HCK,O=C(NC1CC2OC(C1)n1c3ccccc3c3c4c(c5c6ccccc6n2c5c31)CNC4=O)c1ccccc1,6.142667503568732,6.307436892779303
scaffold,2,target_mean,HCK_24202429,HCK,O=C(NC1CC2OC(C1)n1c3ccccc3c3c4c(c5c6ccccc6n2c5c31)CNC4=O)c1ccccc1,6.142667503568732,5.742675272612554
scaffold,2,ligand_only,HCK_24202429,HCK,O=C(NC1CC2OC(C1)n1c3ccccc3c3c4c(c5c6ccccc6n2c5c31)CNC4=O)c1ccccc1,6.142667503568732,6.218228979294808
scaffold,2,ligand_target_id,HCK_24202429,HCK,O=C(NC1CC2OC(C1)n1c3ccccc3c3c4c(c5c6ccccc6n2c5c31)CNC4=O)c1ccccc1,6.142667503568732,6.134890798861914
scaffold,2,ligand_sequence,HCK_24202429,HCK,O=C(NC1CC2OC(C1)n1c3ccccc3c3c4c(c5c6ccccc6n2c5c31)CNC4=O)c1ccccc1,6.142667503568732,6.119684890779374
scaffold,2,ligand_boltz,HCK_24202429,HCK,O=C(NC1CC2OC(C1)n1c3ccccc3c3c4c(c5c6ccccc6n2c5c31)CNC4=O)c1ccccc1,6.142667503568732,6.115682473019995
scaffold,2,mean,HCK_3062316,HCK,O=C(Nc1ccccc1)c1cnc(Nc2cc(N3CCNCC3)ncn2)s1,9.455931955649724,6.307436892779303
scaffold,2,target_mean,HCK_3062316,HCK,O=C(Nc1ccccc1)c1cnc(Nc2cc(N3CCNCC3)ncn2)s1,9.455931955649724,5.742675272612554
scaffold,2,ligand_only,HCK_3062316,HCK,O=C(Nc1ccccc1)c1cnc(Nc2cc(N3CCNCC3)ncn2)s1,9.455931955649724,6.448697185420149
scaffold,2,ligand_target_id,HCK_3062316,HCK,O=C(Nc1ccccc1)c1cnc(Nc2cc(N3CCNCC3)ncn2)s1,9.455931955649724,6.208190170404957
scaffold,2,ligand_sequence,HCK_3062316,HCK,O=C(Nc1ccccc1)c1cnc(Nc2cc(N3CCNCC3)ncn2)s1,9.455931955649724,6.222182729648654
scaffold,2,ligand_boltz,HCK_3062316,HCK,O=C(Nc1ccccc1)c1cnc(Nc2cc(N3CCNCC3)ncn2)s1,9.455931955649724,6.212374953206266
scaffold,2,mean,LCK_11409972,LCK,O=C(Nc1ccc(CN2CCNCC2)cc1)Nc1ccc(Oc2ccncn2)cc1,7.958607314841775,6.307436892779303
scaffold,2,target_mean,LCK_11409972,LCK,O=C(Nc1ccc(CN2CCNCC2)cc1)Nc1ccc(Oc2ccncn2)cc1,7.958607314841775,6.400185420707053
scaffold,2,ligand_only,LCK_11409972,LCK,O=C(Nc1ccc(CN2CCNCC2)cc1)Nc1ccc(Oc2ccncn2)cc1,7.958607314841775,6.355945611509018
scaffold,2,ligand_target_id,LCK_11409972,LCK,O=C(Nc1ccc(CN2CCNCC2)cc1)Nc1ccc(Oc2ccncn2)cc1,7.958607314841775,6.44834535508918
scaffold,2,ligand_sequence,LCK_11409972,LCK,O=C(Nc1ccc(CN2CCNCC2)cc1)Nc1ccc(Oc2ccncn2)cc1,7.958607314841775,6.370533610826346
scaffold,2,ligand_boltz,LCK_11409972,LCK,O=C(Nc1ccc(CN2CCNCC2)cc1)Nc1ccc(Oc2ccncn2)cc1,7.958607314841775,6.381485897748822
scaffold,2,mean,LCK_135398510,LCK,O=c1[nH]c2ccccc2cc1-c1nc2ccc(N3CCNCC3)cc2[nH]1,6.6020599913279625,6.307436892779303
scaffold,2,target_mean,LCK_135398510,LCK,O=c1[nH]c2ccccc2cc1-c1nc2ccc(N3CCNCC3)cc2[nH]1,6.6020599913279625,6.400185420707053
scaffold,2,ligand_only,LCK_135398510,LCK,O=c1[nH]c2ccccc2cc1-c1nc2ccc(N3CCNCC3)cc2[nH]1,6.6020599913279625,6.354746911112929
scaffold,2,ligand_target_id,LCK_135398510,LCK,O=c1[nH]c2ccccc2cc1-c1nc2ccc(N3CCNCC3)cc2[nH]1,6.6020599913279625,6.369117980389908
scaffold,2,ligand_sequence,LCK_135398510,LCK,O=c1[nH]c2ccccc2cc1-c1nc2ccc(N3CCNCC3)cc2[nH]1,6.6020599913279625,6.315251053838856
scaffold,2,ligand_boltz,LCK_135398510,LCK,O=c1[nH]c2ccccc2cc1-c1nc2ccc(N3CCNCC3)cc2[nH]1,6.6020599913279625,6.311651565201539
scaffold,2,mean,LCK_216239,LCK,O=C(Nc1ccccc1)Nc1ccc(Oc2ccncc2)cc1,5.568636235841012,6.307436892779303
scaffold,2,target_mean,LCK_216239,LCK,O=C(Nc1ccccc1)Nc1ccc(Oc2ccncc2)cc1,5.568636235841012,6.400185420707053
scaffold,2,ligand_only,LCK_216239,LCK,O=C(Nc1ccccc1)Nc1ccc(Oc2ccncc2)cc1,5.568636235841012,6.28498044251955
scaffold,2,ligand_target_id,LCK_216239,LCK,O=C(Nc1ccccc1)Nc1ccc(Oc2ccncc2)cc1,5.568636235841012,6.347820272218504
scaffold,2,ligand_sequence,LCK_216239,LCK,O=C(Nc1ccccc1)Nc1ccc(Oc2ccncc2)cc1,5.568636235841012,6.2875259704340385
scaffold,2,ligand_boltz,LCK_216239,LCK,O=C(Nc1ccccc1)Nc1ccc(Oc2ccncc2)cc1,5.568636235841012,6.292175864059599
scaffold,2,mean,LCK_451705,LCK,O=C1NCc2c1c1c3ccccc3n3c1c1c2c2ccccc2n1C1CCCC3O1,7.522878745280337,6.307436892779303
scaffold,2,target_mean,LCK_451705,LCK,O=C1NCc2c1c1c3ccccc3n3c1c1c2c2ccccc2n1C1CCCC3O1,7.522878745280337,6.400185420707053
scaffold,2,ligand_only,LCK_451705,LCK,O=C1NCc2c1c1c3ccccc3n3c1c1c2c2ccccc2n1C1CCCC3O1,7.522878745280337,6.197756162409862
scaffold,2,ligand_target_id,LCK_451705,LCK,O=C1NCc2c1c1c3ccccc3n3c1c1c2c2ccccc2n1C1CCCC3O1,7.522878745280337,6.256699789513586
scaffold,2,ligand_sequence,LCK_451705,LCK,O=C1NCc2c1c1c3ccccc3n3c1c1c2c2ccccc2n1C1CCCC3O1,7.522878745280337,6.215573329481717
scaffold,2,ligand_boltz,LCK_451705,LCK,O=C1NCc2c1c1c3ccccc3n3c1c1c2c2ccccc2n1C1CCCC3O1,7.522878745280337,6.218260109245507
scaffold,2,mean,LCK_24202429,LCK,O=C(NC1CC2OC(C1)n1c3ccccc3c3c4c(c5c6ccccc6n2c5c31)CNC4=O)c1ccccc1,6.552841968657781,6.307436892779303
scaffold,2,target_mean,LCK_24202429,LCK,O=C(NC1CC2OC(C1)n1c3ccccc3c3c4c(c5c6ccccc6n2c5c31)CNC4=O)c1ccccc1,6.552841968657781,6.400185420707053
scaffold,2,ligand_only,LCK_24202429,LCK,O=C(NC1CC2OC(C1)n1c3ccccc3c3c4c(c5c6ccccc6n2c5c31)CNC4=O)c1ccccc1,6.552841968657781,6.218228979294808
scaffold,2,ligand_target_id,LCK_24202429,LCK,O=C(NC1CC2OC(C1)n1c3ccccc3c3c4c(c5c6ccccc6n2c5c31)CNC4=O)c1ccccc1,6.552841968657781,6.259930701420293
scaffold,2,ligand_sequence,LCK_24202429,LCK,O=C(NC1CC2OC(C1)n1c3ccccc3c3c4c(c5c6ccccc6n2c5c31)CNC4=O)c1ccccc1,6.552841968657781,6.218208066951624
scaffold,2,ligand_boltz,LCK_24202429,LCK,O=C(NC1CC2OC(C1)n1c3ccccc3c3c4c(c5c6ccccc6n2c5c31)CNC4=O)c1ccccc1,6.552841968657781,6.21605355132587
scaffold,2,mean,LCK_156422,LCK,O=C(Nc1ccc(OCCN2CCOCC2)c2ccccc12)Nc1ccnn1-c1ccccc1,5.920818753952375,6.307436892779303
scaffold,2,target_mean,LCK_156422,LCK,O=C(Nc1ccc(OCCN2CCOCC2)c2ccccc12)Nc1ccnn1-c1ccccc1,5.920818753952375,6.400185420707053
scaffold,2,ligand_only,LCK_156422,LCK,O=C(Nc1ccc(OCCN2CCOCC2)c2ccccc12)Nc1ccnn1-c1ccccc1,5.920818753952375,6.178087842567628
scaffold,2,ligand_target_id,LCK_156422,LCK,O=C(Nc1ccc(OCCN2CCOCC2)c2ccccc12)Nc1ccnn1-c1ccccc1,5.920818753952375,6.305931205405911
scaffold,2,ligand_sequence,LCK_156422,LCK,O=C(Nc1ccc(OCCN2CCOCC2)c2ccccc12)Nc1ccnn1-c1ccccc1,5.920818753952375,6.224721413437242
scaffold,2,ligand_boltz,LCK_156422,LCK,O=C(Nc1ccc(OCCN2CCOCC2)c2ccccc12)Nc1ccnn1-c1ccccc1,5.920818753952375,6.247632751787213
scaffold,2,mean,LCK_3062316,LCK,O=C(Nc1ccccc1)c1cnc(Nc2cc(N3CCNCC3)ncn2)s1,9.698970004336019,6.307436892779303
scaffold,2,target_mean,LCK_3062316,LCK,O=C(Nc1ccccc1)c1cnc(Nc2cc(N3CCNCC3)ncn2)s1,9.698970004336019,6.400185420707053
scaffold,2,ligand_only,LCK_3062316,LCK,O=C(Nc1ccccc1)c1cnc(Nc2cc(N3CCNCC3)ncn2)s1,9.698970004336019,6.448697185420149
scaffold,2,ligand_target_id,LCK_3062316,LCK,O=C(Nc1ccccc1)c1cnc(Nc2cc(N3CCNCC3)ncn2)s1,9.698970004336019,6.510304647502677
scaffold,2,ligand_sequence,LCK_3062316,LCK,O=C(Nc1ccccc1)c1cnc(Nc2cc(N3CCNCC3)ncn2)s1,9.698970004336019,6.431352073654707
scaffold,2,ligand_boltz,LCK_3062316,LCK,O=C(Nc1ccccc1)c1cnc(Nc2cc(N3CCNCC3)ncn2)s1,9.698970004336019,6.43155324280273
scaffold,2,mean,SRC_11409972,SRC,O=C(Nc1ccc(CN2CCNCC2)cc1)Nc1ccc(Oc2ccncn2)cc1,6.468521082957745,6.307436892779303
scaffold,2,target_mean,SRC_11409972,SRC,O=C(Nc1ccc(CN2CCNCC2)cc1)Nc1ccc(Oc2ccncn2)cc1,6.468521082957745,5.9340250806250845
scaffold,2,ligand_only,SRC_11409972,SRC,O=C(Nc1ccc(CN2CCNCC2)cc1)Nc1ccc(Oc2ccncn2)cc1,6.468521082957745,6.355945611509018
scaffold,2,ligand_target_id,SRC_11409972,SRC,O=C(Nc1ccc(CN2CCNCC2)cc1)Nc1ccc(Oc2ccncn2)cc1,6.468521082957745,6.252978217665316
scaffold,2,ligand_sequence,SRC_11409972,SRC,O=C(Nc1ccc(CN2CCNCC2)cc1)Nc1ccc(Oc2ccncn2)cc1,6.468521082957745,6.244603973320249
scaffold,2,ligand_boltz,SRC_11409972,SRC,O=C(Nc1ccc(CN2CCNCC2)cc1)Nc1ccc(Oc2ccncn2)cc1,6.468521082957745,6.194065078592728
scaffold,2,mean,SRC_135398510,SRC,O=c1[nH]c2ccccc2cc1-c1nc2ccc(N3CCNCC3)cc2[nH]1,5.7447274948966935,6.307436892779303
scaffold,2,target_mean,SRC_135398510,SRC,O=c1[nH]c2ccccc2cc1-c1nc2ccc(N3CCNCC3)cc2[nH]1,5.7447274948966935,5.9340250806250845
scaffold,2,ligand_only,SRC_135398510,SRC,O=c1[nH]c2ccccc2cc1-c1nc2ccc(N3CCNCC3)cc2[nH]1,5.7447274948966935,6.354746911112929
scaffold,2,ligand_target_id,SRC_135398510,SRC,O=c1[nH]c2ccccc2cc1-c1nc2ccc(N3CCNCC3)cc2[nH]1,5.7447274948966935,6.202586539112486
scaffold,2,ligand_sequence,SRC_135398510,SRC,O=c1[nH]c2ccccc2cc1-c1nc2ccc(N3CCNCC3)cc2[nH]1,5.7447274948966935,6.199643930724435
scaffold,2,ligand_boltz,SRC_135398510,SRC,O=c1[nH]c2ccccc2cc1-c1nc2ccc(N3CCNCC3)cc2[nH]1,5.7447274948966935,6.171052340927734
scaffold,2,mean,SRC_451705,SRC,O=C1NCc2c1c1c3ccccc3n3c1c1c2c2ccccc2n1C1CCCC3O1,7.0655015487564325,6.307436892779303
scaffold,2,target_mean,SRC_451705,SRC,O=C1NCc2c1c1c3ccccc3n3c1c1c2c2ccccc2n1C1CCCC3O1,7.0655015487564325,5.9340250806250845
scaffold,2,ligand_only,SRC_451705,SRC,O=C1NCc2c1c1c3ccccc3n3c1c1c2c2ccccc2n1C1CCCC3O1,7.0655015487564325,6.197756162409862
scaffold,2,ligand_target_id,SRC_451705,SRC,O=C1NCc2c1c1c3ccccc3n3c1c1c2c2ccccc2n1C1CCCC3O1,7.0655015487564325,6.147188593050256
scaffold,2,ligand_sequence,SRC_451705,SRC,O=C1NCc2c1c1c3ccccc3n3c1c1c2c2ccccc2n1C1CCCC3O1,7.0655015487564325,6.138305783444069
scaffold,2,ligand_boltz,SRC_451705,SRC,O=C1NCc2c1c1c3ccccc3n3c1c1c2c2ccccc2n1C1CCCC3O1,7.0655015487564325,6.125674444639009
scaffold,2,mean,SRC_24202429,SRC,O=C(NC1CC2OC(C1)n1c3ccccc3c3c4c(c5c6ccccc6n2c5c31)CNC4=O)c1ccccc1,5.920818753952375,6.307436892779303
scaffold,2,target_mean,SRC_24202429,SRC,O=C(NC1CC2OC(C1)n1c3ccccc3c3c4c(c5c6ccccc6n2c5c31)CNC4=O)c1ccccc1,5.920818753952375,5.9340250806250845
scaffold,2,ligand_only,SRC_24202429,SRC,O=C(NC1CC2OC(C1)n1c3ccccc3c3c4c(c5c6ccccc6n2c5c31)CNC4=O)c1ccccc1,5.920818753952375,6.218228979294808
scaffold,2,ligand_target_id,SRC_24202429,SRC,O=C(NC1CC2OC(C1)n1c3ccccc3c3c4c(c5c6ccccc6n2c5c31)CNC4=O)c1ccccc1,5.920818753952375,6.153809438733006
scaffold,2,ligand_sequence,SRC_24202429,SRC,O=C(NC1CC2OC(C1)n1c3ccccc3c3c4c(c5c6ccccc6n2c5c31)CNC4=O)c1ccccc1,5.920818753952375,6.139500010956472
scaffold,2,ligand_boltz,SRC_24202429,SRC,O=C(NC1CC2OC(C1)n1c3ccccc3c3c4c(c5c6ccccc6n2c5c31)CNC4=O)c1ccccc1,5.920818753952375,6.119534890124726
scaffold,2,mean,SRC_3062316,SRC,O=C(Nc1ccccc1)c1cnc(Nc2cc(N3CCNCC3)ncn2)s1,9.67778070526608,6.307436892779303
scaffold,2,target_mean,SRC_3062316,SRC,O=C(Nc1ccccc1)c1cnc(Nc2cc(N3CCNCC3)ncn2)s1,9.67778070526608,5.9340250806250845
scaffold,2,ligand_only,SRC_3062316,SRC,O=C(Nc1ccccc1)c1cnc(Nc2cc(N3CCNCC3)ncn2)s1,9.67778070526608,6.448697185420149
scaffold,2,ligand_target_id,SRC_3062316,SRC,O=C(Nc1ccccc1)c1cnc(Nc2cc(N3CCNCC3)ncn2)s1,9.67778070526608,6.279756404102836
scaffold,2,ligand_sequence,SRC_3062316,SRC,O=C(Nc1ccccc1)c1cnc(Nc2cc(N3CCNCC3)ncn2)s1,9.67778070526608,6.289369032557076
scaffold,2,ligand_boltz,SRC_3062316,SRC,O=C(Nc1ccccc1)c1cnc(Nc2cc(N3CCNCC3)ncn2)s1,9.67778070526608,6.235800198829121
scaffold,3,mean,AURKA_176870,AURKA,c1ccc(Nc2ncnc3ccccc23)cc1,5.657577319177793,6.449374978310723
scaffold,3,target_mean,AURKA_176870,AURKA,c1ccc(Nc2ncnc3ccccc23)cc1,5.657577319177793,6.267575216003112
scaffold,3,ligand_only,AURKA_176870,AURKA,c1ccc(Nc2ncnc3ccccc23)cc1,5.657577319177793,6.362223537180045
scaffold,3,ligand_target_id,AURKA_176870,AURKA,c1ccc(Nc2ncnc3ccccc23)cc1,5.657577319177793,6.317688266427765
scaffold,3,ligand_sequence,AURKA_176870,AURKA,c1ccc(Nc2ncnc3ccccc23)cc1,5.657577319177793,6.332883622610466
scaffold,3,ligand_boltz,AURKA_176870,AURKA,c1ccc(Nc2ncnc3ccccc23)cc1,5.657577319177793,6.349744968021089
scaffold,3,mean,AURKA_5494449,AURKA,O=C(Nc1ccc(Sc2nc(Nc3cc[nH]n3)cc(N3CCNCC3)n2)cc1)C1CC1,8.387216143280265,6.449374978310723
scaffold,3,target_mean,AURKA_5494449,AURKA,O=C(Nc1ccc(Sc2nc(Nc3cc[nH]n3)cc(N3CCNCC3)n2)cc1)C1CC1,8.387216143280265,6.267575216003112
scaffold,3,ligand_only,AURKA_5494449,AURKA,O=C(Nc1ccc(Sc2nc(Nc3cc[nH]n3)cc(N3CCNCC3)n2)cc1)C1CC1,8.387216143280265,6.713452110753
scaffold,3,ligand_target_id,AURKA_5494449,AURKA,O=C(Nc1ccc(Sc2nc(Nc3cc[nH]n3)cc(N3CCNCC3)n2)cc1)C1CC1,8.387216143280265,6.513178054525877
scaffold,3,ligand_sequence,AURKA_5494449,AURKA,O=C(Nc1ccc(Sc2nc(Nc3cc[nH]n3)cc(N3CCNCC3)n2)cc1)C1CC1,8.387216143280265,6.570516611128838
scaffold,3,ligand_boltz,AURKA_5494449,AURKA,O=C(Nc1ccc(Sc2nc(Nc3cc[nH]n3)cc(N3CCNCC3)n2)cc1)C1CC1,8.387216143280265,6.585750523363257
scaffold,3,mean,AURKA_5330790,AURKA,O=C(c1ccccc1)n1cnc(Nc2ccccc2)n1,6.6020599913279625,6.449374978310723
scaffold,3,target_mean,AURKA_5330790,AURKA,O=C(c1ccccc1)n1cnc(Nc2ccccc2)n1,6.6020599913279625,6.267575216003112
scaffold,3,ligand_only,AURKA_5330790,AURKA,O=C(c1ccccc1)n1cnc(Nc2ccccc2)n1,6.6020599913279625,6.296398682973888
scaffold,3,ligand_target_id,AURKA_5330790,AURKA,O=C(c1ccccc1)n1cnc(Nc2ccccc2)n1,6.6020599913279625,6.321485338919111
scaffold,3,ligand_sequence,AURKA_5330790,AURKA,O=C(c1ccccc1)n1cnc(Nc2ccccc2)n1,6.6020599913279625,6.3137424363072485
scaffold,3,ligand_boltz,AURKA_5330790,AURKA,O=C(c1ccccc1)n1cnc(Nc2ccccc2)n1,6.6020599913279625,6.358979572671571
scaffold,3,mean,AURKB_176870,AURKB,c1ccc(Nc2ncnc3ccccc23)cc1,5.853871964321762,6.449374978310723
scaffold,3,target_mean,AURKB_176870,AURKB,c1ccc(Nc2ncnc3ccccc23)cc1,5.853871964321762,6.802186663862619
scaffold,3,ligand_only,AURKB_176870,AURKB,c1ccc(Nc2ncnc3ccccc23)cc1,5.853871964321762,6.362223537180045
scaffold,3,ligand_target_id,AURKB_176870,AURKB,c1ccc(Nc2ncnc3ccccc23)cc1,5.853871964321762,6.511889168960868
scaffold,3,ligand_sequence,AURKB_176870,AURKB,c1ccc(Nc2ncnc3ccccc23)cc1,5.853871964321762,6.455387451321266
scaffold,3,ligand_boltz,AURKB_176870,AURKB,c1ccc(Nc2ncnc3ccccc23)cc1,5.853871964321762,6.411135272391736
scaffold,3,mean,AURKB_5494449,AURKB,O=C(Nc1ccc(Sc2nc(Nc3cc[nH]n3)cc(N3CCNCC3)n2)cc1)C1CC1,8.130768280269024,6.449374978310723
scaffold,3,target_mean,AURKB_5494449,AURKB,O=C(Nc1ccc(Sc2nc(Nc3cc[nH]n3)cc(N3CCNCC3)n2)cc1)C1CC1,8.130768280269024,6.802186663862619
scaffold,3,ligand_only,AURKB_5494449,AURKB,O=C(Nc1ccc(Sc2nc(Nc3cc[nH]n3)cc(N3CCNCC3)n2)cc1)C1CC1,8.130768280269024,6.713452110753
scaffold,3,ligand_target_id,AURKB_5494449,AURKB,O=C(Nc1ccc(Sc2nc(Nc3cc[nH]n3)cc(N3CCNCC3)n2)cc1)C1CC1,8.130768280269024,6.801478228939116
scaffold,3,ligand_sequence,AURKB_5494449,AURKB,O=C(Nc1ccc(Sc2nc(Nc3cc[nH]n3)cc(N3CCNCC3)n2)cc1)C1CC1,8.130768280269024,6.751127416647512
scaffold,3,ligand_boltz,AURKB_5494449,AURKB,O=C(Nc1ccc(Sc2nc(Nc3cc[nH]n3)cc(N3CCNCC3)n2)cc1)C1CC1,8.130768280269024,6.6695618355871735
scaffold,3,mean,AURKB_5330790,AURKB,O=C(c1ccccc1)n1cnc(Nc2ccccc2)n1,6.795880017344075,6.449374978310723
scaffold,3,target_mean,AURKB_5330790,AURKB,O=C(c1ccccc1)n1cnc(Nc2ccccc2)n1,6.795880017344075,6.802186663862619
scaffold,3,ligand_only,AURKB_5330790,AURKB,O=C(c1ccccc1)n1cnc(Nc2ccccc2)n1,6.795880017344075,6.296398682973888
scaffold,3,ligand_target_id,AURKB_5330790,AURKB,O=C(c1ccccc1)n1cnc(Nc2ccccc2)n1,6.795880017344075,6.467289001874828
scaffold,3,ligand_sequence,AURKB_5330790,AURKB,O=C(c1ccccc1)n1cnc(Nc2ccccc2)n1,6.795880017344075,6.42428179466779
scaffold,3,ligand_boltz,AURKB_5330790,AURKB,O=C(c1ccccc1)n1cnc(Nc2ccccc2)n1,6.795880017344075,6.41345132634106
scaffold,3,mean,AURKC_176870,AURKC,c1ccc(Nc2ncnc3ccccc23)cc1,6.221848749616356,6.449374978310723
scaffold,3,target_mean,AURKC_176870,AURKC,c1ccc(Nc2ncnc3ccccc23)cc1,6.221848749616356,6.588380236811546
scaffold,3,ligand_only,AURKC_176870,AURKC,c1ccc(Nc2ncnc3ccccc23)cc1,6.221848749616356,6.362223537180045
scaffold,3,ligand_target_id,AURKC_176870,AURKC,c1ccc(Nc2ncnc3ccccc23)cc1,6.221848749616356,6.444814261821918
scaffold,3,ligand_sequence,AURKC_176870,AURKC,c1ccc(Nc2ncnc3ccccc23)cc1,6.221848749616356,6.461220758695737
scaffold,3,ligand_boltz,AURKC_176870,AURKC,c1ccc(Nc2ncnc3ccccc23)cc1,6.221848749616356,6.432491798628116
scaffold,3,mean,AURKC_3038522,AURKC,O=C(Nc1ccccc1)N1CCN(c2ncnc3cc(OCCCN4CCCCC4)ccc23)CC1,5.795880017344075,6.449374978310723
scaffold,3,target_mean,AURKC_3038522,AURKC,O=C(Nc1ccccc1)N1CCN(c2ncnc3cc(OCCCN4CCCCC4)ccc23)CC1,5.795880017344075,6.588380236811546
scaffold,3,ligand_only,AURKC_3038522,AURKC,O=C(Nc1ccccc1)N1CCN(c2ncnc3cc(OCCCN4CCCCC4)ccc23)CC1,5.795880017344075,6.405449450498848
scaffold,3,ligand_target_id,AURKC_3038522,AURKC,O=C(Nc1ccccc1)N1CCN(c2ncnc3cc(OCCCN4CCCCC4)ccc23)CC1,5.795880017344075,6.426294300063661
scaffold,3,ligand_sequence,AURKC_3038522,AURKC,O=C(Nc1ccccc1)N1CCN(c2ncnc3cc(OCCCN4CCCCC4)ccc23)CC1,5.795880017344075,6.452536998091787
scaffold,3,ligand_boltz,AURKC_3038522,AURKC,O=C(Nc1ccccc1)N1CCN(c2ncnc3cc(OCCCN4CCCCC4)ccc23)CC1,5.795880017344075,6.424696081550351
scaffold,3,mean,AURKC_5494449,AURKC,O=C(Nc1ccc(Sc2nc(Nc3cc[nH]n3)cc(N3CCNCC3)n2)cc1)C1CC1,8.200659450546418,6.449374978310723
scaffold,3,target_mean,AURKC_5494449,AURKC,O=C(Nc1ccc(Sc2nc(Nc3cc[nH]n3)cc(N3CCNCC3)n2)cc1)C1CC1,8.200659450546418,6.588380236811546
scaffold,3,ligand_only,AURKC_5494449,AURKC,O=C(Nc1ccc(Sc2nc(Nc3cc[nH]n3)cc(N3CCNCC3)n2)cc1)C1CC1,8.200659450546418,6.713452110753
scaffold,3,ligand_target_id,AURKC_5494449,AURKC,O=C(Nc1ccc(Sc2nc(Nc3cc[nH]n3)cc(N3CCNCC3)n2)cc1)C1CC1,8.200659450546418,6.736822838985223
scaffold,3,ligand_sequence,AURKC_5494449,AURKC,O=C(Nc1ccc(Sc2nc(Nc3cc[nH]n3)cc(N3CCNCC3)n2)cc1)C1CC1,8.200659450546418,6.748616815654749
scaffold,3,ligand_boltz,AURKC_5494449,AURKC,O=C(Nc1ccc(Sc2nc(Nc3cc[nH]n3)cc(N3CCNCC3)n2)cc1)C1CC1,8.200659450546418,6.7064360138800865
scaffold,3,mean,AURKC_5330790,AURKC,O=C(c1ccccc1)n1cnc(Nc2ccccc2)n1,7.0655015487564325,6.449374978310723
scaffold,3,target_mean,AURKC_5330790,AURKC,O=C(c1ccccc1)n1cnc(Nc2ccccc2)n1,7.0655015487564325,6.588380236811546
scaffold,3,ligand_only,AURKC_5330790,AURKC,O=C(c1ccccc1)n1cnc(Nc2ccccc2)n1,7.0655015487564325,6.296398682973888
scaffold,3,ligand_target_id,AURKC_5330790,AURKC,O=C(c1ccccc1)n1cnc(Nc2ccccc2)n1,7.0655015487564325,6.4685106215699015
scaffold,3,ligand_sequence,AURKC_5330790,AURKC,O=C(c1ccccc1)n1cnc(Nc2ccccc2)n1,7.0655015487564325,6.466660036608076
scaffold,3,ligand_boltz,AURKC_5330790,AURKC,O=C(c1ccccc1)n1cnc(Nc2ccccc2)n1,7.0655015487564325,6.4487004019667555
scaffold,3,mean,CDK2_5330790,CDK2,O=C(c1ccccc1)n1cnc(Nc2ccccc2)n1,7.638272163982407,6.449374978310723
scaffold,3,target_mean,CDK2_5330790,CDK2,O=C(c1ccccc1)n1cnc(Nc2ccccc2)n1,7.638272163982407,6.632679534086239
scaffold,3,ligand_only,CDK2_5330790,CDK2,O=C(c1ccccc1)n1cnc(Nc2ccccc2)n1,7.638272163982407,6.296398682973888
scaffold,3,ligand_target_id,CDK2_5330790,CDK2,O=C(c1ccccc1)n1cnc(Nc2ccccc2)n1,7.638272163982407,6.310427802330214
scaffold,3,ligand_sequence,CDK2_5330790,CDK2,O=C(c1ccccc1)n1cnc(Nc2ccccc2)n1,7.638272163982407,6.300283631108344
scaffold,3,ligand_boltz,CDK2_5330790,CDK2,O=C(c1ccccc1)n1cnc(Nc2ccccc2)n1,7.638272163982407,6.319292787579454
scaffold,3,mean,CDK7_5330790,CDK7,O=C(c1ccccc1)n1cnc(Nc2ccccc2)n1,6.119186407719209,6.449374978310723
scaffold,3,target_mean,CDK7_5330790,CDK7,O=C(c1ccccc1)n1cnc(Nc2ccccc2)n1,6.119186407719209,6.5711204525469125
scaffold,3,ligand_only,CDK7_5330790,CDK7,O=C(c1ccccc1)n1cnc(Nc2ccccc2)n1,6.119186407719209,6.296398682973888
scaffold,3,ligand_target_id,CDK7_5330790,CDK7,O=C(c1ccccc1)n1cnc(Nc2ccccc2)n1,6.119186407719209,6.288157493641403
scaffold,3,ligand_sequence,CDK7_5330790,CDK7,O=C(c1ccccc1)n1cnc(Nc2ccccc2)n1,6.119186407719209,6.294213034855921
scaffold,3,ligand_boltz,CDK7_5330790,CDK7,O=C(c1ccccc1)n1cnc(Nc2ccccc2)n1,6.119186407719209,6.305861885212351
scaffold,3,mean,CSNK1D_176870,CSNK1D,c1ccc(Nc2ncnc3ccccc23)cc1,5.455931955649724,6.449374978310723
scaffold,3,target_mean,CSNK1D_176870,CSNK1D,c1ccc(Nc2ncnc3ccccc23)cc1,5.455931955649724,6.508899096516485
scaffold,3,ligand_only,CSNK1D_176870,CSNK1D,c1ccc(Nc2ncnc3ccccc23)cc1,5.455931955649724,6.362223537180045
scaffold,3,ligand_target_id,CSNK1D_176870,CSNK1D,c1ccc(Nc2ncnc3ccccc23)cc1,5.455931955649724,6.335054134988762
scaffold,3,ligand_sequence,CSNK1D_176870,CSNK1D,c1ccc(Nc2ncnc3ccccc23)cc1,5.455931955649724,6.293974470192658
scaffold,3,ligand_boltz,CSNK1D_176870,CSNK1D,c1ccc(Nc2ncnc3ccccc23)cc1,5.455931955649724,6.2774880874317
scaffold,3,mean,CSNK1D_4521392,CSNK1D,c1ccc(-c2nc(-c3ccc4c(c3)OCO4)c(-c3ccccn3)[nH]2)cc1,6.769551078621726,6.449374978310723
scaffold,3,target_mean,CSNK1D_4521392,CSNK1D,c1ccc(-c2nc(-c3ccc4c(c3)OCO4)c(-c3ccccn3)[nH]2)cc1,6.769551078621726,6.508899096516485
scaffold,3,ligand_only,CSNK1D_4521392,CSNK1D,c1ccc(-c2nc(-c3ccc4c(c3)OCO4)c(-c3ccccn3)[nH]2)cc1,6.769551078621726,6.318989098853656
scaffold,3,ligand_target_id,CSNK1D_4521392,CSNK1D,c1ccc(-c2nc(-c3ccc4c(c3)OCO4)c(-c3ccccn3)[nH]2)cc1,6.769551078621726,6.434547425291911
scaffold,3,ligand_sequence,CSNK1D_4521392,CSNK1D,c1ccc(-c2nc(-c3ccc4c(c3)OCO4)c(-c3ccccn3)[nH]2)cc1,6.769551078621726,6.38991575084171
scaffold,3,ligand_boltz,CSNK1D_4521392,CSNK1D,c1ccc(-c2nc(-c3ccc4c(c3)OCO4)c(-c3ccccn3)[nH]2)cc1,6.769551078621726,6.391699600279301
scaffold,3,mean,CSNK1E_4521392,CSNK1E,c1ccc(-c2nc(-c3ccc4c(c3)OCO4)c(-c3ccccn3)[nH]2)cc1,6.585026652029182,6.449374978310723
scaffold,3,target_mean,CSNK1E_4521392,CSNK1E,c1ccc(-c2nc(-c3ccc4c(c3)OCO4)c(-c3ccccn3)[nH]2)cc1,6.585026652029182,6.490765950405045
scaffold,3,ligand_only,CSNK1E_4521392,CSNK1E,c1ccc(-c2nc(-c3ccc4c(c3)OCO4)c(-c3ccccn3)[nH]2)cc1,6.585026652029182,6.318989098853656
scaffold,3,ligand_target_id,CSNK1E_4521392,CSNK1E,c1ccc(-c2nc(-c3ccc4c(c3)OCO4)c(-c3ccccn3)[nH]2)cc1,6.585026652029182,6.393441749651708
scaffold,3,ligand_sequence,CSNK1E_4521392,CSNK1E,c1ccc(-c2nc(-c3ccc4c(c3)OCO4)c(-c3ccccn3)[nH]2)cc1,6.585026652029182,6.368991220380883
scaffold,3,ligand_boltz,CSNK1E_4521392,CSNK1E,c1ccc(-c2nc(-c3ccc4c(c3)OCO4)c(-c3ccccn3)[nH]2)cc1,6.585026652029182,6.3887766942537185
scaffold,3,mean,CSNK1E_5330790,CSNK1E,O=C(c1ccccc1)n1cnc(Nc2ccccc2)n1,5.443697499232712,6.449374978310723
scaffold,3,target_mean,CSNK1E_5330790,CSNK1E,O=C(c1ccccc1)n1cnc(Nc2ccccc2)n1,5.443697499232712,6.490765950405045
scaffold,3,ligand_only,CSNK1E_5330790,CSNK1E,O=C(c1ccccc1)n1cnc(Nc2ccccc2)n1,5.443697499232712,6.296398682973888
scaffold,3,ligand_target_id,CSNK1E_5330790,CSNK1E,O=C(c1ccccc1)n1cnc(Nc2ccccc2)n1,5.443697499232712,6.330263825208921
scaffold,3,ligand_sequence,CSNK1E_5330790,CSNK1E,O=C(c1ccccc1)n1cnc(Nc2ccccc2)n1,5.443697499232712,6.297571438797593
scaffold,3,ligand_boltz,CSNK1E_5330790,CSNK1E,O=C(c1ccccc1)n1cnc(Nc2ccccc2)n1,5.443697499232712,6.321481936636489
scaffold,3,mean,FRK_176870,FRK,c1ccc(Nc2ncnc3ccccc23)cc1,5.698970004336019,6.449374978310723
scaffold,3,target_mean,FRK_176870,FRK,c1ccc(Nc2ncnc3ccccc23)cc1,5.698970004336019,6.34954025872313
scaffold,3,ligand_only,FRK_176870,FRK,c1ccc(Nc2ncnc3ccccc23)cc1,5.698970004336019,6.362223537180045
scaffold,3,ligand_target_id,FRK_176870,FRK,c1ccc(Nc2ncnc3ccccc23)cc1,5.698970004336019,6.363181113307139
scaffold,3,ligand_sequence,FRK_176870,FRK,c1ccc(Nc2ncnc3ccccc23)cc1,5.698970004336019,6.356388954818185
scaffold,3,ligand_boltz,FRK_176870,FRK,c1ccc(Nc2ncnc3ccccc23)cc1,5.698970004336019,6.317469391647624
scaffold,3,mean,FRK_5494449,FRK,O=C(Nc1ccc(Sc2nc(Nc3cc[nH]n3)cc(N3CCNCC3)n2)cc1)C1CC1,5.42021640338319,6.449374978310723
scaffold,3,target_mean,FRK_5494449,FRK,O=C(Nc1ccc(Sc2nc(Nc3cc[nH]n3)cc(N3CCNCC3)n2)cc1)C1CC1,5.42021640338319,6.34954025872313
scaffold,3,ligand_only,FRK_5494449,FRK,O=C(Nc1ccc(Sc2nc(Nc3cc[nH]n3)cc(N3CCNCC3)n2)cc1)C1CC1,5.42021640338319,6.713452110753
scaffold,3,ligand_target_id,FRK_5494449,FRK,O=C(Nc1ccc(Sc2nc(Nc3cc[nH]n3)cc(N3CCNCC3)n2)cc1)C1CC1,5.42021640338319,6.726989417396933
scaffold,3,ligand_sequence,FRK_5494449,FRK,O=C(Nc1ccc(Sc2nc(Nc3cc[nH]n3)cc(N3CCNCC3)n2)cc1)C1CC1,5.42021640338319,6.714676888909279
scaffold,3,ligand_boltz,FRK_5494449,FRK,O=C(Nc1ccc(Sc2nc(Nc3cc[nH]n3)cc(N3CCNCC3)n2)cc1)C1CC1,5.42021640338319,6.691365761896357
scaffold,3,mean,FRK_11656518,FRK,c1ccc(Nc2nc3cc(Oc4ccnc(-c5ncc[nH]5)c4)ccc3[nH]2)cc1,6.229147988357856,6.449374978310723
scaffold,3,target_mean,FRK_11656518,FRK,c1ccc(Nc2nc3cc(Oc4ccnc(-c5ncc[nH]5)c4)ccc3[nH]2)cc1,6.229147988357856,6.34954025872313
scaffold,3,ligand_only,FRK_11656518,FRK,c1ccc(Nc2nc3cc(Oc4ccnc(-c5ncc[nH]5)c4)ccc3[nH]2)cc1,6.229147988357856,6.352777303043322
scaffold,3,ligand_target_id,FRK_11656518,FRK,c1ccc(Nc2nc3cc(Oc4ccnc(-c5ncc[nH]5)c4)ccc3[nH]2)cc1,6.229147988357856,6.343452017085352
scaffold,3,ligand_sequence,FRK_11656518,FRK,c1ccc(Nc2nc3cc(Oc4ccnc(-c5ncc[nH]5)c4)ccc3[nH]2)cc1,6.229147988357856,6.3246790394224925
scaffold,3,ligand_boltz,FRK_11656518,FRK,c1ccc(Nc2nc3cc(Oc4ccnc(-c5ncc[nH]5)c4)ccc3[nH]2)cc1,6.229147988357856,6.300216288908632
scaffold,3,mean,GSK3B_5330790,GSK3B,O=C(c1ccccc1)n1cnc(Nc2ccccc2)n1,6.022276394711152,6.449374978310723
scaffold,3,target_mean,GSK3B_5330790,GSK3B,O=C(c1ccccc1)n1cnc(Nc2ccccc2)n1,6.022276394711152,6.231687467764203
scaffold,3,ligand_only,GSK3B_5330790,GSK3B,O=C(c1ccccc1)n1cnc(Nc2ccccc2)n1,6.022276394711152,6.296398682973888
scaffold,3,ligand_target_id,GSK3B_5330790,GSK3B,O=C(c1ccccc1)n1cnc(Nc2ccccc2)n1,6.022276394711152,6.302751519182551
scaffold,3,ligand_sequence,GSK3B_5330790,GSK3B,O=C(c1ccccc1)n1cnc(Nc2ccccc2)n1,6.022276394711152,6.248022796647588
scaffold,3,ligand_boltz,GSK3B_5330790,GSK3B,O=C(c1ccccc1)n1cnc(Nc2ccccc2)n1,6.022276394711152,6.2952105658352595
scaffold,3,mean,HCK_176870,HCK,c1ccc(Nc2ncnc3ccccc23)cc1,5.7447274948966935,6.449374978310723
scaffold,3,target_mean,HCK_176870,HCK,c1ccc(Nc2ncnc3ccccc23)cc1,5.7447274948966935,6.199675332984837
scaffold,3,ligand_only,HCK_176870,HCK,c1ccc(Nc2ncnc3ccccc23)cc1,5.7447274948966935,6.362223537180045
scaffold,3,ligand_target_id,HCK_176870,HCK,c1ccc(Nc2ncnc3ccccc23)cc1,5.7447274948966935,6.179494101283883
scaffold,3,ligand_sequence,HCK_176870,HCK,c1ccc(Nc2ncnc3ccccc23)cc1,5.7447274948966935,6.224713562480956
scaffold,3,ligand_boltz,HCK_176870,HCK,c1ccc(Nc2ncnc3ccccc23)cc1,5.7447274948966935,6.257694681207711
scaffold,3,mean,HCK_11656518,HCK,c1ccc(Nc2nc3cc(Oc4ccnc(-c5ncc[nH]5)c4)ccc3[nH]2)cc1,5.920818753952375,6.449374978310723
scaffold,3,target_mean,HCK_11656518,HCK,c1ccc(Nc2nc3cc(Oc4ccnc(-c5ncc[nH]5)c4)ccc3[nH]2)cc1,5.920818753952375,6.199675332984837
scaffold,3,ligand_only,HCK_11656518,HCK,c1ccc(Nc2nc3cc(Oc4ccnc(-c5ncc[nH]5)c4)ccc3[nH]2)cc1,5.920818753952375,6.352777303043322
scaffold,3,ligand_target_id,HCK_11656518,HCK,c1ccc(Nc2nc3cc(Oc4ccnc(-c5ncc[nH]5)c4)ccc3[nH]2)cc1,5.920818753952375,6.229514484216989
scaffold,3,ligand_sequence,HCK_11656518,HCK,c1ccc(Nc2nc3cc(Oc4ccnc(-c5ncc[nH]5)c4)ccc3[nH]2)cc1,5.920818753952375,6.227257209437796
scaffold,3,ligand_boltz,HCK_11656518,HCK,c1ccc(Nc2nc3cc(Oc4ccnc(-c5ncc[nH]5)c4)ccc3[nH]2)cc1,5.920818753952375,6.238375357446081
scaffold,3,mean,LCK_176870,LCK,c1ccc(Nc2ncnc3ccccc23)cc1,6.6020599913279625,6.449374978310723
scaffold,3,target_mean,LCK_176870,LCK,c1ccc(Nc2ncnc3ccccc23)cc1,6.6020599913279625,6.6008292849487535
scaffold,3,ligand_only,LCK_176870,LCK,c1ccc(Nc2ncnc3ccccc23)cc1,6.6020599913279625,6.362223537180045
scaffold,3,ligand_target_id,LCK_176870,LCK,c1ccc(Nc2ncnc3ccccc23)cc1,6.6020599913279625,6.565346724242889
scaffold,3,ligand_sequence,LCK_176870,LCK,c1ccc(Nc2ncnc3ccccc23)cc1,6.6020599913279625,6.484369867613895
scaffold,3,ligand_boltz,LCK_176870,LCK,c1ccc(Nc2ncnc3ccccc23)cc1,6.6020599913279625,6.5079926371958265
scaffold,3,mean,LCK_5494449,LCK,O=C(Nc1ccc(Sc2nc(Nc3cc[nH]n3)cc(N3CCNCC3)n2)cc1)C1CC1,7.214670164989233,6.449374978310723
scaffold,3,target_mean,LCK_5494449,LCK,O=C(Nc1ccc(Sc2nc(Nc3cc[nH]n3)cc(N3CCNCC3)n2)cc1)C1CC1,7.214670164989233,6.6008292849487535
scaffold,3,ligand_only,LCK_5494449,LCK,O=C(Nc1ccc(Sc2nc(Nc3cc[nH]n3)cc(N3CCNCC3)n2)cc1)C1CC1,7.214670164989233,6.713452110753
scaffold,3,ligand_target_id,LCK_5494449,LCK,O=C(Nc1ccc(Sc2nc(Nc3cc[nH]n3)cc(N3CCNCC3)n2)cc1)C1CC1,7.214670164989233,6.855767816249442
scaffold,3,ligand_sequence,LCK_5494449,LCK,O=C(Nc1ccc(Sc2nc(Nc3cc[nH]n3)cc(N3CCNCC3)n2)cc1)C1CC1,7.214670164989233,6.81796689128494
scaffold,3,ligand_boltz,LCK_5494449,LCK,O=C(Nc1ccc(Sc2nc(Nc3cc[nH]n3)cc(N3CCNCC3)n2)cc1)C1CC1,7.214670164989233,6.835944159953335
scaffold,3,mean,LCK_11656518,LCK,c1ccc(Nc2nc3cc(Oc4ccnc(-c5ncc[nH]5)c4)ccc3[nH]2)cc1,6.1938200260161125,6.449374978310723
scaffold,3,target_mean,LCK_11656518,LCK,c1ccc(Nc2nc3cc(Oc4ccnc(-c5ncc[nH]5)c4)ccc3[nH]2)cc1,6.1938200260161125,6.6008292849487535
scaffold,3,ligand_only,LCK_11656518,LCK,c1ccc(Nc2nc3cc(Oc4ccnc(-c5ncc[nH]5)c4)ccc3[nH]2)cc1,6.1938200260161125,6.352777303043322
scaffold,3,ligand_target_id,LCK_11656518,LCK,c1ccc(Nc2nc3cc(Oc4ccnc(-c5ncc[nH]5)c4)ccc3[nH]2)cc1,6.1938200260161125,6.440875420891354
scaffold,3,ligand_sequence,LCK_11656518,LCK,c1ccc(Nc2nc3cc(Oc4ccnc(-c5ncc[nH]5)c4)ccc3[nH]2)cc1,6.1938200260161125,6.388705145160772
scaffold,3,ligand_boltz,LCK_11656518,LCK,c1ccc(Nc2nc3cc(Oc4ccnc(-c5ncc[nH]5)c4)ccc3[nH]2)cc1,6.1938200260161125,6.396211856879827
scaffold,3,mean,SRC_176870,SRC,c1ccc(Nc2ncnc3ccccc23)cc1,6.154901959985743,6.449374978310723
scaffold,3,target_mean,SRC_176870,SRC,c1ccc(Nc2ncnc3ccccc23)cc1,6.154901959985743,6.209107685367079
scaffold,3,ligand_only,SRC_176870,SRC,c1ccc(Nc2ncnc3ccccc23)cc1,6.154901959985743,6.362223537180045
scaffold,3,ligand_target_id,SRC_176870,SRC,c1ccc(Nc2ncnc3ccccc23)cc1,6.154901959985743,6.348450083491404
scaffold,3,ligand_sequence,SRC_176870,SRC,c1ccc(Nc2ncnc3ccccc23)cc1,6.154901959985743,6.334002129233019
scaffold,3,ligand_boltz,SRC_176870,SRC,c1ccc(Nc2ncnc3ccccc23)cc1,6.154901959985743,6.2977674338201055
scaffold,3,mean,SRC_5494449,SRC,O=C(Nc1ccc(Sc2nc(Nc3cc[nH]n3)cc(N3CCNCC3)n2)cc1)C1CC1,6.769551078621726,6.449374978310723
scaffold,3,target_mean,SRC_5494449,SRC,O=C(Nc1ccc(Sc2nc(Nc3cc[nH]n3)cc(N3CCNCC3)n2)cc1)C1CC1,6.769551078621726,6.209107685367079
scaffold,3,ligand_only,SRC_5494449,SRC,O=C(Nc1ccc(Sc2nc(Nc3cc[nH]n3)cc(N3CCNCC3)n2)cc1)C1CC1,6.769551078621726,6.713452110753
scaffold,3,ligand_target_id,SRC_5494449,SRC,O=C(Nc1ccc(Sc2nc(Nc3cc[nH]n3)cc(N3CCNCC3)n2)cc1)C1CC1,6.769551078621726,6.65119518043151
scaffold,3,ligand_sequence,SRC_5494449,SRC,O=C(Nc1ccc(Sc2nc(Nc3cc[nH]n3)cc(N3CCNCC3)n2)cc1)C1CC1,6.769551078621726,6.659426454181435
scaffold,3,ligand_boltz,SRC_5494449,SRC,O=C(Nc1ccc(Sc2nc(Nc3cc[nH]n3)cc(N3CCNCC3)n2)cc1)C1CC1,6.769551078621726,6.660769519505856
scaffold,3,mean,SRC_11656518,SRC,c1ccc(Nc2nc3cc(Oc4ccnc(-c5ncc[nH]5)c4)ccc3[nH]2)cc1,5.958607314841775,6.449374978310723
scaffold,3,target_mean,SRC_11656518,SRC,c1ccc(Nc2nc3cc(Oc4ccnc(-c5ncc[nH]5)c4)ccc3[nH]2)cc1,5.958607314841775,6.209107685367079
scaffold,3,ligand_only,SRC_11656518,SRC,c1ccc(Nc2nc3cc(Oc4ccnc(-c5ncc[nH]5)c4)ccc3[nH]2)cc1,5.958607314841775,6.352777303043322
scaffold,3,ligand_target_id,SRC_11656518,SRC,c1ccc(Nc2nc3cc(Oc4ccnc(-c5ncc[nH]5)c4)ccc3[nH]2)cc1,5.958607314841775,6.277742735979024
scaffold,3,ligand_sequence,SRC_11656518,SRC,c1ccc(Nc2nc3cc(Oc4ccnc(-c5ncc[nH]5)c4)ccc3[nH]2)cc1,5.958607314841775,6.2688224278771685
scaffold,3,ligand_boltz,SRC_11656518,SRC,c1ccc(Nc2nc3cc(Oc4ccnc(-c5ncc[nH]5)c4)ccc3[nH]2)cc1,5.958607314841775,6.248341328902972
scaffold,4,mean,AURKA_5329102,AURKA,O=C1Nc2ccccc2C1=Cc1ccc[nH]1,5.769551078621726,6.461173321149888
scaffold,4,target_mean,AURKA_5329102,AURKA,O=C1Nc2ccccc2C1=Cc1ccc[nH]1,5.769551078621726,6.314535273314672
scaffold,4,ligand_only,AURKA_5329102,AURKA,O=C1Nc2ccccc2C1=Cc1ccc[nH]1,5.769551078621726,6.518386823098068
scaffold,4,ligand_target_id,AURKA_5329102,AURKA,O=C1Nc2ccccc2C1=Cc1ccc[nH]1,5.769551078621726,6.445977831079125
scaffold,4,ligand_sequence,AURKA_5329102,AURKA,O=C1Nc2ccccc2C1=Cc1ccc[nH]1,5.769551078621726,6.472608356370279
scaffold,4,ligand_boltz,AURKA_5329102,AURKA,O=C1Nc2ccccc2C1=Cc1ccc[nH]1,5.769551078621726,6.528120805682847
scaffold,4,mean,AURKA_11712649,AURKA,c1ccc(Nc2ncc3c(n2)-c2ccccc2C(c2ccccc2)=NC3)cc1,8.187086643357144,6.461173321149888
scaffold,4,target_mean,AURKA_11712649,AURKA,c1ccc(Nc2ncc3c(n2)-c2ccccc2C(c2ccccc2)=NC3)cc1,8.187086643357144,6.314535273314672
scaffold,4,ligand_only,AURKA_11712649,AURKA,c1ccc(Nc2ncc3c(n2)-c2ccccc2C(c2ccccc2)=NC3)cc1,8.187086643357144,6.450193125649531
scaffold,4,ligand_target_id,AURKA_11712649,AURKA,c1ccc(Nc2ncc3c(n2)-c2ccccc2C(c2ccccc2)=NC3)cc1,8.187086643357144,6.380699807381284
scaffold,4,ligand_sequence,AURKA_11712649,AURKA,c1ccc(Nc2ncc3c(n2)-c2ccccc2C(c2ccccc2)=NC3)cc1,8.187086643357144,6.398336009339383
scaffold,4,ligand_boltz,AURKA_11712649,AURKA,c1ccc(Nc2ncc3c(n2)-c2ccccc2C(c2ccccc2)=NC3)cc1,8.187086643357144,6.425282045188999
scaffold,4,mean,AURKB_5329102,AURKB,O=C1Nc2ccccc2C1=Cc1ccc[nH]1,6.42021640338319,6.461173321149888
scaffold,4,target_mean,AURKB_5329102,AURKB,O=C1Nc2ccccc2C1=Cc1ccc[nH]1,6.42021640338319,6.854711786979971
scaffold,4,ligand_only,AURKB_5329102,AURKB,O=C1Nc2ccccc2C1=Cc1ccc[nH]1,6.42021640338319,6.518386823098068
scaffold,4,ligand_target_id,AURKB_5329102,AURKB,O=C1Nc2ccccc2C1=Cc1ccc[nH]1,6.42021640338319,6.678093014220447
scaffold,4,ligand_sequence,AURKB_5329102,AURKB,O=C1Nc2ccccc2C1=Cc1ccc[nH]1,6.42021640338319,6.6315127624811
scaffold,4,ligand_boltz,AURKB_5329102,AURKB,O=C1Nc2ccccc2C1=Cc1ccc[nH]1,6.42021640338319,6.59982234038902
scaffold,4,mean,AURKB_10138259,AURKB,O=C1Nc2ccccc2C1=Cc1cc(C(=O)NCCCN2CCOCC2)c[nH]1,6.468521082957745,6.461173321149888
scaffold,4,target_mean,AURKB_10138259,AURKB,O=C1Nc2ccccc2C1=Cc1cc(C(=O)NCCCN2CCOCC2)c[nH]1,6.468521082957745,6.854711786979971
scaffold,4,ligand_only,AURKB_10138259,AURKB,O=C1Nc2ccccc2C1=Cc1cc(C(=O)NCCCN2CCOCC2)c[nH]1,6.468521082957745,6.496721075504204
scaffold,4,ligand_target_id,AURKB_10138259,AURKB,O=C1Nc2ccccc2C1=Cc1cc(C(=O)NCCCN2CCOCC2)c[nH]1,6.468521082957745,6.614571004263065
scaffold,4,ligand_sequence,AURKB_10138259,AURKB,O=C1Nc2ccccc2C1=Cc1cc(C(=O)NCCCN2CCOCC2)c[nH]1,6.468521082957745,6.575865304453551
scaffold,4,ligand_boltz,AURKB_10138259,AURKB,O=C1Nc2ccccc2C1=Cc1cc(C(=O)NCCCN2CCOCC2)c[nH]1,6.468521082957745,6.559917570659497
scaffold,4,mean,AURKB_11712649,AURKB,c1ccc(Nc2ncc3c(n2)-c2ccccc2C(c2ccccc2)=NC3)cc1,7.366531544420414,6.461173321149888
scaffold,4,target_mean,AURKB_11712649,AURKB,c1ccc(Nc2ncc3c(n2)-c2ccccc2C(c2ccccc2)=NC3)cc1,7.366531544420414,6.854711786979971
scaffold,4,ligand_only,AURKB_11712649,AURKB,c1ccc(Nc2ncc3c(n2)-c2ccccc2C(c2ccccc2)=NC3)cc1,7.366531544420414,6.450193125649531
scaffold,4,ligand_target_id,AURKB_11712649,AURKB,c1ccc(Nc2ncc3c(n2)-c2ccccc2C(c2ccccc2)=NC3)cc1,7.366531544420414,6.575236594884114
scaffold,4,ligand_sequence,AURKB_11712649,AURKB,c1ccc(Nc2ncc3c(n2)-c2ccccc2C(c2ccccc2)=NC3)cc1,7.366531544420414,6.536144783305612
scaffold,4,ligand_boltz,AURKB_11712649,AURKB,c1ccc(Nc2ncc3c(n2)-c2ccccc2C(c2ccccc2)=NC3)cc1,7.366531544420414,6.491300933534265
scaffold,4,mean,AURKC_5329102,AURKC,O=C1Nc2ccccc2C1=Cc1ccc[nH]1,6.657577319177793,6.461173321149888
scaffold,4,target_mean,AURKC_5329102,AURKC,O=C1Nc2ccccc2C1=Cc1ccc[nH]1,6.657577319177793,6.612472941953106
scaffold,4,ligand_only,AURKC_5329102,AURKC,O=C1Nc2ccccc2C1=Cc1ccc[nH]1,6.657577319177793,6.518386823098068
scaffold,4,ligand_target_id,AURKC_5329102,AURKC,O=C1Nc2ccccc2C1=Cc1ccc[nH]1,6.657577319177793,6.645563391414371
scaffold,4,ligand_sequence,AURKC_5329102,AURKC,O=C1Nc2ccccc2C1=Cc1ccc[nH]1,6.657577319177793,6.6591281816552925
scaffold,4,ligand_boltz,AURKC_5329102,AURKC,O=C1Nc2ccccc2C1=Cc1ccc[nH]1,6.657577319177793,6.637046466049931
scaffold,4,mean,AURKC_10138259,AURKC,O=C1Nc2ccccc2C1=Cc1cc(C(=O)NCCCN2CCOCC2)c[nH]1,6.0915149811213505,6.461173321149888
scaffold,4,target_mean,AURKC_10138259,AURKC,O=C1Nc2ccccc2C1=Cc1cc(C(=O)NCCCN2CCOCC2)c[nH]1,6.0915149811213505,6.612472941953106
scaffold,4,ligand_only,AURKC_10138259,AURKC,O=C1Nc2ccccc2C1=Cc1cc(C(=O)NCCCN2CCOCC2)c[nH]1,6.0915149811213505,6.496721075504204
scaffold,4,ligand_target_id,AURKC_10138259,AURKC,O=C1Nc2ccccc2C1=Cc1cc(C(=O)NCCCN2CCOCC2)c[nH]1,6.0915149811213505,6.563875823881
scaffold,4,ligand_sequence,AURKC_10138259,AURKC,O=C1Nc2ccccc2C1=Cc1cc(C(=O)NCCCN2CCOCC2)c[nH]1,6.0915149811213505,6.581736035306288
scaffold,4,ligand_boltz,AURKC_10138259,AURKC,O=C1Nc2ccccc2C1=Cc1cc(C(=O)NCCCN2CCOCC2)c[nH]1,6.0915149811213505,6.570937555129104
scaffold,4,mean,AURKC_11712649,AURKC,c1ccc(Nc2ncc3c(n2)-c2ccccc2C(c2ccccc2)=NC3)cc1,7.585026652029182,6.461173321149888
scaffold,4,target_mean,AURKC_11712649,AURKC,c1ccc(Nc2ncc3c(n2)-c2ccccc2C(c2ccccc2)=NC3)cc1,7.585026652029182,6.612472941953106
scaffold,4,ligand_only,AURKC_11712649,AURKC,c1ccc(Nc2ncc3c(n2)-c2ccccc2C(c2ccccc2)=NC3)cc1,7.585026652029182,6.450193125649531
scaffold,4,ligand_target_id,AURKC_11712649,AURKC,c1ccc(Nc2ncc3c(n2)-c2ccccc2C(c2ccccc2)=NC3)cc1,7.585026652029182,6.561031409016578
scaffold,4,ligand_sequence,AURKC_11712649,AURKC,c1ccc(Nc2ncc3c(n2)-c2ccccc2C(c2ccccc2)=NC3)cc1,7.585026652029182,6.5734814689391365
scaffold,4,ligand_boltz,AURKC_11712649,AURKC,c1ccc(Nc2ncc3c(n2)-c2ccccc2C(c2ccccc2)=NC3)cc1,7.585026652029182,6.545100495005427
scaffold,4,mean,CDK2_160355,CDK2,c1ccc(CNc2ncnc3[nH]cnc23)cc1,5.468521082957745,6.461173321149888
scaffold,4,target_mean,CDK2_160355,CDK2,c1ccc(CNc2ncnc3[nH]cnc23)cc1,5.468521082957745,7.066629750291172
scaffold,4,ligand_only,CDK2_160355,CDK2,c1ccc(CNc2ncnc3[nH]cnc23)cc1,5.468521082957745,6.419933740599396
scaffold,4,ligand_target_id,CDK2_160355,CDK2,c1ccc(CNc2ncnc3[nH]cnc23)cc1,5.468521082957745,6.502566754317716
scaffold,4,ligand_sequence,CDK2_160355,CDK2,c1ccc(CNc2ncnc3[nH]cnc23)cc1,5.468521082957745,6.486913207761233
scaffold,4,ligand_boltz,CDK2_160355,CDK2,c1ccc(CNc2ncnc3[nH]cnc23)cc1,5.468521082957745,6.475908254986047
scaffold,4,mean,CDK7_5329102,CDK7,O=C1Nc2ccccc2C1=Cc1ccc[nH]1,6.481486060122112,6.461173321149888
scaffold,4,target_mean,CDK7_5329102,CDK7,O=C1Nc2ccccc2C1=Cc1ccc[nH]1,6.481486060122112,6.682642308807821
scaffold,4,ligand_only,CDK7_5329102,CDK7,O=C1Nc2ccccc2C1=Cc1ccc[nH]1,6.481486060122112,6.518386823098068
scaffold,4,ligand_target_id,CDK7_5329102,CDK7,O=C1Nc2ccccc2C1=Cc1ccc[nH]1,6.481486060122112,6.504165701760376
scaffold,4,ligand_sequence,CDK7_5329102,CDK7,O=C1Nc2ccccc2C1=Cc1ccc[nH]1,6.481486060122112,6.526307385929904
scaffold,4,ligand_boltz,CDK7_5329102,CDK7,O=C1Nc2ccccc2C1=Cc1ccc[nH]1,6.481486060122112,6.508647405182701
scaffold,4,mean,CDK7_160355,CDK7,c1ccc(CNc2ncnc3[nH]cnc23)cc1,5.7447274948966935,6.461173321149888
scaffold,4,target_mean,CDK7_160355,CDK7,c1ccc(CNc2ncnc3[nH]cnc23)cc1,5.7447274948966935,6.682642308807821
scaffold,4,ligand_only,CDK7_160355,CDK7,c1ccc(CNc2ncnc3[nH]cnc23)cc1,5.7447274948966935,6.419933740599396
scaffold,4,ligand_target_id,CDK7_160355,CDK7,c1ccc(CNc2ncnc3[nH]cnc23)cc1,5.7447274948966935,6.4514490885095315
scaffold,4,ligand_sequence,CDK7_160355,CDK7,c1ccc(CNc2ncnc3[nH]cnc23)cc1,5.7447274948966935,6.4596772820333035
scaffold,4,ligand_boltz,CDK7_160355,CDK7,c1ccc(CNc2ncnc3[nH]cnc23)cc1,5.7447274948966935,6.421290445407958
scaffold,4,mean,CDK7_10138259,CDK7,O=C1Nc2ccccc2C1=Cc1cc(C(=O)NCCCN2CCOCC2)c[nH]1,6.031517051446065,6.461173321149888
scaffold,4,target_mean,CDK7_10138259,CDK7,O=C1Nc2ccccc2C1=Cc1cc(C(=O)NCCCN2CCOCC2)c[nH]1,6.031517051446065,6.682642308807821
scaffold,4,ligand_only,CDK7_10138259,CDK7,O=C1Nc2ccccc2C1=Cc1cc(C(=O)NCCCN2CCOCC2)c[nH]1,6.031517051446065,6.496721075504204
scaffold,4,ligand_target_id,CDK7_10138259,CDK7,O=C1Nc2ccccc2C1=Cc1cc(C(=O)NCCCN2CCOCC2)c[nH]1,6.031517051446065,6.547315101736123
scaffold,4,ligand_sequence,CDK7_10138259,CDK7,O=C1Nc2ccccc2C1=Cc1cc(C(=O)NCCCN2CCOCC2)c[nH]1,6.031517051446065,6.551125776715379
scaffold,4,ligand_boltz,CDK7_10138259,CDK7,O=C1Nc2ccccc2C1=Cc1cc(C(=O)NCCCN2CCOCC2)c[nH]1,6.031517051446065,6.52019044190204
scaffold,4,mean,CSNK1D_5329102,CSNK1D,O=C1Nc2ccccc2C1=Cc1ccc[nH]1,7.823908740944319,6.461173321149888
scaffold,4,target_mean,CSNK1D_5329102,CSNK1D,O=C1Nc2ccccc2C1=Cc1ccc[nH]1,7.823908740944319,6.2264516072396425
scaffold,4,ligand_only,CSNK1D_5329102,CSNK1D,O=C1Nc2ccccc2C1=Cc1ccc[nH]1,7.823908740944319,6.518386823098068
scaffold,4,ligand_target_id,CSNK1D_5329102,CSNK1D,O=C1Nc2ccccc2C1=Cc1ccc[nH]1,7.823908740944319,6.425773312224359
scaffold,4,ligand_sequence,CSNK1D_5329102,CSNK1D,O=C1Nc2ccccc2C1=Cc1ccc[nH]1,7.823908740944319,6.372656200809563
scaffold,4,ligand_boltz,CSNK1D_5329102,CSNK1D,O=C1Nc2ccccc2C1=Cc1ccc[nH]1,7.823908740944319,6.384472962698498
scaffold,4,mean,CSNK1D_160355,CSNK1D,c1ccc(CNc2ncnc3[nH]cnc23)cc1,6.585026652029182,6.461173321149888
scaffold,4,target_mean,CSNK1D_160355,CSNK1D,c1ccc(CNc2ncnc3[nH]cnc23)cc1,6.585026652029182,6.2264516072396425
scaffold,4,ligand_only,CSNK1D_160355,CSNK1D,c1ccc(CNc2ncnc3[nH]cnc23)cc1,6.585026652029182,6.419933740599396
scaffold,4,ligand_target_id,CSNK1D_160355,CSNK1D,c1ccc(CNc2ncnc3[nH]cnc23)cc1,6.585026652029182,6.372279288033428
scaffold,4,ligand_sequence,CSNK1D_160355,CSNK1D,c1ccc(CNc2ncnc3[nH]cnc23)cc1,6.585026652029182,6.305452129817451
scaffold,4,ligand_boltz,CSNK1D_160355,CSNK1D,c1ccc(CNc2ncnc3[nH]cnc23)cc1,6.585026652029182,6.302156570427363
scaffold,4,mean,CSNK1D_10138259,CSNK1D,O=C1Nc2ccccc2C1=Cc1cc(C(=O)NCCCN2CCOCC2)c[nH]1,6.585026652029182,6.461173321149888
scaffold,4,target_mean,CSNK1D_10138259,CSNK1D,O=C1Nc2ccccc2C1=Cc1cc(C(=O)NCCCN2CCOCC2)c[nH]1,6.585026652029182,6.2264516072396425
scaffold,4,ligand_only,CSNK1D_10138259,CSNK1D,O=C1Nc2ccccc2C1=Cc1cc(C(=O)NCCCN2CCOCC2)c[nH]1,6.585026652029182,6.496721075504204
scaffold,4,ligand_target_id,CSNK1D_10138259,CSNK1D,O=C1Nc2ccccc2C1=Cc1cc(C(=O)NCCCN2CCOCC2)c[nH]1,6.585026652029182,6.393940930020439
scaffold,4,ligand_sequence,CSNK1D_10138259,CSNK1D,O=C1Nc2ccccc2C1=Cc1cc(C(=O)NCCCN2CCOCC2)c[nH]1,6.585026652029182,6.338951553085805
scaffold,4,ligand_boltz,CSNK1D_10138259,CSNK1D,O=C1Nc2ccccc2C1=Cc1cc(C(=O)NCCCN2CCOCC2)c[nH]1,6.585026652029182,6.350408922385227
scaffold,4,mean,CSNK1E_5329102,CSNK1E,O=C1Nc2ccccc2C1=Cc1ccc[nH]1,7.886056647693163,6.461173321149888
scaffold,4,target_mean,CSNK1E_5329102,CSNK1E,O=C1Nc2ccccc2C1=Cc1ccc[nH]1,7.886056647693163,6.278953436708312
scaffold,4,ligand_only,CSNK1E_5329102,CSNK1E,O=C1Nc2ccccc2C1=Cc1ccc[nH]1,7.886056647693163,6.518386823098068
scaffold,4,ligand_target_id,CSNK1E_5329102,CSNK1E,O=C1Nc2ccccc2C1=Cc1ccc[nH]1,7.886056647693163,6.381787774766354
scaffold,4,ligand_sequence,CSNK1E_5329102,CSNK1E,O=C1Nc2ccccc2C1=Cc1ccc[nH]1,7.886056647693163,6.363078015242854
scaffold,4,ligand_boltz,CSNK1E_5329102,CSNK1E,O=C1Nc2ccccc2C1=Cc1ccc[nH]1,7.886056647693163,6.381231101514971
scaffold,4,mean,CSNK1E_160355,CSNK1E,c1ccc(CNc2ncnc3[nH]cnc23)cc1,6.494850021680094,6.461173321149888
scaffold,4,target_mean,CSNK1E_160355,CSNK1E,c1ccc(CNc2ncnc3[nH]cnc23)cc1,6.494850021680094,6.278953436708312
scaffold,4,ligand_only,CSNK1E_160355,CSNK1E,c1ccc(CNc2ncnc3[nH]cnc23)cc1,6.494850021680094,6.419933740599396
scaffold,4,ligand_target_id,CSNK1E_160355,CSNK1E,c1ccc(CNc2ncnc3[nH]cnc23)cc1,6.494850021680094,6.307694950500107
scaffold,4,ligand_sequence,CSNK1E_160355,CSNK1E,c1ccc(CNc2ncnc3[nH]cnc23)cc1,6.494850021680094,6.294445086533987
scaffold,4,ligand_boltz,CSNK1E_160355,CSNK1E,c1ccc(CNc2ncnc3[nH]cnc23)cc1,6.494850021680094,6.299028423394217
scaffold,4,mean,CSNK1E_10138259,CSNK1E,O=C1Nc2ccccc2C1=Cc1cc(C(=O)NCCCN2CCOCC2)c[nH]1,6.468521082957745,6.461173321149888
scaffold,4,target_mean,CSNK1E_10138259,CSNK1E,O=C1Nc2ccccc2C1=Cc1cc(C(=O)NCCCN2CCOCC2)c[nH]1,6.468521082957745,6.278953436708312
scaffold,4,ligand_only,CSNK1E_10138259,CSNK1E,O=C1Nc2ccccc2C1=Cc1cc(C(=O)NCCCN2CCOCC2)c[nH]1,6.468521082957745,6.496721075504204
scaffold,4,ligand_target_id,CSNK1E_10138259,CSNK1E,O=C1Nc2ccccc2C1=Cc1cc(C(=O)NCCCN2CCOCC2)c[nH]1,6.468521082957745,6.355454472053654
scaffold,4,ligand_sequence,CSNK1E_10138259,CSNK1E,O=C1Nc2ccccc2C1=Cc1cc(C(=O)NCCCN2CCOCC2)c[nH]1,6.468521082957745,6.33153628319229
scaffold,4,ligand_boltz,CSNK1E_10138259,CSNK1E,O=C1Nc2ccccc2C1=Cc1cc(C(=O)NCCCN2CCOCC2)c[nH]1,6.468521082957745,6.348088870891763
scaffold,4,mean,FRK_5329102,FRK,O=C1Nc2ccccc2C1=Cc1ccc[nH]1,6.275724130399211,6.461173321149888
scaffold,4,target_mean,FRK_5329102,FRK,O=C1Nc2ccccc2C1=Cc1ccc[nH]1,6.275724130399211,6.29449832202365
scaffold,4,ligand_only,FRK_5329102,FRK,O=C1Nc2ccccc2C1=Cc1ccc[nH]1,6.275724130399211,6.518386823098068
scaffold,4,ligand_target_id,FRK_5329102,FRK,O=C1Nc2ccccc2C1=Cc1ccc[nH]1,6.275724130399211,6.470874149241726
scaffold,4,ligand_sequence,FRK_5329102,FRK,O=C1Nc2ccccc2C1=Cc1ccc[nH]1,6.275724130399211,6.457571351034682
scaffold,4,ligand_boltz,FRK_5329102,FRK,O=C1Nc2ccccc2C1=Cc1ccc[nH]1,6.275724130399211,6.44266223026015
scaffold,4,mean,FRK_5291,FRK,O=C(Nc1cccc(Nc2nccc(-c3cccnc3)n2)c1)c1ccc(CN2CCNCC2)cc1,5.823908740944319,6.461173321149888
scaffold,4,target_mean,FRK_5291,FRK,O=C(Nc1cccc(Nc2nccc(-c3cccnc3)n2)c1)c1ccc(CN2CCNCC2)cc1,5.823908740944319,6.29449832202365
scaffold,4,ligand_only,FRK_5291,FRK,O=C(Nc1cccc(Nc2nccc(-c3cccnc3)n2)c1)c1ccc(CN2CCNCC2)cc1,5.823908740944319,6.6301305679739855
scaffold,4,ligand_target_id,FRK_5291,FRK,O=C(Nc1cccc(Nc2nccc(-c3cccnc3)n2)c1)c1ccc(CN2CCNCC2)cc1,5.823908740944319,6.587596625956824
scaffold,4,ligand_sequence,FRK_5291,FRK,O=C(Nc1cccc(Nc2nccc(-c3cccnc3)n2)c1)c1ccc(CN2CCNCC2)cc1,5.823908740944319,6.593514489298258
scaffold,4,ligand_boltz,FRK_5291,FRK,O=C(Nc1cccc(Nc2nccc(-c3cccnc3)n2)c1)c1ccc(CN2CCNCC2)cc1,5.823908740944319,6.574987190580183
scaffold,4,mean,GSK3B_153999,GSK3B,O=C1NC(=O)C2=C1c1cn(c3ccccc13)CCCOCCn1cc2c2ccccc21,5.585026652029182,6.461173321149888
scaffold,4,target_mean,GSK3B_153999,GSK3B,O=C1NC(=O)C2=C1c1cn(c3ccccc13)CCCOCCn1cc2c2ccccc21,5.585026652029182,6.286343685599451
scaffold,4,ligand_only,GSK3B_153999,GSK3B,O=C1NC(=O)C2=C1c1cn(c3ccccc13)CCCOCCn1cc2c2ccccc21,5.585026652029182,6.4381712478311375
scaffold,4,ligand_target_id,GSK3B_153999,GSK3B,O=C1NC(=O)C2=C1c1cn(c3ccccc13)CCCOCCn1cc2c2ccccc21,5.585026652029182,6.408303926909859
scaffold,4,ligand_sequence,GSK3B_153999,GSK3B,O=C1NC(=O)C2=C1c1cn(c3ccccc13)CCCOCCn1cc2c2ccccc21,5.585026652029182,6.391196219003891
scaffold,4,ligand_boltz,GSK3B_153999,GSK3B,O=C1NC(=O)C2=C1c1cn(c3ccccc13)CCCOCCn1cc2c2ccccc21,5.585026652029182,6.403427005848492
scaffold,4,mean,HCK_5329102,HCK,O=C1Nc2ccccc2C1=Cc1ccc[nH]1,6.055517327849832,6.461173321149888
scaffold,4,target_mean,HCK_5329102,HCK,O=C1Nc2ccccc2C1=Cc1ccc[nH]1,6.055517327849832,6.2270268491400005
scaffold,4,ligand_only,HCK_5329102,HCK,O=C1Nc2ccccc2C1=Cc1ccc[nH]1,6.055517327849832,6.518386823098068
scaffold,4,ligand_target_id,HCK_5329102,HCK,O=C1Nc2ccccc2C1=Cc1ccc[nH]1,6.055517327849832,6.411611598148311
scaffold,4,ligand_sequence,HCK_5329102,HCK,O=C1Nc2ccccc2C1=Cc1ccc[nH]1,6.055517327849832,6.393484467014998
scaffold,4,ligand_boltz,HCK_5329102,HCK,O=C1Nc2ccccc2C1=Cc1ccc[nH]1,6.055517327849832,6.410157605020108
scaffold,4,mean,HCK_10138259,HCK,O=C1Nc2ccccc2C1=Cc1cc(C(=O)NCCCN2CCOCC2)c[nH]1,5.657577319177793,6.461173321149888
scaffold,4,target_mean,HCK_10138259,HCK,O=C1Nc2ccccc2C1=Cc1cc(C(=O)NCCCN2CCOCC2)c[nH]1,5.657577319177793,6.2270268491400005
scaffold,4,ligand_only,HCK_10138259,HCK,O=C1Nc2ccccc2C1=Cc1cc(C(=O)NCCCN2CCOCC2)c[nH]1,5.657577319177793,6.496721075504204
scaffold,4,ligand_target_id,HCK_10138259,HCK,O=C1Nc2ccccc2C1=Cc1cc(C(=O)NCCCN2CCOCC2)c[nH]1,5.657577319177793,6.421869239152242
scaffold,4,ligand_sequence,HCK_10138259,HCK,O=C1Nc2ccccc2C1=Cc1cc(C(=O)NCCCN2CCOCC2)c[nH]1,5.657577319177793,6.401544124890788
scaffold,4,ligand_boltz,HCK_10138259,HCK,O=C1Nc2ccccc2C1=Cc1cc(C(=O)NCCCN2CCOCC2)c[nH]1,5.657577319177793,6.418485907896577
scaffold,4,mean,HCK_11712649,HCK,c1ccc(Nc2ncc3c(n2)-c2ccccc2C(c2ccccc2)=NC3)cc1,5.823908740944319,6.461173321149888
scaffold,4,target_mean,HCK_11712649,HCK,c1ccc(Nc2ncc3c(n2)-c2ccccc2C(c2ccccc2)=NC3)cc1,5.823908740944319,6.2270268491400005
scaffold,4,ligand_only,HCK_11712649,HCK,c1ccc(Nc2ncc3c(n2)-c2ccccc2C(c2ccccc2)=NC3)cc1,5.823908740944319,6.450193125649531
scaffold,4,ligand_target_id,HCK_11712649,HCK,c1ccc(Nc2ncc3c(n2)-c2ccccc2C(c2ccccc2)=NC3)cc1,5.823908740944319,6.339858877435995
scaffold,4,ligand_sequence,HCK_11712649,HCK,c1ccc(Nc2ncc3c(n2)-c2ccccc2C(c2ccccc2)=NC3)cc1,5.823908740944319,6.320443816045539
scaffold,4,ligand_boltz,HCK_11712649,HCK,c1ccc(Nc2ncc3c(n2)-c2ccccc2C(c2ccccc2)=NC3)cc1,5.823908740944319,6.3510687754402655
scaffold,4,mean,LCK_5329102,LCK,O=C1Nc2ccccc2C1=Cc1ccc[nH]1,6.638272163982407,6.461173321149888
scaffold,4,target_mean,LCK_5329102,LCK,O=C1Nc2ccccc2C1=Cc1ccc[nH]1,6.638272163982407,6.636216642063121
scaffold,4,ligand_only,LCK_5329102,LCK,O=C1Nc2ccccc2C1=Cc1ccc[nH]1,6.638272163982407,6.518386823098068
scaffold,4,ligand_target_id,LCK_5329102,LCK,O=C1Nc2ccccc2C1=Cc1ccc[nH]1,6.638272163982407,6.579754649956711
scaffold,4,ligand_sequence,LCK_5329102,LCK,O=C1Nc2ccccc2C1=Cc1ccc[nH]1,6.638272163982407,6.538641722599983
scaffold,4,ligand_boltz,LCK_5329102,LCK,O=C1Nc2ccccc2C1=Cc1ccc[nH]1,6.638272163982407,6.54812475361113
scaffold,4,mean,LCK_10138259,LCK,O=C1Nc2ccccc2C1=Cc1cc(C(=O)NCCCN2CCOCC2)c[nH]1,5.638272163982407,6.461173321149888
scaffold,4,target_mean,LCK_10138259,LCK,O=C1Nc2ccccc2C1=Cc1cc(C(=O)NCCCN2CCOCC2)c[nH]1,5.638272163982407,6.636216642063121
scaffold,4,ligand_only,LCK_10138259,LCK,O=C1Nc2ccccc2C1=Cc1cc(C(=O)NCCCN2CCOCC2)c[nH]1,5.638272163982407,6.496721075504204
scaffold,4,ligand_target_id,LCK_10138259,LCK,O=C1Nc2ccccc2C1=Cc1cc(C(=O)NCCCN2CCOCC2)c[nH]1,5.638272163982407,6.602302215836373
scaffold,4,ligand_sequence,LCK_10138259,LCK,O=C1Nc2ccccc2C1=Cc1cc(C(=O)NCCCN2CCOCC2)c[nH]1,5.638272163982407,6.554883954921224
scaffold,4,ligand_boltz,LCK_10138259,LCK,O=C1Nc2ccccc2C1=Cc1cc(C(=O)NCCCN2CCOCC2)c[nH]1,5.638272163982407,6.570097566240556
scaffold,4,mean,LCK_5291,LCK,O=C(Nc1cccc(Nc2nccc(-c3cccnc3)n2)c1)c1ccc(CN2CCNCC2)cc1,7.3979400086720375,6.461173321149888
scaffold,4,target_mean,LCK_5291,LCK,O=C(Nc1cccc(Nc2nccc(-c3cccnc3)n2)c1)c1ccc(CN2CCNCC2)cc1,7.3979400086720375,6.636216642063121
scaffold,4,ligand_only,LCK_5291,LCK,O=C(Nc1cccc(Nc2nccc(-c3cccnc3)n2)c1)c1ccc(CN2CCNCC2)cc1,7.3979400086720375,6.6301305679739855
scaffold,4,ligand_target_id,LCK_5291,LCK,O=C(Nc1cccc(Nc2nccc(-c3cccnc3)n2)c1)c1ccc(CN2CCNCC2)cc1,7.3979400086720375,6.78425391086313
scaffold,4,ligand_sequence,LCK_5291,LCK,O=C(Nc1cccc(Nc2nccc(-c3cccnc3)n2)c1)c1ccc(CN2CCNCC2)cc1,7.3979400086720375,6.73638029926373
scaffold,4,ligand_boltz,LCK_5291,LCK,O=C(Nc1cccc(Nc2nccc(-c3cccnc3)n2)c1)c1ccc(CN2CCNCC2)cc1,7.3979400086720375,6.758152770864266
scaffold,4,mean,LCK_11712649,LCK,c1ccc(Nc2ncc3c(n2)-c2ccccc2C(c2ccccc2)=NC3)cc1,6.229147988357856,6.461173321149888
scaffold,4,target_mean,LCK_11712649,LCK,c1ccc(Nc2ncc3c(n2)-c2ccccc2C(c2ccccc2)=NC3)cc1,6.229147988357856,6.636216642063121
scaffold,4,ligand_only,LCK_11712649,LCK,c1ccc(Nc2ncc3c(n2)-c2ccccc2C(c2ccccc2)=NC3)cc1,6.229147988357856,6.450193125649531
scaffold,4,ligand_target_id,LCK_11712649,LCK,c1ccc(Nc2ncc3c(n2)-c2ccccc2C(c2ccccc2)=NC3)cc1,6.229147988357856,6.584526352202052
scaffold,4,ligand_sequence,LCK_11712649,LCK,c1ccc(Nc2ncc3c(n2)-c2ccccc2C(c2ccccc2)=NC3)cc1,6.229147988357856,6.521686887789735
scaffold,4,ligand_boltz,LCK_11712649,LCK,c1ccc(Nc2ncc3c(n2)-c2ccccc2C(c2ccccc2)=NC3)cc1,6.229147988357856,6.551371061262559
scaffold,4,mean,SRC_5329102,SRC,O=C1Nc2ccccc2C1=Cc1ccc[nH]1,5.6777807052660805,6.461173321149888
scaffold,4,target_mean,SRC_5329102,SRC,O=C1Nc2ccccc2C1=Cc1ccc[nH]1,5.6777807052660805,6.329012066380655
scaffold,4,ligand_only,SRC_5329102,SRC,O=C1Nc2ccccc2C1=Cc1ccc[nH]1,5.6777807052660805,6.518386823098068
scaffold,4,ligand_target_id,SRC_5329102,SRC,O=C1Nc2ccccc2C1=Cc1ccc[nH]1,5.6777807052660805,6.459538522142882
scaffold,4,ligand_sequence,SRC_5329102,SRC,O=C1Nc2ccccc2C1=Cc1ccc[nH]1,5.6777807052660805,6.439953347705832
scaffold,4,ligand_boltz,SRC_5329102,SRC,O=C1Nc2ccccc2C1=Cc1ccc[nH]1,5.6777807052660805,6.427882183229635
scaffold,4,mean,SRC_10138259,SRC,O=C1Nc2ccccc2C1=Cc1cc(C(=O)NCCCN2CCOCC2)c[nH]1,5.309803919971486,6.461173321149888
scaffold,4,target_mean,SRC_10138259,SRC,O=C1Nc2ccccc2C1=Cc1cc(C(=O)NCCCN2CCOCC2)c[nH]1,5.309803919971486,6.329012066380655
scaffold,4,ligand_only,SRC_10138259,SRC,O=C1Nc2ccccc2C1=Cc1cc(C(=O)NCCCN2CCOCC2)c[nH]1,5.309803919971486,6.496721075504204
scaffold,4,ligand_target_id,SRC_10138259,SRC,O=C1Nc2ccccc2C1=Cc1cc(C(=O)NCCCN2CCOCC2)c[nH]1,5.309803919971486,6.449602063206199
scaffold,4,ligand_sequence,SRC_10138259,SRC,O=C1Nc2ccccc2C1=Cc1cc(C(=O)NCCCN2CCOCC2)c[nH]1,5.309803919971486,6.440795835388317
scaffold,4,ligand_boltz,SRC_10138259,SRC,O=C1Nc2ccccc2C1=Cc1cc(C(=O)NCCCN2CCOCC2)c[nH]1,5.309803919971486,6.437793011294225
scaffold,4,mean,SRC_11712649,SRC,c1ccc(Nc2ncc3c(n2)-c2ccccc2C(c2ccccc2)=NC3)cc1,6.096910013008056,6.461173321149888
scaffold,4,target_mean,SRC_11712649,SRC,c1ccc(Nc2ncc3c(n2)-c2ccccc2C(c2ccccc2)=NC3)cc1,6.096910013008056,6.329012066380655
scaffold,4,ligand_only,SRC_11712649,SRC,c1ccc(Nc2ncc3c(n2)-c2ccccc2C(c2ccccc2)=NC3)cc1,6.096910013008056,6.450193125649531
scaffold,4,ligand_target_id,SRC_11712649,SRC,c1ccc(Nc2ncc3c(n2)-c2ccccc2C(c2ccccc2)=NC3)cc1,6.096910013008056,6.425562762411345
scaffold,4,ligand_sequence,SRC_11712649,SRC,c1ccc(Nc2ncc3c(n2)-c2ccccc2C(c2ccccc2)=NC3)cc1,6.096910013008056,6.396190375114637
scaffold,4,ligand_boltz,SRC_11712649,SRC,c1ccc(Nc2ncc3c(n2)-c2ccccc2C(c2ccccc2)=NC3)cc1,6.096910013008056,6.389118457111215
target,0,mean,AURKC_176870,AURKC,c1ccc(Nc2ncnc3ccccc23)cc1,6.221848749616356,6.427682939277864
target,0,target_mean,AURKC_176870,AURKC,c1ccc(Nc2ncnc3ccccc23)cc1,6.221848749616356,6.427682939277864
target,0,ligand_only,AURKC_176870,AURKC,c1ccc(Nc2ncnc3ccccc23)cc1,6.221848749616356,5.953933818700242
target,0,ligand_target_id,AURKC_176870,AURKC,c1ccc(Nc2ncnc3ccccc23)cc1,6.221848749616356,6.03959346812841
target,0,ligand_sequence,AURKC_176870,AURKC,c1ccc(Nc2ncnc3ccccc23)cc1,6.221848749616356,6.1026333565268445
target,0,ligand_boltz,AURKC_176870,AURKC,c1ccc(Nc2ncnc3ccccc23)cc1,6.221848749616356,6.021475025277017
target,0,mean,AURKC_156414,AURKC,c1ccc(Nc2ncnc3cc(OCCCN4CCOCC4)ccc23)cc1,5.552841968657781,6.427682939277864
target,0,target_mean,AURKC_156414,AURKC,c1ccc(Nc2ncnc3cc(OCCCN4CCOCC4)ccc23)cc1,5.552841968657781,6.427682939277864
target,0,ligand_only,AURKC_156414,AURKC,c1ccc(Nc2ncnc3cc(OCCCN4CCOCC4)ccc23)cc1,5.552841968657781,5.836926104871097
target,0,ligand_target_id,AURKC_156414,AURKC,c1ccc(Nc2ncnc3cc(OCCCN4CCOCC4)ccc23)cc1,5.552841968657781,5.960154345915671
target,0,ligand_sequence,AURKC_156414,AURKC,c1ccc(Nc2ncnc3cc(OCCCN4CCOCC4)ccc23)cc1,5.552841968657781,6.023598665130776
target,0,ligand_boltz,AURKC_156414,AURKC,c1ccc(Nc2ncnc3cc(OCCCN4CCOCC4)ccc23)cc1,5.552841968657781,5.966002179542611
target,0,mean,AURKC_11667893,AURKC,O=C(Nc1ccc2c(c1)NCC2)c1cccnc1NCc1ccncc1,5.721246399047171,6.427682939277864
target,0,target_mean,AURKC_11667893,AURKC,O=C(Nc1ccc2c(c1)NCC2)c1cccnc1NCc1ccncc1,5.721246399047171,6.427682939277864
target,0,ligand_only,AURKC_11667893,AURKC,O=C(Nc1ccc2c(c1)NCC2)c1cccnc1NCc1ccncc1,5.721246399047171,6.599513779142249
target,0,ligand_target_id,AURKC_11667893,AURKC,O=C(Nc1ccc2c(c1)NCC2)c1cccnc1NCc1ccncc1,5.721246399047171,6.521217253908991
target,0,ligand_sequence,AURKC_11667893,AURKC,O=C(Nc1ccc2c(c1)NCC2)c1cccnc1NCc1ccncc1,5.721246399047171,6.639448241666753
target,0,ligand_boltz,AURKC_11667893,AURKC,O=C(Nc1ccc2c(c1)NCC2)c1cccnc1NCc1ccncc1,5.721246399047171,6.633559508088688
target,0,mean,AURKC_5329102,AURKC,O=C1Nc2ccccc2C1=Cc1ccc[nH]1,6.657577319177793,6.427682939277864
target,0,target_mean,AURKC_5329102,AURKC,O=C1Nc2ccccc2C1=Cc1ccc[nH]1,6.657577319177793,6.427682939277864
target,0,ligand_only,AURKC_5329102,AURKC,O=C1Nc2ccccc2C1=Cc1ccc[nH]1,6.657577319177793,6.511695462657736
target,0,ligand_target_id,AURKC_5329102,AURKC,O=C1Nc2ccccc2C1=Cc1ccc[nH]1,6.657577319177793,6.481096891195016
target,0,ligand_sequence,AURKC_5329102,AURKC,O=C1Nc2ccccc2C1=Cc1ccc[nH]1,6.657577319177793,6.5833367619309335
target,0,ligand_boltz,AURKC_5329102,AURKC,O=C1Nc2ccccc2C1=Cc1ccc[nH]1,6.657577319177793,6.605924340196213
target,0,mean,AURKC_16007391,AURKC,O=C(Cc1cc(Nc2ncnc3ccccc23)n[nH]1)Nc1ccccc1,8.356547323513812,6.427682939277864
target,0,target_mean,AURKC_16007391,AURKC,O=C(Cc1cc(Nc2ncnc3ccccc23)n[nH]1)Nc1ccccc1,8.356547323513812,6.427682939277864
target,0,ligand_only,AURKC_16007391,AURKC,O=C(Cc1cc(Nc2ncnc3ccccc23)n[nH]1)Nc1ccccc1,8.356547323513812,6.2958482820258705
target,0,ligand_target_id,AURKC_16007391,AURKC,O=C(Cc1cc(Nc2ncnc3ccccc23)n[nH]1)Nc1ccccc1,8.356547323513812,6.290415336577045
target,0,ligand_sequence,AURKC_16007391,AURKC,O=C(Cc1cc(Nc2ncnc3ccccc23)n[nH]1)Nc1ccccc1,8.356547323513812,6.547572888961157
target,0,ligand_boltz,AURKC_16007391,AURKC,O=C(Cc1cc(Nc2ncnc3ccccc23)n[nH]1)Nc1ccccc1,8.356547323513812,6.4320958463229925
target,0,mean,AURKC_11409972,AURKC,O=C(Nc1ccc(CN2CCNCC2)cc1)Nc1ccc(Oc2ccncn2)cc1,6.130768280269024,6.427682939277864
target,0,target_mean,AURKC_11409972,AURKC,O=C(Nc1ccc(CN2CCNCC2)cc1)Nc1ccc(Oc2ccncn2)cc1,6.130768280269024,6.427682939277864
target,0,ligand_only,AURKC_11409972,AURKC,O=C(Nc1ccc(CN2CCNCC2)cc1)Nc1ccc(Oc2ccncn2)cc1,6.130768280269024,6.657010256234121
target,0,ligand_target_id,AURKC_11409972,AURKC,O=C(Nc1ccc(CN2CCNCC2)cc1)Nc1ccc(Oc2ccncn2)cc1,6.130768280269024,6.624870315845721
target,0,ligand_sequence,AURKC_11409972,AURKC,O=C(Nc1ccc(CN2CCNCC2)cc1)Nc1ccc(Oc2ccncn2)cc1,6.130768280269024,6.786406800480001
target,0,ligand_boltz,AURKC_11409972,AURKC,O=C(Nc1ccc(CN2CCNCC2)cc1)Nc1ccc(Oc2ccncn2)cc1,6.130768280269024,6.759495114183754
target,0,mean,AURKC_135398510,AURKC,O=c1[nH]c2ccccc2cc1-c1nc2ccc(N3CCNCC3)cc2[nH]1,5.958607314841775,6.427682939277864
target,0,target_mean,AURKC_135398510,AURKC,O=c1[nH]c2ccccc2cc1-c1nc2ccc(N3CCNCC3)cc2[nH]1,5.958607314841775,6.427682939277864
target,0,ligand_only,AURKC_135398510,AURKC,O=c1[nH]c2ccccc2cc1-c1nc2ccc(N3CCNCC3)cc2[nH]1,5.958607314841775,6.07185630378742
target,0,ligand_target_id,AURKC_135398510,AURKC,O=c1[nH]c2ccccc2cc1-c1nc2ccc(N3CCNCC3)cc2[nH]1,5.958607314841775,6.159971870222293
target,0,ligand_sequence,AURKC_135398510,AURKC,O=c1[nH]c2ccccc2cc1-c1nc2ccc(N3CCNCC3)cc2[nH]1,5.958607314841775,6.287078618642666
target,0,ligand_boltz,AURKC_135398510,AURKC,O=c1[nH]c2ccccc2cc1-c1nc2ccc(N3CCNCC3)cc2[nH]1,5.958607314841775,6.244076450679528
target,0,mean,AURKC_216239,AURKC,O=C(Nc1ccccc1)Nc1ccc(Oc2ccncc2)cc1,6.6777807052660805,6.427682939277864
target,0,target_mean,AURKC_216239,AURKC,O=C(Nc1ccccc1)Nc1ccc(Oc2ccncc2)cc1,6.6777807052660805,6.427682939277864
target,0,ligand_only,AURKC_216239,AURKC,O=C(Nc1ccccc1)Nc1ccc(Oc2ccncc2)cc1,6.6777807052660805,6.31747440919724
target,0,ligand_target_id,AURKC_216239,AURKC,O=C(Nc1ccccc1)Nc1ccc(Oc2ccncc2)cc1,6.6777807052660805,6.287498317308038
target,0,ligand_sequence,AURKC_216239,AURKC,O=C(Nc1ccccc1)Nc1ccc(Oc2ccncc2)cc1,6.6777807052660805,6.396929706561463
target,0,ligand_boltz,AURKC_216239,AURKC,O=C(Nc1ccccc1)Nc1ccc(Oc2ccncc2)cc1,6.6777807052660805,6.396024850379596
target,0,mean,AURKC_451705,AURKC,O=C1NCc2c1c1c3ccccc3n3c1c1c2c2ccccc2n1C1CCCC3O1,7.638272163982407,6.427682939277864
target,0,target_mean,AURKC_451705,AURKC,O=C1NCc2c1c1c3ccccc3n3c1c1c2c2ccccc2n1C1CCCC3O1,7.638272163982407,6.427682939277864
target,0,ligand_only,AURKC_451705,AURKC,O=C1NCc2c1c1c3ccccc3n3c1c1c2c2ccccc2n1C1CCCC3O1,7.638272163982407,7.108926637263256
target,0,ligand_target_id,AURKC_451705,AURKC,O=C1NCc2c1c1c3ccccc3n3c1c1c2c2ccccc2n1C1CCCC3O1,7.638272163982407,6.987635766287022
target,0,ligand_sequence,AURKC_451705,AURKC,O=C1NCc2c1c1c3ccccc3n3c1c1c2c2ccccc2n1C1CCCC3O1,7.638272163982407,7.202852515916802
target,0,ligand_boltz,AURKC_451705,AURKC,O=C1NCc2c1c1c3ccccc3n3c1c1c2c2ccccc2n1C1CCCC3O1,7.638272163982407,7.173601562799747
target,0,mean,AURKC_24202429,AURKC,O=C(NC1CC2OC(C1)n1c3ccccc3c3c4c(c5c6ccccc6n2c5c31)CNC4=O)c1ccccc1,6.769551078621726,6.427682939277864
target,0,target_mean,AURKC_24202429,AURKC,O=C(NC1CC2OC(C1)n1c3ccccc3c3c4c(c5c6ccccc6n2c5c31)CNC4=O)c1ccccc1,6.769551078621726,6.427682939277864
target,0,ligand_only,AURKC_24202429,AURKC,O=C(NC1CC2OC(C1)n1c3ccccc3c3c4c(c5c6ccccc6n2c5c31)CNC4=O)c1ccccc1,6.769551078621726,6.42003076962231
target,0,ligand_target_id,AURKC_24202429,AURKC,O=C(NC1CC2OC(C1)n1c3ccccc3c3c4c(c5c6ccccc6n2c5c31)CNC4=O)c1ccccc1,6.769551078621726,6.4783599993289185
target,0,ligand_sequence,AURKC_24202429,AURKC,O=C(NC1CC2OC(C1)n1c3ccccc3c3c4c(c5c6ccccc6n2c5c31)CNC4=O)c1ccccc1,6.769551078621726,6.681356170354447
target,0,ligand_boltz,AURKC_24202429,AURKC,O=C(NC1CC2OC(C1)n1c3ccccc3c3c4c(c5c6ccccc6n2c5c31)CNC4=O)c1ccccc1,6.769551078621726,6.628977954721527
target,0,mean,AURKC_3038522,AURKC,O=C(Nc1ccccc1)N1CCN(c2ncnc3cc(OCCCN4CCCCC4)ccc23)CC1,5.795880017344075,6.427682939277864
target,0,target_mean,AURKC_3038522,AURKC,O=C(Nc1ccccc1)N1CCN(c2ncnc3cc(OCCCN4CCCCC4)ccc23)CC1,5.795880017344075,6.427682939277864
target,0,ligand_only,AURKC_3038522,AURKC,O=C(Nc1ccccc1)N1CCN(c2ncnc3cc(OCCCN4CCCCC4)ccc23)CC1,5.795880017344075,6.388074142617963
target,0,ligand_target_id,AURKC_3038522,AURKC,O=C(Nc1ccccc1)N1CCN(c2ncnc3cc(OCCCN4CCCCC4)ccc23)CC1,5.795880017344075,6.384947399709336
target,0,ligand_sequence,AURKC_3038522,AURKC,O=C(Nc1ccccc1)N1CCN(c2ncnc3cc(OCCCN4CCCCC4)ccc23)CC1,5.795880017344075,6.492549352663395
target,0,ligand_boltz,AURKC_3038522,AURKC,O=C(Nc1ccccc1)N1CCN(c2ncnc3cc(OCCCN4CCCCC4)ccc23)CC1,5.795880017344075,6.442041159449272
target,0,mean,AURKC_3081361,AURKC,c1ccc(Nc2ncnc3cc(OCC4CCNCC4)ccc23)cc1,5.823908740944319,6.427682939277864
target,0,target_mean,AURKC_3081361,AURKC,c1ccc(Nc2ncnc3cc(OCC4CCNCC4)ccc23)cc1,5.823908740944319,6.427682939277864
target,0,ligand_only,AURKC_3081361,AURKC,c1ccc(Nc2ncnc3cc(OCC4CCNCC4)ccc23)cc1,5.823908740944319,6.607575753382598
target,0,ligand_target_id,AURKC_3081361,AURKC,c1ccc(Nc2ncnc3cc(OCC4CCNCC4)ccc23)cc1,5.823908740944319,6.545295188205216
target,0,ligand_sequence,AURKC_3081361,AURKC,c1ccc(Nc2ncnc3cc(OCC4CCNCC4)ccc23)cc1,5.823908740944319,6.65662030879093
target,0,ligand_boltz,AURKC_3081361,AURKC,c1ccc(Nc2ncnc3cc(OCC4CCNCC4)ccc23)cc1,5.823908740944319,6.572256857760742
target,0,mean,AURKC_10138259,AURKC,O=C1Nc2ccccc2C1=Cc1cc(C(=O)NCCCN2CCOCC2)c[nH]1,6.0915149811213505,6.427682939277864
target,0,target_mean,AURKC_10138259,AURKC,O=C1Nc2ccccc2C1=Cc1cc(C(=O)NCCCN2CCOCC2)c[nH]1,6.0915149811213505,6.427682939277864
target,0,ligand_only,AURKC_10138259,AURKC,O=C1Nc2ccccc2C1=Cc1cc(C(=O)NCCCN2CCOCC2)c[nH]1,6.0915149811213505,6.1123939431548635
target,0,ligand_target_id,AURKC_10138259,AURKC,O=C1Nc2ccccc2C1=Cc1cc(C(=O)NCCCN2CCOCC2)c[nH]1,6.0915149811213505,6.1750620257663495
target,0,ligand_sequence,AURKC_10138259,AURKC,O=C1Nc2ccccc2C1=Cc1cc(C(=O)NCCCN2CCOCC2)c[nH]1,6.0915149811213505,6.278682205960551
target,0,ligand_boltz,AURKC_10138259,AURKC,O=C1Nc2ccccc2C1=Cc1cc(C(=O)NCCCN2CCOCC2)c[nH]1,6.0915149811213505,6.282497645747832
target,0,mean,AURKC_5494449,AURKC,O=C(Nc1ccc(Sc2nc(Nc3cc[nH]n3)cc(N3CCNCC3)n2)cc1)C1CC1,8.200659450546418,6.427682939277864
target,0,target_mean,AURKC_5494449,AURKC,O=C(Nc1ccc(Sc2nc(Nc3cc[nH]n3)cc(N3CCNCC3)n2)cc1)C1CC1,8.200659450546418,6.427682939277864
target,0,ligand_only,AURKC_5494449,AURKC,O=C(Nc1ccc(Sc2nc(Nc3cc[nH]n3)cc(N3CCNCC3)n2)cc1)C1CC1,8.200659450546418,7.086037831565039
target,0,ligand_target_id,AURKC_5494449,AURKC,O=C(Nc1ccc(Sc2nc(Nc3cc[nH]n3)cc(N3CCNCC3)n2)cc1)C1CC1,8.200659450546418,6.904093625092203
target,0,ligand_sequence,AURKC_5494449,AURKC,O=C(Nc1ccc(Sc2nc(Nc3cc[nH]n3)cc(N3CCNCC3)n2)cc1)C1CC1,8.200659450546418,7.140613464473568
target,0,ligand_boltz,AURKC_5494449,AURKC,O=C(Nc1ccc(Sc2nc(Nc3cc[nH]n3)cc(N3CCNCC3)n2)cc1)C1CC1,8.200659450546418,7.127827817030185
target,0,mean,AURKC_11485656,AURKC,O=C(Nc1ccccc1)Nc1ccc(-c2cccc3[nH]ncc23)cc1,7.1487416512809245,6.427682939277864
target,0,target_mean,AURKC_11485656,AURKC,O=C(Nc1ccccc1)Nc1ccc(-c2cccc3[nH]ncc23)cc1,7.1487416512809245,6.427682939277864
target,0,ligand_only,AURKC_11485656,AURKC,O=C(Nc1ccccc1)Nc1ccc(-c2cccc3[nH]ncc23)cc1,7.1487416512809245,6.123518828942954
target,0,ligand_target_id,AURKC_11485656,AURKC,O=C(Nc1ccccc1)Nc1ccc(-c2cccc3[nH]ncc23)cc1,7.1487416512809245,6.174937760590397
target,0,ligand_sequence,AURKC_11485656,AURKC,O=C(Nc1ccccc1)Nc1ccc(-c2cccc3[nH]ncc23)cc1,7.1487416512809245,6.272934466477211
target,0,ligand_boltz,AURKC_11485656,AURKC,O=C(Nc1ccccc1)Nc1ccc(-c2cccc3[nH]ncc23)cc1,7.1487416512809245,6.223998117637902
target,0,mean,AURKC_10113978,AURKC,c1ccc(Nc2nccc(Nc3ccc4c[nH]nc4c3)n2)cc1,6.1249387366083,6.427682939277864
target,0,target_mean,AURKC_10113978,AURKC,c1ccc(Nc2nccc(Nc3ccc4c[nH]nc4c3)n2)cc1,6.1249387366083,6.427682939277864
target,0,ligand_only,AURKC_10113978,AURKC,c1ccc(Nc2nccc(Nc3ccc4c[nH]nc4c3)n2)cc1,6.1249387366083,5.849309192960145
target,0,ligand_target_id,AURKC_10113978,AURKC,c1ccc(Nc2nccc(Nc3ccc4c[nH]nc4c3)n2)cc1,6.1249387366083,6.013991872294323
target,0,ligand_sequence,AURKC_10113978,AURKC,c1ccc(Nc2nccc(Nc3ccc4c[nH]nc4c3)n2)cc1,6.1249387366083,6.090678673680101
target,0,ligand_boltz,AURKC_10113978,AURKC,c1ccc(Nc2nccc(Nc3ccc4c[nH]nc4c3)n2)cc1,6.1249387366083,5.990679397059933
target,0,mean,AURKC_5330790,AURKC,O=C(c1ccccc1)n1cnc(Nc2ccccc2)n1,7.0655015487564325,6.427682939277864
target,0,target_mean,AURKC_5330790,AURKC,O=C(c1ccccc1)n1cnc(Nc2ccccc2)n1,7.0655015487564325,6.427682939277864
target,0,ligand_only,AURKC_5330790,AURKC,O=C(c1ccccc1)n1cnc(Nc2ccccc2)n1,7.0655015487564325,6.405683033692381
target,0,ligand_target_id,AURKC_5330790,AURKC,O=C(c1ccccc1)n1cnc(Nc2ccccc2)n1,7.0655015487564325,6.367407345114101
target,0,ligand_sequence,AURKC_5330790,AURKC,O=C(c1ccccc1)n1cnc(Nc2ccccc2)n1,7.0655015487564325,6.537477863456435
target,0,ligand_boltz,AURKC_5330790,AURKC,O=C(c1ccccc1)n1cnc(Nc2ccccc2)n1,7.0655015487564325,6.479177362801988
target,0,mean,AURKC_11712649,AURKC,c1ccc(Nc2ncc3c(n2)-c2ccccc2C(c2ccccc2)=NC3)cc1,7.585026652029182,6.427682939277864
target,0,target_mean,AURKC_11712649,AURKC,c1ccc(Nc2ncc3c(n2)-c2ccccc2C(c2ccccc2)=NC3)cc1,7.585026652029182,6.427682939277864
target,0,ligand_only,AURKC_11712649,AURKC,c1ccc(Nc2ncc3c(n2)-c2ccccc2C(c2ccccc2)=NC3)cc1,7.585026652029182,6.675119101073707
target,0,ligand_target_id,AURKC_11712649,AURKC,c1ccc(Nc2ncc3c(n2)-c2ccccc2C(c2ccccc2)=NC3)cc1,7.585026652029182,6.585754299703836
target,0,ligand_sequence,AURKC_11712649,AURKC,c1ccc(Nc2ncc3c(n2)-c2ccccc2C(c2ccccc2)=NC3)cc1,7.585026652029182,6.808940850196654
target,0,ligand_boltz,AURKC_11712649,AURKC,c1ccc(Nc2ncc3c(n2)-c2ccccc2C(c2ccccc2)=NC3)cc1,7.585026652029182,6.823449123234493
target,1,mean,CDK2_3025986,CDK2,O=C(Nc1ncc(SCc2ncco2)s1)C1CCNCC1,7.161150909262744,6.437188016977727
target,1,target_mean,CDK2_3025986,CDK2,O=C(Nc1ncc(SCc2ncco2)s1)C1CCNCC1,7.161150909262744,6.437188016977727
target,1,ligand_only,CDK2_3025986,CDK2,O=C(Nc1ncc(SCc2ncco2)s1)C1CCNCC1,7.161150909262744,6.432303038052373
target,1,ligand_target_id,CDK2_3025986,CDK2,O=C(Nc1ncc(SCc2ncco2)s1)C1CCNCC1,7.161150909262744,6.488234298956681
target,1,ligand_sequence,CDK2_3025986,CDK2,O=C(Nc1ncc(SCc2ncco2)s1)C1CCNCC1,7.161150909262744,6.650135130702808
target,1,ligand_boltz,CDK2_3025986,CDK2,O=C(Nc1ncc(SCc2ncco2)s1)C1CCNCC1,7.161150909262744,6.537052225499108
target,1,mean,CDK2_11409972,CDK2,O=C(Nc1ccc(CN2CCNCC2)cc1)Nc1ccc(Oc2ccncn2)cc1,6.119186407719209,6.437188016977727
target,1,target_mean,CDK2_11409972,CDK2,O=C(Nc1ccc(CN2CCNCC2)cc1)Nc1ccc(Oc2ccncn2)cc1,6.119186407719209,6.437188016977727
target,1,ligand_only,CDK2_11409972,CDK2,O=C(Nc1ccc(CN2CCNCC2)cc1)Nc1ccc(Oc2ccncn2)cc1,6.119186407719209,6.662983973996621
target,1,ligand_target_id,CDK2_11409972,CDK2,O=C(Nc1ccc(CN2CCNCC2)cc1)Nc1ccc(Oc2ccncn2)cc1,6.119186407719209,6.629605902061987
target,1,ligand_sequence,CDK2_11409972,CDK2,O=C(Nc1ccc(CN2CCNCC2)cc1)Nc1ccc(Oc2ccncn2)cc1,6.119186407719209,6.867977577306951
target,1,ligand_boltz,CDK2_11409972,CDK2,O=C(Nc1ccc(CN2CCNCC2)cc1)Nc1ccc(Oc2ccncn2)cc1,6.119186407719209,6.635411891202308
target,1,mean,CDK2_160355,CDK2,c1ccc(CNc2ncnc3[nH]cnc23)cc1,5.468521082957745,6.437188016977727
target,1,target_mean,CDK2_160355,CDK2,c1ccc(CNc2ncnc3[nH]cnc23)cc1,5.468521082957745,6.437188016977727
target,1,ligand_only,CDK2_160355,CDK2,c1ccc(CNc2ncnc3[nH]cnc23)cc1,5.468521082957745,6.307710058443436
target,1,ligand_target_id,CDK2_160355,CDK2,c1ccc(CNc2ncnc3[nH]cnc23)cc1,5.468521082957745,6.363166171655562
target,1,ligand_sequence,CDK2_160355,CDK2,c1ccc(CNc2ncnc3[nH]cnc23)cc1,5.468521082957745,6.301288878601701
target,1,ligand_boltz,CDK2_160355,CDK2,c1ccc(CNc2ncnc3[nH]cnc23)cc1,5.468521082957745,6.3499332306660845
target,1,mean,CDK2_24867231,CDK2,O=c1cc(-c2ccccc2)oc2c(C3CCNCC3)cccc12,6.259637310505756,6.437188016977727
target,1,target_mean,CDK2_24867231,CDK2,O=c1cc(-c2ccccc2)oc2c(C3CCNCC3)cccc12,6.259637310505756,6.437188016977727
target,1,ligand_only,CDK2_24867231,CDK2,O=c1cc(-c2ccccc2)oc2c(C3CCNCC3)cccc12,6.259637310505756,6.749465584538301
target,1,ligand_target_id,CDK2_24867231,CDK2,O=c1cc(-c2ccccc2)oc2c(C3CCNCC3)cccc12,6.259637310505756,6.641987432761269
target,1,ligand_sequence,CDK2_24867231,CDK2,O=c1cc(-c2ccccc2)oc2c(C3CCNCC3)cccc12,6.259637310505756,6.779385601296072
target,1,ligand_boltz,CDK2_24867231,CDK2,O=c1cc(-c2ccccc2)oc2c(C3CCNCC3)cccc12,6.259637310505756,6.664311513141493
target,1,mean,CDK2_451705,CDK2,O=C1NCc2c1c1c3ccccc3n3c1c1c2c2ccccc2n1C1CCCC3O1,8.154901959985743,6.437188016977727
target,1,target_mean,CDK2_451705,CDK2,O=C1NCc2c1c1c3ccccc3n3c1c1c2c2ccccc2n1C1CCCC3O1,8.154901959985743,6.437188016977727
target,1,ligand_only,CDK2_451705,CDK2,O=C1NCc2c1c1c3ccccc3n3c1c1c2c2ccccc2n1C1CCCC3O1,8.154901959985743,7.070911371377524
target,1,ligand_target_id,CDK2_451705,CDK2,O=C1NCc2c1c1c3ccccc3n3c1c1c2c2ccccc2n1C1CCCC3O1,8.154901959985743,6.953563855466961
target,1,ligand_sequence,CDK2_451705,CDK2,O=C1NCc2c1c1c3ccccc3n3c1c1c2c2ccccc2n1C1CCCC3O1,8.154901959985743,7.097692681181691
target,1,ligand_boltz,CDK2_451705,CDK2,O=C1NCc2c1c1c3ccccc3n3c1c1c2c2ccccc2n1C1CCCC3O1,8.154901959985743,6.9445025156404006
target,1,mean,CDK2_5330790,CDK2,O=C(c1ccccc1)n1cnc(Nc2ccccc2)n1,7.638272163982407,6.437188016977727
target,1,target_mean,CDK2_5330790,CDK2,O=C(c1ccccc1)n1cnc(Nc2ccccc2)n1,7.638272163982407,6.437188016977727
target,1,ligand_only,CDK2_5330790,CDK2,O=C(c1ccccc1)n1cnc(Nc2ccccc2)n1,7.638272163982407,6.338101342022658
target,1,ligand_target_id,CDK2_5330790,CDK2,O=C(c1ccccc1)n1cnc(Nc2ccccc2)n1,7.638272163982407,6.315107046111721
target,1,ligand_sequence,CDK2_5330790,CDK2,O=C(c1ccccc1)n1cnc(Nc2ccccc2)n1,7.638272163982407,6.331051695924267
target,1,ligand_boltz,CDK2_5330790,CDK2,O=C(c1ccccc1)n1cnc(Nc2ccccc2)n1,7.638272163982407,6.298244062370479
target,2,mean,SRC_176870,SRC,c1ccc(Nc2ncnc3ccccc23)cc1,6.154901959985743,6.476079955069281
target,2,target_mean,SRC_176870,SRC,c1ccc(Nc2ncnc3ccccc23)cc1,6.154901959985743,6.476079955069281
target,2,ligand_only,SRC_176870,SRC,c1ccc(Nc2ncnc3ccccc23)cc1,6.154901959985743,5.961053338462005
target,2,ligand_target_id,SRC_176870,SRC,c1ccc(Nc2ncnc3ccccc23)cc1,6.154901959985743,6.048382492280065
target,2,ligand_sequence,SRC_176870,SRC,c1ccc(Nc2ncnc3ccccc23)cc1,6.154901959985743,5.996211619857149
target,2,ligand_boltz,SRC_176870,SRC,c1ccc(Nc2ncnc3ccccc23)cc1,6.154901959985743,5.938386125329994
target,2,mean,SRC_156414,SRC,c1ccc(Nc2ncnc3cc(OCCCN4CCOCC4)ccc23)cc1,5.958607314841775,6.476079955069281
target,2,target_mean,SRC_156414,SRC,c1ccc(Nc2ncnc3cc(OCCCN4CCOCC4)ccc23)cc1,5.958607314841775,6.476079955069281
target,2,ligand_only,SRC_156414,SRC,c1ccc(Nc2ncnc3cc(OCCCN4CCOCC4)ccc23)cc1,5.958607314841775,5.7905267353737555
target,2,ligand_target_id,SRC_156414,SRC,c1ccc(Nc2ncnc3cc(OCCCN4CCOCC4)ccc23)cc1,5.958607314841775,5.924600903047841
target,2,ligand_sequence,SRC_156414,SRC,c1ccc(Nc2ncnc3cc(OCCCN4CCOCC4)ccc23)cc1,5.958607314841775,5.843649867844066
target,2,ligand_boltz,SRC_156414,SRC,c1ccc(Nc2ncnc3cc(OCCCN4CCOCC4)ccc23)cc1,5.958607314841775,5.732393056332376
target,2,mean,SRC_5329102,SRC,O=C1Nc2ccccc2C1=Cc1ccc[nH]1,5.6777807052660805,6.476079955069281
target,2,target_mean,SRC_5329102,SRC,O=C1Nc2ccccc2C1=Cc1ccc[nH]1,5.6777807052660805,6.476079955069281
target,2,ligand_only,SRC_5329102,SRC,O=C1Nc2ccccc2C1=Cc1ccc[nH]1,5.6777807052660805,6.621939637358139
target,2,ligand_target_id,SRC_5329102,SRC,O=C1Nc2ccccc2C1=Cc1ccc[nH]1,5.6777807052660805,6.581234864185229
target,2,ligand_sequence,SRC_5329102,SRC,O=C1Nc2ccccc2C1=Cc1ccc[nH]1,5.6777807052660805,6.508705042145505
target,2,ligand_boltz,SRC_5329102,SRC,O=C1Nc2ccccc2C1=Cc1ccc[nH]1,5.6777807052660805,6.370012699606782
target,2,mean,SRC_11409972,SRC,O=C(Nc1ccc(CN2CCNCC2)cc1)Nc1ccc(Oc2ccncn2)cc1,6.468521082957745,6.476079955069281
target,2,target_mean,SRC_11409972,SRC,O=C(Nc1ccc(CN2CCNCC2)cc1)Nc1ccc(Oc2ccncn2)cc1,6.468521082957745,6.476079955069281
target,2,ligand_only,SRC_11409972,SRC,O=C(Nc1ccc(CN2CCNCC2)cc1)Nc1ccc(Oc2ccncn2)cc1,6.468521082957745,6.625168376780746
target,2,ligand_target_id,SRC_11409972,SRC,O=C(Nc1ccc(CN2CCNCC2)cc1)Nc1ccc(Oc2ccncn2)cc1,6.468521082957745,6.5992447032046035
target,2,ligand_sequence,SRC_11409972,SRC,O=C(Nc1ccc(CN2CCNCC2)cc1)Nc1ccc(Oc2ccncn2)cc1,6.468521082957745,6.642888772511229
target,2,ligand_boltz,SRC_11409972,SRC,O=C(Nc1ccc(CN2CCNCC2)cc1)Nc1ccc(Oc2ccncn2)cc1,6.468521082957745,6.652485514505667
target,2,mean,SRC_6445562,SRC,c1ccc(Nc2ccnc3ccccc23)cc1,6.552841968657781,6.476079955069281
target,2,target_mean,SRC_6445562,SRC,c1ccc(Nc2ccnc3ccccc23)cc1,6.552841968657781,6.476079955069281
target,2,ligand_only,SRC_6445562,SRC,c1ccc(Nc2ccnc3ccccc23)cc1,6.552841968657781,6.336896608544839
target,2,ligand_target_id,SRC_6445562,SRC,c1ccc(Nc2ccnc3ccccc23)cc1,6.552841968657781,6.370598270604267
target,2,ligand_sequence,SRC_6445562,SRC,c1ccc(Nc2ccnc3ccccc23)cc1,6.552841968657781,6.348923261776611
target,2,ligand_boltz,SRC_6445562,SRC,c1ccc(Nc2ccnc3ccccc23)cc1,6.552841968657781,6.231145455935834
target,2,mean,SRC_135398510,SRC,O=c1[nH]c2ccccc2cc1-c1nc2ccc(N3CCNCC3)cc2[nH]1,5.7447274948966935,6.476079955069281
target,2,target_mean,SRC_135398510,SRC,O=c1[nH]c2ccccc2cc1-c1nc2ccc(N3CCNCC3)cc2[nH]1,5.7447274948966935,6.476079955069281
target,2,ligand_only,SRC_135398510,SRC,O=c1[nH]c2ccccc2cc1-c1nc2ccc(N3CCNCC3)cc2[nH]1,5.7447274948966935,6.111036207929396
target,2,ligand_target_id,SRC_135398510,SRC,O=c1[nH]c2ccccc2cc1-c1nc2ccc(N3CCNCC3)cc2[nH]1,5.7447274948966935,6.196070712636075
target,2,ligand_sequence,SRC_135398510,SRC,O=c1[nH]c2ccccc2cc1-c1nc2ccc(N3CCNCC3)cc2[nH]1,5.7447274948966935,6.120374147327957
target,2,ligand_boltz,SRC_135398510,SRC,O=c1[nH]c2ccccc2cc1-c1nc2ccc(N3CCNCC3)cc2[nH]1,5.7447274948966935,5.998666596300074
target,2,mean,SRC_451705,SRC,O=C1NCc2c1c1c3ccccc3n3c1c1c2c2ccccc2n1C1CCCC3O1,7.0655015487564325,6.476079955069281
target,2,target_mean,SRC_451705,SRC,O=C1NCc2c1c1c3ccccc3n3c1c1c2c2ccccc2n1C1CCCC3O1,7.0655015487564325,6.476079955069281
target,2,ligand_only,SRC_451705,SRC,O=C1NCc2c1c1c3ccccc3n3c1c1c2c2ccccc2n1C1CCCC3O1,7.0655015487564325,7.164106170796808
target,2,ligand_target_id,SRC_451705,SRC,O=C1NCc2c1c1c3ccccc3n3c1c1c2c2ccccc2n1C1CCCC3O1,7.0655015487564325,7.042271962850996
target,2,ligand_sequence,SRC_451705,SRC,O=C1NCc2c1c1c3ccccc3n3c1c1c2c2ccccc2n1C1CCCC3O1,7.0655015487564325,7.082023849567699
target,2,ligand_boltz,SRC_451705,SRC,O=C1NCc2c1c1c3ccccc3n3c1c1c2c2ccccc2n1C1CCCC3O1,7.0655015487564325,7.100920091041398
target,2,mean,SRC_24202429,SRC,O=C(NC1CC2OC(C1)n1c3ccccc3c3c4c(c5c6ccccc6n2c5c31)CNC4=O)c1ccccc1,5.920818753952375,6.476079955069281
target,2,target_mean,SRC_24202429,SRC,O=C(NC1CC2OC(C1)n1c3ccccc3c3c4c(c5c6ccccc6n2c5c31)CNC4=O)c1ccccc1,5.920818753952375,6.476079955069281
target,2,ligand_only,SRC_24202429,SRC,O=C(NC1CC2OC(C1)n1c3ccccc3c3c4c(c5c6ccccc6n2c5c31)CNC4=O)c1ccccc1,5.920818753952375,6.527512065502812
target,2,ligand_target_id,SRC_24202429,SRC,O=C(NC1CC2OC(C1)n1c3ccccc3c3c4c(c5c6ccccc6n2c5c31)CNC4=O)c1ccccc1,5.920818753952375,6.566473053521631
target,2,ligand_sequence,SRC_24202429,SRC,O=C(NC1CC2OC(C1)n1c3ccccc3c3c4c(c5c6ccccc6n2c5c31)CNC4=O)c1ccccc1,5.920818753952375,6.461163574606713
target,2,ligand_boltz,SRC_24202429,SRC,O=C(NC1CC2OC(C1)n1c3ccccc3c3c4c(c5c6ccccc6n2c5c31)CNC4=O)c1ccccc1,5.920818753952375,6.4263490645709735
target,2,mean,SRC_3081361,SRC,c1ccc(Nc2ncnc3cc(OCC4CCNCC4)ccc23)cc1,7.154901959985743,6.476079955069281
target,2,target_mean,SRC_3081361,SRC,c1ccc(Nc2ncnc3cc(OCC4CCNCC4)ccc23)cc1,7.154901959985743,6.476079955069281
target,2,ligand_only,SRC_3081361,SRC,c1ccc(Nc2ncnc3cc(OCC4CCNCC4)ccc23)cc1,7.154901959985743,6.406498494350348
target,2,ligand_target_id,SRC_3081361,SRC,c1ccc(Nc2ncnc3cc(OCC4CCNCC4)ccc23)cc1,7.154901959985743,6.395589120139224
target,2,ligand_sequence,SRC_3081361,SRC,c1ccc(Nc2ncnc3cc(OCC4CCNCC4)ccc23)cc1,7.154901959985743,6.462876867761614
target,2,ligand_boltz,SRC_3081361,SRC,c1ccc(Nc2ncnc3cc(OCC4CCNCC4)ccc23)cc1,7.154901959985743,6.425130139429857
target,2,mean,SRC_123631,SRC,c1ccc(Nc2ncnc3ccc(OCCCN4CCOCC4)cc23)cc1,5.42021640338319,6.476079955069281
target,2,target_mean,SRC_123631,SRC,c1ccc(Nc2ncnc3ccc(OCCCN4CCOCC4)cc23)cc1,5.42021640338319,6.476079955069281
target,2,ligand_only,SRC_123631,SRC,c1ccc(Nc2ncnc3ccc(OCCCN4CCOCC4)cc23)cc1,5.42021640338319,5.910093412896869
target,2,ligand_target_id,SRC_123631,SRC,c1ccc(Nc2ncnc3ccc(OCCCN4CCOCC4)cc23)cc1,5.42021640338319,6.004030515110806
target,2,ligand_sequence,SRC_123631,SRC,c1ccc(Nc2ncnc3ccc(OCCCN4CCOCC4)cc23)cc1,5.42021640338319,5.957527427645267
target,2,ligand_boltz,SRC_123631,SRC,c1ccc(Nc2ncnc3ccc(OCCCN4CCOCC4)cc23)cc1,5.42021640338319,5.8458900932110085
target,2,mean,SRC_176155,SRC,c1ccc(-c2nc(-c3ccccc3)c(-c3ccncc3)[nH]2)cc1,5.275724130399211,6.476079955069281
target,2,target_mean,SRC_176155,SRC,c1ccc(-c2nc(-c3ccccc3)c(-c3ccncc3)[nH]2)cc1,5.275724130399211,6.476079955069281
target,2,ligand_only,SRC_176155,SRC,c1ccc(-c2nc(-c3ccccc3)c(-c3ccncc3)[nH]2)cc1,5.275724130399211,6.305033419895365
target,2,ligand_target_id,SRC_176155,SRC,c1ccc(-c2nc(-c3ccccc3)c(-c3ccncc3)[nH]2)cc1,5.275724130399211,6.338633815176931
target,2,ligand_sequence,SRC_176155,SRC,c1ccc(-c2nc(-c3ccccc3)c(-c3ccncc3)[nH]2)cc1,5.275724130399211,6.16576395066974
target,2,ligand_boltz,SRC_176155,SRC,c1ccc(-c2nc(-c3ccccc3)c(-c3ccncc3)[nH]2)cc1,5.275724130399211,6.0682813751395095
target,2,mean,SRC_10138259,SRC,O=C1Nc2ccccc2C1=Cc1cc(C(=O)NCCCN2CCOCC2)c[nH]1,5.309803919971486,6.476079955069281
target,2,target_mean,SRC_10138259,SRC,O=C1Nc2ccccc2C1=Cc1cc(C(=O)NCCCN2CCOCC2)c[nH]1,5.309803919971486,6.476079955069281
target,2,ligand_only,SRC_10138259,SRC,O=C1Nc2ccccc2C1=Cc1cc(C(=O)NCCCN2CCOCC2)c[nH]1,5.309803919971486,6.214076578135849
target,2,ligand_target_id,SRC_10138259,SRC,O=C1Nc2ccccc2C1=Cc1cc(C(=O)NCCCN2CCOCC2)c[nH]1,5.309803919971486,6.25629616648689
target,2,ligand_sequence,SRC_10138259,SRC,O=C1Nc2ccccc2C1=Cc1cc(C(=O)NCCCN2CCOCC2)c[nH]1,5.309803919971486,6.133233258236899
target,2,ligand_boltz,SRC_10138259,SRC,O=C1Nc2ccccc2C1=Cc1cc(C(=O)NCCCN2CCOCC2)c[nH]1,5.309803919971486,6.0213737123432844
target,2,mean,SRC_5494449,SRC,O=C(Nc1ccc(Sc2nc(Nc3cc[nH]n3)cc(N3CCNCC3)n2)cc1)C1CC1,6.769551078621726,6.476079955069281
target,2,target_mean,SRC_5494449,SRC,O=C(Nc1ccc(Sc2nc(Nc3cc[nH]n3)cc(N3CCNCC3)n2)cc1)C1CC1,6.769551078621726,6.476079955069281
target,2,ligand_only,SRC_5494449,SRC,O=C(Nc1ccc(Sc2nc(Nc3cc[nH]n3)cc(N3CCNCC3)n2)cc1)C1CC1,6.769551078621726,7.310855884059347
target,2,ligand_target_id,SRC_5494449,SRC,O=C(Nc1ccc(Sc2nc(Nc3cc[nH]n3)cc(N3CCNCC3)n2)cc1)C1CC1,6.769551078621726,7.068243125417649
target,2,ligand_sequence,SRC_5494449,SRC,O=C(Nc1ccc(Sc2nc(Nc3cc[nH]n3)cc(N3CCNCC3)n2)cc1)C1CC1,6.769551078621726,7.041974473392406
target,2,ligand_boltz,SRC_5494449,SRC,O=C(Nc1ccc(Sc2nc(Nc3cc[nH]n3)cc(N3CCNCC3)n2)cc1)C1CC1,6.769551078621726,6.908616700162688
target,2,mean,SRC_10113978,SRC,c1ccc(Nc2nccc(Nc3ccc4c[nH]nc4c3)n2)cc1,5.552841968657781,6.476079955069281
target,2,target_mean,SRC_10113978,SRC,c1ccc(Nc2nccc(Nc3ccc4c[nH]nc4c3)n2)cc1,5.552841968657781,6.476079955069281
target,2,ligand_only,SRC_10113978,SRC,c1ccc(Nc2nccc(Nc3ccc4c[nH]nc4c3)n2)cc1,5.552841968657781,5.972139927822969
target,2,ligand_target_id,SRC_10113978,SRC,c1ccc(Nc2nccc(Nc3ccc4c[nH]nc4c3)n2)cc1,5.552841968657781,6.098468116817486
target,2,ligand_sequence,SRC_10113978,SRC,c1ccc(Nc2nccc(Nc3ccc4c[nH]nc4c3)n2)cc1,5.552841968657781,5.980631745759142
target,2,ligand_boltz,SRC_10113978,SRC,c1ccc(Nc2nccc(Nc3ccc4c[nH]nc4c3)n2)cc1,5.552841968657781,5.94278572743813
target,2,mean,SRC_3062316,SRC,O=C(Nc1ccccc1)c1cnc(Nc2cc(N3CCNCC3)ncn2)s1,9.67778070526608,6.476079955069281
target,2,target_mean,SRC_3062316,SRC,O=C(Nc1ccccc1)c1cnc(Nc2cc(N3CCNCC3)ncn2)s1,9.67778070526608,6.476079955069281
target,2,ligand_only,SRC_3062316,SRC,O=C(Nc1ccccc1)c1cnc(Nc2cc(N3CCNCC3)ncn2)s1,9.67778070526608,8.11717047831078
target,2,ligand_target_id,SRC_3062316,SRC,O=C(Nc1ccccc1)c1cnc(Nc2cc(N3CCNCC3)ncn2)s1,9.67778070526608,7.668840184789082
target,2,ligand_sequence,SRC_3062316,SRC,O=C(Nc1ccccc1)c1cnc(Nc2cc(N3CCNCC3)ncn2)s1,9.67778070526608,8.011678421420784
target,2,ligand_boltz,SRC_3062316,SRC,O=C(Nc1ccccc1)c1cnc(Nc2cc(N3CCNCC3)ncn2)s1,9.67778070526608,8.139142724353874
target,2,mean,SRC_11656518,SRC,c1ccc(Nc2nc3cc(Oc4ccnc(-c5ncc[nH]5)c4)ccc3[nH]2)cc1,5.958607314841775,6.476079955069281
target,2,target_mean,SRC_11656518,SRC,c1ccc(Nc2nc3cc(Oc4ccnc(-c5ncc[nH]5)c4)ccc3[nH]2)cc1,5.958607314841775,6.476079955069281
target,2,ligand_only,SRC_11656518,SRC,c1ccc(Nc2nc3cc(Oc4ccnc(-c5ncc[nH]5)c4)ccc3[nH]2)cc1,5.958607314841775,6.195247593540915
target,2,ligand_target_id,SRC_11656518,SRC,c1ccc(Nc2nc3cc(Oc4ccnc(-c5ncc[nH]5)c4)ccc3[nH]2)cc1,5.958607314841775,6.29367356355429
target,2,ligand_sequence,SRC_11656518,SRC,c1ccc(Nc2nc3cc(Oc4ccnc(-c5ncc[nH]5)c4)ccc3[nH]2)cc1,5.958607314841775,6.212821073321251
target,2,ligand_boltz,SRC_11656518,SRC,c1ccc(Nc2nc3cc(Oc4ccnc(-c5ncc[nH]5)c4)ccc3[nH]2)cc1,5.958607314841775,6.1512015079054585
target,2,mean,SRC_11712649,SRC,c1ccc(Nc2ncc3c(n2)-c2ccccc2C(c2ccccc2)=NC3)cc1,6.096910013008056,6.476079955069281
target,2,target_mean,SRC_11712649,SRC,c1ccc(Nc2ncc3c(n2)-c2ccccc2C(c2ccccc2)=NC3)cc1,6.096910013008056,6.476079955069281
target,2,ligand_only,SRC_11712649,SRC,c1ccc(Nc2ncc3c(n2)-c2ccccc2C(c2ccccc2)=NC3)cc1,6.096910013008056,6.92094915925958
target,2,ligand_target_id,SRC_11712649,SRC,c1ccc(Nc2ncc3c(n2)-c2ccccc2C(c2ccccc2)=NC3)cc1,6.096910013008056,6.76722482222287
target,2,ligand_sequence,SRC_11712649,SRC,c1ccc(Nc2ncc3c(n2)-c2ccccc2C(c2ccccc2)=NC3)cc1,6.096910013008056,6.667283562467503
target,2,ligand_boltz,SRC_11712649,SRC,c1ccc(Nc2ncc3c(n2)-c2ccccc2C(c2ccccc2)=NC3)cc1,6.096910013008056,6.51833330562786
target,2,mean,SRC_3038525,SRC,O=c1ncn2nc(Sc3ccccc3)ccc2c1-c1ccccc1,5.259637310505756,6.476079955069281
target,2,target_mean,SRC_3038525,SRC,O=c1ncn2nc(Sc3ccccc3)ccc2c1-c1ccccc1,5.259637310505756,6.476079955069281
target,2,ligand_only,SRC_3038525,SRC,O=c1ncn2nc(Sc3ccccc3)ccc2c1-c1ccccc1,5.259637310505756,5.925946152821413
target,2,ligand_target_id,SRC_3038525,SRC,O=c1ncn2nc(Sc3ccccc3)ccc2c1-c1ccccc1,5.259637310505756,6.172836512328369
target,2,ligand_sequence,SRC_3038525,SRC,O=c1ncn2nc(Sc3ccccc3)ccc2c1-c1ccccc1,5.259637310505756,5.969412035697156
target,2,ligand_boltz,SRC_3038525,SRC,O=c1ncn2nc(Sc3ccccc3)ccc2c1-c1ccccc1,5.259637310505756,5.923632574125094
target,3,mean,GSK3B_3025986,GSK3B,O=C(Nc1ncc(SCc2ncco2)s1)C1CCNCC1,7.431798275933005,6.463026173980908
target,3,target_mean,GSK3B_3025986,GSK3B,O=C(Nc1ncc(SCc2ncco2)s1)C1CCNCC1,7.431798275933005,6.463026173980908
target,3,ligand_only,GSK3B_3025986,GSK3B,O=C(Nc1ncc(SCc2ncco2)s1)C1CCNCC1,7.431798275933005,6.391808389526819
target,3,ligand_target_id,GSK3B_3025986,GSK3B,O=C(Nc1ncc(SCc2ncco2)s1)C1CCNCC1,7.431798275933005,6.458648624799333
target,3,ligand_sequence,GSK3B_3025986,GSK3B,O=C(Nc1ncc(SCc2ncco2)s1)C1CCNCC1,7.431798275933005,6.385607934453635
target,3,ligand_boltz,GSK3B_3025986,GSK3B,O=C(Nc1ncc(SCc2ncco2)s1)C1CCNCC1,7.431798275933005,6.444429161144924
target,3,mean,GSK3B_153999,GSK3B,O=C1NC(=O)C2=C1c1cn(c3ccccc13)CCCOCCn1cc2c2ccccc21,5.585026652029182,6.463026173980908
target,3,target_mean,GSK3B_153999,GSK3B,O=C1NC(=O)C2=C1c1cn(c3ccccc13)CCCOCCn1cc2c2ccccc21,5.585026652029182,6.463026173980908
target,3,ligand_only,GSK3B_153999,GSK3B,O=C1NC(=O)C2=C1c1cn(c3ccccc13)CCCOCCn1cc2c2ccccc21,5.585026652029182,6.4287092393821075
target,3,ligand_target_id,GSK3B_153999,GSK3B,O=C1NC(=O)C2=C1c1cn(c3ccccc13)CCCOCCn1cc2c2ccccc21,5.585026652029182,6.456996915240177
target,3,ligand_sequence,GSK3B_153999,GSK3B,O=C1NC(=O)C2=C1c1cn(c3ccccc13)CCCOCCn1cc2c2ccccc21,5.585026652029182,6.407923269889559
target,3,ligand_boltz,GSK3B_153999,GSK3B,O=C1NC(=O)C2=C1c1cn(c3ccccc13)CCCOCCn1cc2c2ccccc21,5.585026652029182,6.461145926880673
target,3,mean,GSK3B_24867231,GSK3B,O=c1cc(-c2ccccc2)oc2c(C3CCNCC3)cccc12,6.136677139879544,6.463026173980908
target,3,target_mean,GSK3B_24867231,GSK3B,O=c1cc(-c2ccccc2)oc2c(C3CCNCC3)cccc12,6.136677139879544,6.463026173980908
target,3,ligand_only,GSK3B_24867231,GSK3B,O=c1cc(-c2ccccc2)oc2c(C3CCNCC3)cccc12,6.136677139879544,6.803240338967961
target,3,ligand_target_id,GSK3B_24867231,GSK3B,O=c1cc(-c2ccccc2)oc2c(C3CCNCC3)cccc12,6.136677139879544,6.669328420341382
target,3,ligand_sequence,GSK3B_24867231,GSK3B,O=c1cc(-c2ccccc2)oc2c(C3CCNCC3)cccc12,6.136677139879544,6.654384052956482
target,3,ligand_boltz,GSK3B_24867231,GSK3B,O=c1cc(-c2ccccc2)oc2c(C3CCNCC3)cccc12,6.136677139879544,6.707025943716801
target,3,mean,GSK3B_135398510,GSK3B,O=c1[nH]c2ccccc2cc1-c1nc2ccc(N3CCNCC3)cc2[nH]1,6.455931955649724,6.463026173980908
target,3,target_mean,GSK3B_135398510,GSK3B,O=c1[nH]c2ccccc2cc1-c1nc2ccc(N3CCNCC3)cc2[nH]1,6.455931955649724,6.463026173980908
target,3,ligand_only,GSK3B_135398510,GSK3B,O=c1[nH]c2ccccc2cc1-c1nc2ccc(N3CCNCC3)cc2[nH]1,6.455931955649724,6.0236217069886235
target,3,ligand_target_id,GSK3B_135398510,GSK3B,O=c1[nH]c2ccccc2cc1-c1nc2ccc(N3CCNCC3)cc2[nH]1,6.455931955649724,6.125237037192085
target,3,ligand_sequence,GSK3B_135398510,GSK3B,O=c1[nH]c2ccccc2cc1-c1nc2ccc(N3CCNCC3)cc2[nH]1,6.455931955649724,6.032955297479333
target,3,ligand_boltz,GSK3B_135398510,GSK3B,O=c1[nH]c2ccccc2cc1-c1nc2ccc(N3CCNCC3)cc2[nH]1,6.455931955649724,6.140233064274258
target,3,mean,GSK3B_451705,GSK3B,O=C1NCc2c1c1c3ccccc3n3c1c1c2c2ccccc2n1C1CCCC3O1,7.161150909262744,6.463026173980908
target,3,target_mean,GSK3B_451705,GSK3B,O=C1NCc2c1c1c3ccccc3n3c1c1c2c2ccccc2n1C1CCCC3O1,7.161150909262744,6.463026173980908
target,3,ligand_only,GSK3B_451705,GSK3B,O=C1NCc2c1c1c3ccccc3n3c1c1c2c2ccccc2n1C1CCCC3O1,7.161150909262744,7.16022432343819
target,3,ligand_target_id,GSK3B_451705,GSK3B,O=C1NCc2c1c1c3ccccc3n3c1c1c2c2ccccc2n1C1CCCC3O1,7.161150909262744,7.037851245799432
target,3,ligand_sequence,GSK3B_451705,GSK3B,O=C1NCc2c1c1c3ccccc3n3c1c1c2c2ccccc2n1C1CCCC3O1,7.161150909262744,7.038189815644854
target,3,ligand_boltz,GSK3B_451705,GSK3B,O=C1NCc2c1c1c3ccccc3n3c1c1c2c2ccccc2n1C1CCCC3O1,7.161150909262744,7.078718512734194
target,3,mean,GSK3B_24202429,GSK3B,O=C(NC1CC2OC(C1)n1c3ccccc3c3c4c(c5c6ccccc6n2c5c31)CNC4=O)c1ccccc1,5.7447274948966935,6.463026173980908
target,3,target_mean,GSK3B_24202429,GSK3B,O=C(NC1CC2OC(C1)n1c3ccccc3c3c4c(c5c6ccccc6n2c5c31)CNC4=O)c1ccccc1,5.7447274948966935,6.463026173980908
target,3,ligand_only,GSK3B_24202429,GSK3B,O=C(NC1CC2OC(C1)n1c3ccccc3c3c4c(c5c6ccccc6n2c5c31)CNC4=O)c1ccccc1,5.7447274948966935,6.551761420701862
target,3,ligand_target_id,GSK3B_24202429,GSK3B,O=C(NC1CC2OC(C1)n1c3ccccc3c3c4c(c5c6ccccc6n2c5c31)CNC4=O)c1ccccc1,5.7447274948966935,6.582902641188025
target,3,ligand_sequence,GSK3B_24202429,GSK3B,O=C(NC1CC2OC(C1)n1c3ccccc3c3c4c(c5c6ccccc6n2c5c31)CNC4=O)c1ccccc1,5.7447274948966935,6.499457178048643
target,3,ligand_boltz,GSK3B_24202429,GSK3B,O=C(NC1CC2OC(C1)n1c3ccccc3c3c4c(c5c6ccccc6n2c5c31)CNC4=O)c1ccccc1,5.7447274948966935,6.6038613488810585
target,3,mean,GSK3B_176155,GSK3B,c1ccc(-c2nc(-c3ccccc3)c(-c3ccncc3)[nH]2)cc1,5.769551078621726,6.463026173980908
target,3,target_mean,GSK3B_176155,GSK3B,c1ccc(-c2nc(-c3ccccc3)c(-c3ccncc3)[nH]2)cc1,5.769551078621726,6.463026173980908
target,3,ligand_only,GSK3B_176155,GSK3B,c1ccc(-c2nc(-c3ccccc3)c(-c3ccncc3)[nH]2)cc1,5.769551078621726,6.251006713211643
target,3,ligand_target_id,GSK3B_176155,GSK3B,c1ccc(-c2nc(-c3ccccc3)c(-c3ccncc3)[nH]2)cc1,5.769551078621726,6.296645546919537
target,3,ligand_sequence,GSK3B_176155,GSK3B,c1ccc(-c2nc(-c3ccccc3)c(-c3ccncc3)[nH]2)cc1,5.769551078621726,6.186665999047522
target,3,ligand_boltz,GSK3B_176155,GSK3B,c1ccc(-c2nc(-c3ccccc3)c(-c3ccncc3)[nH]2)cc1,5.769551078621726,6.383490469485391
target,3,mean,GSK3B_5330790,GSK3B,O=C(c1ccccc1)n1cnc(Nc2ccccc2)n1,6.022276394711152,6.463026173980908
target,3,target_mean,GSK3B_5330790,GSK3B,O=C(c1ccccc1)n1cnc(Nc2ccccc2)n1,6.022276394711152,6.463026173980908
target,3,ligand_only,GSK3B_5330790,GSK3B,O=C(c1ccccc1)n1cnc(Nc2ccccc2)n1,6.022276394711152,6.563575966978563
target,3,ligand_target_id,GSK3B_5330790,GSK3B,O=C(c1ccccc1)n1cnc(Nc2ccccc2)n1,6.022276394711152,6.490405118087021
target,3,ligand_sequence,GSK3B_5330790,GSK3B,O=C(c1ccccc1)n1cnc(Nc2ccccc2)n1,6.022276394711152,6.400644988365323
target,3,ligand_boltz,GSK3B_5330790,GSK3B,O=C(c1ccccc1)n1cnc(Nc2ccccc2)n1,6.022276394711152,6.482941766881346
target,3,mean,GSK3B_5169,GSK3B,c1ccc(-c2nc(-c3ccccc3)c(-c3ccncc3)[nH]2)cc1,5.568636235841012,6.463026173980908
target,3,target_mean,GSK3B_5169,GSK3B,c1ccc(-c2nc(-c3ccccc3)c(-c3ccncc3)[nH]2)cc1,5.568636235841012,6.463026173980908
target,3,ligand_only,GSK3B_5169,GSK3B,c1ccc(-c2nc(-c3ccccc3)c(-c3ccncc3)[nH]2)cc1,5.568636235841012,6.431235881243792
target,3,ligand_target_id,GSK3B_5169,GSK3B,c1ccc(-c2nc(-c3ccccc3)c(-c3ccncc3)[nH]2)cc1,5.568636235841012,6.374579891825811
target,3,ligand_sequence,GSK3B_5169,GSK3B,c1ccc(-c2nc(-c3ccccc3)c(-c3ccncc3)[nH]2)cc1,5.568636235841012,6.284327714103785
target,3,ligand_boltz,GSK3B_5169,GSK3B,c1ccc(-c2nc(-c3ccccc3)c(-c3ccncc3)[nH]2)cc1,5.568636235841012,6.44171814729303
target,4,mean,FRK_176870,FRK,c1ccc(Nc2ncnc3ccccc23)cc1,5.698970004336019,6.475645492436273
target,4,target_mean,FRK_176870,FRK,c1ccc(Nc2ncnc3ccccc23)cc1,5.698970004336019,6.475645492436273
target,4,ligand_only,FRK_176870,FRK,c1ccc(Nc2ncnc3ccccc23)cc1,5.698970004336019,6.016991019284737
target,4,ligand_target_id,FRK_176870,FRK,c1ccc(Nc2ncnc3ccccc23)cc1,5.698970004336019,6.0931174969541
target,4,ligand_sequence,FRK_176870,FRK,c1ccc(Nc2ncnc3ccccc23)cc1,5.698970004336019,6.06325501665932
target,4,ligand_boltz,FRK_176870,FRK,c1ccc(Nc2ncnc3ccccc23)cc1,5.698970004336019,5.992303489526484
target,4,mean,FRK_156414,FRK,c1ccc(Nc2ncnc3cc(OCCCN4CCOCC4)ccc23)cc1,5.468521082957745,6.475645492436273
target,4,target_mean,FRK_156414,FRK,c1ccc(Nc2ncnc3cc(OCCCN4CCOCC4)ccc23)cc1,5.468521082957745,6.475645492436273
target,4,ligand_only,FRK_156414,FRK,c1ccc(Nc2ncnc3cc(OCCCN4CCOCC4)ccc23)cc1,5.468521082957745,5.861890929164698
target,4,ligand_target_id,FRK_156414,FRK,c1ccc(Nc2ncnc3cc(OCCCN4CCOCC4)ccc23)cc1,5.468521082957745,5.975567837059189
target,4,ligand_sequence,FRK_156414,FRK,c1ccc(Nc2ncnc3cc(OCCCN4CCOCC4)ccc23)cc1,5.468521082957745,5.92517379268075
target,4,ligand_boltz,FRK_156414,FRK,c1ccc(Nc2ncnc3cc(OCCCN4CCOCC4)ccc23)cc1,5.468521082957745,5.797064439709
target,4,mean,FRK_11667893,FRK,O=C(Nc1ccc2c(c1)NCC2)c1cccnc1NCc1ccncc1,7.00436480540245,6.475645492436273
target,4,target_mean,FRK_11667893,FRK,O=C(Nc1ccc2c(c1)NCC2)c1cccnc1NCc1ccncc1,7.00436480540245,6.475645492436273
target,4,ligand_only,FRK_11667893,FRK,O=C(Nc1ccc2c(c1)NCC2)c1cccnc1NCc1ccncc1,7.00436480540245,6.249779316907601
target,4,ligand_target_id,FRK_11667893,FRK,O=C(Nc1ccc2c(c1)NCC2)c1cccnc1NCc1ccncc1,7.00436480540245,6.300154248968553
target,4,ligand_sequence,FRK_11667893,FRK,O=C(Nc1ccc2c(c1)NCC2)c1cccnc1NCc1ccncc1,7.00436480540245,6.257581412428694
target,4,ligand_boltz,FRK_11667893,FRK,O=C(Nc1ccc2c(c1)NCC2)c1cccnc1NCc1ccncc1,7.00436480540245,6.192930451819955
target,4,mean,FRK_5329102,FRK,O=C1Nc2ccccc2C1=Cc1ccc[nH]1,6.275724130399211,6.475645492436273
target,4,target_mean,FRK_5329102,FRK,O=C1Nc2ccccc2C1=Cc1ccc[nH]1,6.275724130399211,6.475645492436273
target,4,ligand_only,FRK_5329102,FRK,O=C1Nc2ccccc2C1=Cc1ccc[nH]1,6.275724130399211,6.5543538847333
target,4,ligand_target_id,FRK_5329102,FRK,O=C1Nc2ccccc2C1=Cc1ccc[nH]1,6.275724130399211,6.5226994932259705
target,4,ligand_sequence,FRK_5329102,FRK,O=C1Nc2ccccc2C1=Cc1ccc[nH]1,6.275724130399211,6.469837771366933
target,4,ligand_boltz,FRK_5329102,FRK,O=C1Nc2ccccc2C1=Cc1ccc[nH]1,6.275724130399211,6.400188049230113
target,4,mean,FRK_11409972,FRK,O=C(Nc1ccc(CN2CCNCC2)cc1)Nc1ccc(Oc2ccncn2)cc1,7.585026652029182,6.475645492436273
target,4,target_mean,FRK_11409972,FRK,O=C(Nc1ccc(CN2CCNCC2)cc1)Nc1ccc(Oc2ccncn2)cc1,7.585026652029182,6.475645492436273
target,4,ligand_only,FRK_11409972,FRK,O=C(Nc1ccc(CN2CCNCC2)cc1)Nc1ccc(Oc2ccncn2)cc1,7.585026652029182,6.511922176609838
target,4,ligand_target_id,FRK_11409972,FRK,O=C(Nc1ccc(CN2CCNCC2)cc1)Nc1ccc(Oc2ccncn2)cc1,7.585026652029182,6.5077081761096265
target,4,ligand_sequence,FRK_11409972,FRK,O=C(Nc1ccc(CN2CCNCC2)cc1)Nc1ccc(Oc2ccncn2)cc1,7.585026652029182,6.556249155441506
target,4,ligand_boltz,FRK_11409972,FRK,O=C(Nc1ccc(CN2CCNCC2)cc1)Nc1ccc(Oc2ccncn2)cc1,7.585026652029182,6.471177971528693
target,4,mean,FRK_6445562,FRK,c1ccc(Nc2ccnc3ccccc23)cc1,6.167491087293763,6.475645492436273
target,4,target_mean,FRK_6445562,FRK,c1ccc(Nc2ccnc3ccccc23)cc1,6.167491087293763,6.475645492436273
target,4,ligand_only,FRK_6445562,FRK,c1ccc(Nc2ccnc3ccccc23)cc1,6.167491087293763,6.40088892426502
target,4,ligand_target_id,FRK_6445562,FRK,c1ccc(Nc2ccnc3ccccc23)cc1,6.167491087293763,6.418835576563297
target,4,ligand_sequence,FRK_6445562,FRK,c1ccc(Nc2ccnc3ccccc23)cc1,6.167491087293763,6.443169938805681
target,4,ligand_boltz,FRK_6445562,FRK,c1ccc(Nc2ccnc3ccccc23)cc1,6.167491087293763,6.330929235801282
target,4,mean,FRK_135398510,FRK,O=c1[nH]c2ccccc2cc1-c1nc2ccc(N3CCNCC3)cc2[nH]1,5.638272163982407,6.475645492436273
target,4,target_mean,FRK_135398510,FRK,O=c1[nH]c2ccccc2cc1-c1nc2ccc(N3CCNCC3)cc2[nH]1,5.638272163982407,6.475645492436273
target,4,ligand_only,FRK_135398510,FRK,O=c1[nH]c2ccccc2cc1-c1nc2ccc(N3CCNCC3)cc2[nH]1,5.638272163982407,6.122139976951182
target,4,ligand_target_id,FRK_135398510,FRK,O=c1[nH]c2ccccc2cc1-c1nc2ccc(N3CCNCC3)cc2[nH]1,5.638272163982407,6.205025445343235
target,4,ligand_sequence,FRK_135398510,FRK,O=c1[nH]c2ccccc2cc1-c1nc2ccc(N3CCNCC3)cc2[nH]1,5.638272163982407,6.139853141992397
target,4,ligand_boltz,FRK_135398510,FRK,O=c1[nH]c2ccccc2cc1-c1nc2ccc(N3CCNCC3)cc2[nH]1,5.638272163982407,6.025455998752987
target,4,mean,FRK_216239,FRK,O=C(Nc1ccccc1)Nc1ccc(Oc2ccncc2)cc1,6.292429823902063,6.475645492436273
target,4,target_mean,FRK_216239,FRK,O=C(Nc1ccccc1)Nc1ccc(Oc2ccncc2)cc1,6.292429823902063,6.475645492436273
target,4,ligand_only,FRK_216239,FRK,O=C(Nc1ccccc1)Nc1ccc(Oc2ccncc2)cc1,6.292429823902063,6.387691719272308
target,4,ligand_target_id,FRK_216239,FRK,O=C(Nc1ccccc1)Nc1ccc(Oc2ccncc2)cc1,6.292429823902063,6.33692311255584
target,4,ligand_sequence,FRK_216239,FRK,O=C(Nc1ccccc1)Nc1ccc(Oc2ccncc2)cc1,6.292429823902063,6.249139919096471
target,4,ligand_boltz,FRK_216239,FRK,O=C(Nc1ccccc1)Nc1ccc(Oc2ccncc2)cc1,6.292429823902063,6.21976219790109
target,4,mean,FRK_451705,FRK,O=C1NCc2c1c1c3ccccc3n3c1c1c2c2ccccc2n1C1CCCC3O1,7.346787486224656,6.475645492436273
target,4,target_mean,FRK_451705,FRK,O=C1NCc2c1c1c3ccccc3n3c1c1c2c2ccccc2n1C1CCCC3O1,7.346787486224656,6.475645492436273
target,4,ligand_only,FRK_451705,FRK,O=C1NCc2c1c1c3ccccc3n3c1c1c2c2ccccc2n1C1CCCC3O1,7.346787486224656,7.14549584581823
target,4,ligand_target_id,FRK_451705,FRK,O=C1NCc2c1c1c3ccccc3n3c1c1c2c2ccccc2n1C1CCCC3O1,7.346787486224656,7.027687363004389
target,4,ligand_sequence,FRK_451705,FRK,O=C1NCc2c1c1c3ccccc3n3c1c1c2c2ccccc2n1C1CCCC3O1,7.346787486224656,7.101954210942894
target,4,ligand_boltz,FRK_451705,FRK,O=C1NCc2c1c1c3ccccc3n3c1c1c2c2ccccc2n1C1CCCC3O1,7.346787486224656,7.068177609432837
target,4,mean,FRK_24202429,FRK,O=C(NC1CC2OC(C1)n1c3ccccc3c3c4c(c5c6ccccc6n2c5c31)CNC4=O)c1ccccc1,5.619788758288394,6.475645492436273
target,4,target_mean,FRK_24202429,FRK,O=C(NC1CC2OC(C1)n1c3ccccc3c3c4c(c5c6ccccc6n2c5c31)CNC4=O)c1ccccc1,5.619788758288394,6.475645492436273
target,4,ligand_only,FRK_24202429,FRK,O=C(NC1CC2OC(C1)n1c3ccccc3c3c4c(c5c6ccccc6n2c5c31)CNC4=O)c1ccccc1,5.619788758288394,6.5563658887831515
target,4,ligand_target_id,FRK_24202429,FRK,O=C(NC1CC2OC(C1)n1c3ccccc3c3c4c(c5c6ccccc6n2c5c31)CNC4=O)c1ccccc1,5.619788758288394,6.5890550443944935
target,4,ligand_sequence,FRK_24202429,FRK,O=C(NC1CC2OC(C1)n1c3ccccc3c3c4c(c5c6ccccc6n2c5c31)CNC4=O)c1ccccc1,5.619788758288394,6.544524897479459
target,4,ligand_boltz,FRK_24202429,FRK,O=C(NC1CC2OC(C1)n1c3ccccc3c3c4c(c5c6ccccc6n2c5c31)CNC4=O)c1ccccc1,5.619788758288394,6.482366885968849
target,4,mean,FRK_3081361,FRK,c1ccc(Nc2ncnc3cc(OCC4CCNCC4)ccc23)cc1,6.769551078621726,6.475645492436273
target,4,target_mean,FRK_3081361,FRK,c1ccc(Nc2ncnc3cc(OCC4CCNCC4)ccc23)cc1,6.769551078621726,6.475645492436273
target,4,ligand_only,FRK_3081361,FRK,c1ccc(Nc2ncnc3cc(OCC4CCNCC4)ccc23)cc1,6.769551078621726,6.46890348973279
target,4,ligand_target_id,FRK_3081361,FRK,c1ccc(Nc2ncnc3cc(OCC4CCNCC4)ccc23)cc1,6.769551078621726,6.4417041992605855
target,4,ligand_sequence,FRK_3081361,FRK,c1ccc(Nc2ncnc3cc(OCC4CCNCC4)ccc23)cc1,6.769551078621726,6.525331708396528
target,4,ligand_boltz,FRK_3081361,FRK,c1ccc(Nc2ncnc3cc(OCC4CCNCC4)ccc23)cc1,6.769551078621726,6.430081762765951
target,4,mean,FRK_123631,FRK,c1ccc(Nc2ncnc3ccc(OCCCN4CCOCC4)cc23)cc1,5.698970004336019,6.475645492436273
target,4,target_mean,FRK_123631,FRK,c1ccc(Nc2ncnc3ccc(OCCCN4CCOCC4)cc23)cc1,5.698970004336019,6.475645492436273
target,4,ligand_only,FRK_123631,FRK,c1ccc(Nc2ncnc3ccc(OCCCN4CCOCC4)cc23)cc1,5.698970004336019,5.886358618309871
target,4,ligand_target_id,FRK_123631,FRK,c1ccc(Nc2ncnc3ccc(OCCCN4CCOCC4)cc23)cc1,5.698970004336019,5.993204876944002
target,4,ligand_sequence,FRK_123631,FRK,c1ccc(Nc2ncnc3ccc(OCCCN4CCOCC4)cc23)cc1,5.698970004336019,5.958326035119768
target,4,ligand_boltz,FRK_123631,FRK,c1ccc(Nc2ncnc3ccc(OCCCN4CCOCC4)cc23)cc1,5.698970004336019,5.827251814087748
target,4,mean,FRK_176155,FRK,c1ccc(-c2nc(-c3ccccc3)c(-c3ccncc3)[nH]2)cc1,5.7447274948966935,6.475645492436273
target,4,target_mean,FRK_176155,FRK,c1ccc(-c2nc(-c3ccccc3)c(-c3ccncc3)[nH]2)cc1,5.7447274948966935,6.475645492436273
target,4,ligand_only,FRK_176155,FRK,c1ccc(-c2nc(-c3ccccc3)c(-c3ccncc3)[nH]2)cc1,5.7447274948966935,6.25890006388551
target,4,ligand_target_id,FRK_176155,FRK,c1ccc(-c2nc(-c3ccccc3)c(-c3ccncc3)[nH]2)cc1,5.7447274948966935,6.303170362670466
target,4,ligand_sequence,FRK_176155,FRK,c1ccc(-c2nc(-c3ccccc3)c(-c3ccncc3)[nH]2)cc1,5.7447274948966935,6.177741089504469
target,4,ligand_boltz,FRK_176155,FRK,c1ccc(-c2nc(-c3ccccc3)c(-c3ccncc3)[nH]2)cc1,5.7447274948966935,6.145675836438481
target,4,mean,FRK_5494449,FRK,O=C(Nc1ccc(Sc2nc(Nc3cc[nH]n3)cc(N3CCNCC3)n2)cc1)C1CC1,5.42021640338319,6.475645492436273
target,4,target_mean,FRK_5494449,FRK,O=C(Nc1ccc(Sc2nc(Nc3cc[nH]n3)cc(N3CCNCC3)n2)cc1)C1CC1,5.42021640338319,6.475645492436273
target,4,ligand_only,FRK_5494449,FRK,O=C(Nc1ccc(Sc2nc(Nc3cc[nH]n3)cc(N3CCNCC3)n2)cc1)C1CC1,5.42021640338319,7.528787076438958
target,4,ligand_target_id,FRK_5494449,FRK,O=C(Nc1ccc(Sc2nc(Nc3cc[nH]n3)cc(N3CCNCC3)n2)cc1)C1CC1,5.42021640338319,7.230250071833012
target,4,ligand_sequence,FRK_5494449,FRK,O=C(Nc1ccc(Sc2nc(Nc3cc[nH]n3)cc(N3CCNCC3)n2)cc1)C1CC1,5.42021640338319,7.320393190683477
target,4,ligand_boltz,FRK_5494449,FRK,O=C(Nc1ccc(Sc2nc(Nc3cc[nH]n3)cc(N3CCNCC3)n2)cc1)C1CC1,5.42021640338319,7.242668076988611
target,4,mean,FRK_156422,FRK,O=C(Nc1ccc(OCCN2CCOCC2)c2ccccc12)Nc1ccnn1-c1ccccc1,5.920818753952375,6.475645492436273
target,4,target_mean,FRK_156422,FRK,O=C(Nc1ccc(OCCN2CCOCC2)c2ccccc12)Nc1ccnn1-c1ccccc1,5.920818753952375,6.475645492436273
target,4,ligand_only,FRK_156422,FRK,O=C(Nc1ccc(OCCN2CCOCC2)c2ccccc12)Nc1ccnn1-c1ccccc1,5.920818753952375,6.161844315071157
target,4,ligand_target_id,FRK_156422,FRK,O=C(Nc1ccc(OCCN2CCOCC2)c2ccccc12)Nc1ccnn1-c1ccccc1,5.920818753952375,6.239448510197646
target,4,ligand_sequence,FRK_156422,FRK,O=C(Nc1ccc(OCCN2CCOCC2)c2ccccc12)Nc1ccnn1-c1ccccc1,5.920818753952375,6.161870794500678
target,4,ligand_boltz,FRK_156422,FRK,O=C(Nc1ccc(OCCN2CCOCC2)c2ccccc12)Nc1ccnn1-c1ccccc1,5.920818753952375,6.108489929356493
target,4,mean,FRK_11485656,FRK,O=C(Nc1ccccc1)Nc1ccc(-c2cccc3[nH]ncc23)cc1,6.3979400086720375,6.475645492436273
target,4,target_mean,FRK_11485656,FRK,O=C(Nc1ccccc1)Nc1ccc(-c2cccc3[nH]ncc23)cc1,6.3979400086720375,6.475645492436273
target,4,ligand_only,FRK_11485656,FRK,O=C(Nc1ccccc1)Nc1ccc(-c2cccc3[nH]ncc23)cc1,6.3979400086720375,6.288868796689772
target,4,ligand_target_id,FRK_11485656,FRK,O=C(Nc1ccccc1)Nc1ccc(-c2cccc3[nH]ncc23)cc1,6.3979400086720375,6.293427930372491
target,4,ligand_sequence,FRK_11485656,FRK,O=C(Nc1ccccc1)Nc1ccc(-c2cccc3[nH]ncc23)cc1,6.3979400086720375,6.190532681630034
target,4,ligand_boltz,FRK_11485656,FRK,O=C(Nc1ccccc1)Nc1ccc(-c2cccc3[nH]ncc23)cc1,6.3979400086720375,6.163654542082478
target,4,mean,FRK_5291,FRK,O=C(Nc1cccc(Nc2nccc(-c3cccnc3)n2)c1)c1ccc(CN2CCNCC2)cc1,5.823908740944319,6.475645492436273
target,4,target_mean,FRK_5291,FRK,O=C(Nc1cccc(Nc2nccc(-c3cccnc3)n2)c1)c1ccc(CN2CCNCC2)cc1,5.823908740944319,6.475645492436273
target,4,ligand_only,FRK_5291,FRK,O=C(Nc1cccc(Nc2nccc(-c3cccnc3)n2)c1)c1ccc(CN2CCNCC2)cc1,5.823908740944319,6.974416858463879
target,4,ligand_target_id,FRK_5291,FRK,O=C(Nc1cccc(Nc2nccc(-c3cccnc3)n2)c1)c1ccc(CN2CCNCC2)cc1,5.823908740944319,6.72720565028695
target,4,ligand_sequence,FRK_5291,FRK,O=C(Nc1cccc(Nc2nccc(-c3cccnc3)n2)c1)c1ccc(CN2CCNCC2)cc1,5.823908740944319,6.84217980192601
target,4,ligand_boltz,FRK_5291,FRK,O=C(Nc1cccc(Nc2nccc(-c3cccnc3)n2)c1)c1ccc(CN2CCNCC2)cc1,5.823908740944319,6.762334070516572
target,4,mean,FRK_10113978,FRK,c1ccc(Nc2nccc(Nc3ccc4c[nH]nc4c3)n2)cc1,6.1249387366083,6.475645492436273
target,4,target_mean,FRK_10113978,FRK,c1ccc(Nc2nccc(Nc3ccc4c[nH]nc4c3)n2)cc1,6.1249387366083,6.475645492436273
target,4,ligand_only,FRK_10113978,FRK,c1ccc(Nc2nccc(Nc3ccc4c[nH]nc4c3)n2)cc1,6.1249387366083,5.874280971721714
target,4,ligand_target_id,FRK_10113978,FRK,c1ccc(Nc2nccc(Nc3ccc4c[nH]nc4c3)n2)cc1,6.1249387366083,6.031427912581406
target,4,ligand_sequence,FRK_10113978,FRK,c1ccc(Nc2nccc(Nc3ccc4c[nH]nc4c3)n2)cc1,6.1249387366083,5.900363270118218
target,4,ligand_boltz,FRK_10113978,FRK,c1ccc(Nc2nccc(Nc3ccc4c[nH]nc4c3)n2)cc1,6.1249387366083,5.844295956815728
target,4,mean,FRK_3062316,FRK,O=C(Nc1ccccc1)c1cnc(Nc2cc(N3CCNCC3)ncn2)s1,9.508638306165727,6.475645492436273
target,4,target_mean,FRK_3062316,FRK,O=C(Nc1ccccc1)c1cnc(Nc2cc(N3CCNCC3)ncn2)s1,9.508638306165727,6.475645492436273
target,4,ligand_only,FRK_3062316,FRK,O=C(Nc1ccccc1)c1cnc(Nc2cc(N3CCNCC3)ncn2)s1,9.508638306165727,8.165913200150143
target,4,ligand_target_id,FRK_3062316,FRK,O=C(Nc1ccccc1)c1cnc(Nc2cc(N3CCNCC3)ncn2)s1,9.508638306165727,7.704182055861574
target,4,ligand_sequence,FRK_3062316,FRK,O=C(Nc1ccccc1)c1cnc(Nc2cc(N3CCNCC3)ncn2)s1,9.508638306165727,8.0592132352594
target,4,ligand_boltz,FRK_3062316,FRK,O=C(Nc1ccccc1)c1cnc(Nc2cc(N3CCNCC3)ncn2)s1,9.508638306165727,8.065042251051423
target,4,mean,FRK_151194,FRK,c1ccc(Nc2nnc(Cc3ccncc3)c3ccccc23)cc1,5.7447274948966935,6.475645492436273
target,4,target_mean,FRK_151194,FRK,c1ccc(Nc2nnc(Cc3ccncc3)c3ccccc23)cc1,5.7447274948966935,6.475645492436273
target,4,ligand_only,FRK_151194,FRK,c1ccc(Nc2nnc(Cc3ccncc3)c3ccccc23)cc1,5.7447274948966935,6.411380998311594
target,4,ligand_target_id,FRK_151194,FRK,c1ccc(Nc2nnc(Cc3ccncc3)c3ccccc23)cc1,5.7447274948966935,6.412222973274898
target,4,ligand_sequence,FRK_151194,FRK,c1ccc(Nc2nnc(Cc3ccncc3)c3ccccc23)cc1,5.7447274948966935,6.393880005338948
target,4,ligand_boltz,FRK_151194,FRK,c1ccc(Nc2nnc(Cc3ccncc3)c3ccccc23)cc1,5.7447274948966935,6.34910244265246
target,4,mean,FRK_11656518,FRK,c1ccc(Nc2nc3cc(Oc4ccnc(-c5ncc[nH]5)c4)ccc3[nH]2)cc1,6.229147988357856,6.475645492436273
target,4,target_mean,FRK_11656518,FRK,c1ccc(Nc2nc3cc(Oc4ccnc(-c5ncc[nH]5)c4)ccc3[nH]2)cc1,6.229147988357856,6.475645492436273
target,4,ligand_only,FRK_11656518,FRK,c1ccc(Nc2nc3cc(Oc4ccnc(-c5ncc[nH]5)c4)ccc3[nH]2)cc1,6.229147988357856,6.135801605428448
target,4,ligand_target_id,FRK_11656518,FRK,c1ccc(Nc2nc3cc(Oc4ccnc(-c5ncc[nH]5)c4)ccc3[nH]2)cc1,6.229147988357856,6.25500168303167
target,4,ligand_sequence,FRK_11656518,FRK,c1ccc(Nc2nc3cc(Oc4ccnc(-c5ncc[nH]5)c4)ccc3[nH]2)cc1,6.229147988357856,6.189491841486709
target,4,ligand_boltz,FRK_11656518,FRK,c1ccc(Nc2nc3cc(Oc4ccnc(-c5ncc[nH]5)c4)ccc3[nH]2)cc1,6.229147988357856,6.127768963024196
target,4,mean,FRK_5169,FRK,c1ccc(-c2nc(-c3ccccc3)c(-c3ccncc3)[nH]2)cc1,5.508638306165727,6.475645492436273
target,4,target_mean,FRK_5169,FRK,c1ccc(-c2nc(-c3ccccc3)c(-c3ccncc3)[nH]2)cc1,5.508638306165727,6.475645492436273
target,4,ligand_only,FRK_5169,FRK,c1ccc(-c2nc(-c3ccccc3)c(-c3ccncc3)[nH]2)cc1,5.508638306165727,6.4518706040771665
target,4,ligand_target_id,FRK_5169,FRK,c1ccc(-c2nc(-c3ccccc3)c(-c3ccncc3)[nH]2)cc1,5.508638306165727,6.387586088406379
target,4,ligand_sequence,FRK_5169,FRK,c1ccc(-c2nc(-c3ccccc3)c(-c3ccncc3)[nH]2)cc1,5.508638306165727,6.306985687146361
target,4,ligand_boltz,FRK_5169,FRK,c1ccc(-c2nc(-c3ccccc3)c(-c3ccncc3)[nH]2)cc1,5.508638306165727,6.279336526547674
target,5,mean,CDK7_3025986,CDK7,O=C(Nc1ncc(SCc2ncco2)s1)C1CCNCC1,7.508638306165727,6.443543834061854
target,5,target_mean,CDK7_3025986,CDK7,O=C(Nc1ncc(SCc2ncco2)s1)C1CCNCC1,7.508638306165727,6.443543834061854
target,5,ligand_only,CDK7_3025986,CDK7,O=C(Nc1ncc(SCc2ncco2)s1)C1CCNCC1,7.508638306165727,6.369286794347776
target,5,ligand_target_id,CDK7_3025986,CDK7,O=C(Nc1ncc(SCc2ncco2)s1)C1CCNCC1,7.508638306165727,6.440320170781051
target,5,ligand_sequence,CDK7_3025986,CDK7,O=C(Nc1ncc(SCc2ncco2)s1)C1CCNCC1,7.508638306165727,6.5443186236894
target,5,ligand_boltz,CDK7_3025986,CDK7,O=C(Nc1ncc(SCc2ncco2)s1)C1CCNCC1,7.508638306165727,6.32170124950769
target,5,mean,CDK7_5329102,CDK7,O=C1Nc2ccccc2C1=Cc1ccc[nH]1,6.481486060122112,6.443543834061854
target,5,target_mean,CDK7_5329102,CDK7,O=C1Nc2ccccc2C1=Cc1ccc[nH]1,6.481486060122112,6.443543834061854
target,5,ligand_only,CDK7_5329102,CDK7,O=C1Nc2ccccc2C1=Cc1ccc[nH]1,6.481486060122112,6.539491532009426
target,5,ligand_target_id,CDK7_5329102,CDK7,O=C1Nc2ccccc2C1=Cc1ccc[nH]1,6.481486060122112,6.5108547199875435
target,5,ligand_sequence,CDK7_5329102,CDK7,O=C1Nc2ccccc2C1=Cc1ccc[nH]1,6.481486060122112,6.535813347771351
target,5,ligand_boltz,CDK7_5329102,CDK7,O=C1Nc2ccccc2C1=Cc1ccc[nH]1,6.481486060122112,6.562758251517262
target,5,mean,CDK7_16007391,CDK7,O=C(Cc1cc(Nc2ncnc3ccccc23)n[nH]1)Nc1ccccc1,5.207608310501746,6.443543834061854
target,5,target_mean,CDK7_16007391,CDK7,O=C(Cc1cc(Nc2ncnc3ccccc23)n[nH]1)Nc1ccccc1,5.207608310501746,6.443543834061854
target,5,ligand_only,CDK7_16007391,CDK7,O=C(Cc1cc(Nc2ncnc3ccccc23)n[nH]1)Nc1ccccc1,5.207608310501746,6.7999361433047945
target,5,ligand_target_id,CDK7_16007391,CDK7,O=C(Cc1cc(Nc2ncnc3ccccc23)n[nH]1)Nc1ccccc1,5.207608310501746,6.667256134420602
target,5,ligand_sequence,CDK7_16007391,CDK7,O=C(Cc1cc(Nc2ncnc3ccccc23)n[nH]1)Nc1ccccc1,5.207608310501746,6.7805614246324835
target,5,ligand_boltz,CDK7_16007391,CDK7,O=C(Cc1cc(Nc2ncnc3ccccc23)n[nH]1)Nc1ccccc1,5.207608310501746,6.754464150106096
target,5,mean,CDK7_11409972,CDK7,O=C(Nc1ccc(CN2CCNCC2)cc1)Nc1ccc(Oc2ccncn2)cc1,8.346787486224656,6.443543834061854
target,5,target_mean,CDK7_11409972,CDK7,O=C(Nc1ccc(CN2CCNCC2)cc1)Nc1ccc(Oc2ccncn2)cc1,8.346787486224656,6.443543834061854
target,5,ligand_only,CDK7_11409972,CDK7,O=C(Nc1ccc(CN2CCNCC2)cc1)Nc1ccc(Oc2ccncn2)cc1,8.346787486224656,6.424883808386597
target,5,ligand_target_id,CDK7_11409972,CDK7,O=C(Nc1ccc(CN2CCNCC2)cc1)Nc1ccc(Oc2ccncn2)cc1,8.346787486224656,6.43693413021568
target,5,ligand_sequence,CDK7_11409972,CDK7,O=C(Nc1ccc(CN2CCNCC2)cc1)Nc1ccc(Oc2ccncn2)cc1,8.346787486224656,6.4971454313107815
target,5,ligand_boltz,CDK7_11409972,CDK7,O=C(Nc1ccc(CN2CCNCC2)cc1)Nc1ccc(Oc2ccncn2)cc1,8.346787486224656,6.3481742621515895
target,5,mean,CDK7_160355,CDK7,c1ccc(CNc2ncnc3[nH]cnc23)cc1,5.7447274948966935,6.443543834061854
target,5,target_mean,CDK7_160355,CDK7,c1ccc(CNc2ncnc3[nH]cnc23)cc1,5.7447274948966935,6.443543834061854
target,5,ligand_only,CDK7_160355,CDK7,c1ccc(CNc2ncnc3[nH]cnc23)cc1,5.7447274948966935,6.244637686294173
target,5,ligand_target_id,CDK7_160355,CDK7,c1ccc(CNc2ncnc3[nH]cnc23)cc1,5.7447274948966935,6.316751285365266
target,5,ligand_sequence,CDK7_160355,CDK7,c1ccc(CNc2ncnc3[nH]cnc23)cc1,5.7447274948966935,6.234075995659575
target,5,ligand_boltz,CDK7_160355,CDK7,c1ccc(CNc2ncnc3[nH]cnc23)cc1,5.7447274948966935,6.295358278262986
target,5,mean,CDK7_24867231,CDK7,O=c1cc(-c2ccccc2)oc2c(C3CCNCC3)cccc12,7.638272163982407,6.443543834061854
target,5,target_mean,CDK7_24867231,CDK7,O=c1cc(-c2ccccc2)oc2c(C3CCNCC3)cccc12,7.638272163982407,6.443543834061854
target,5,ligand_only,CDK7_24867231,CDK7,O=c1cc(-c2ccccc2)oc2c(C3CCNCC3)cccc12,7.638272163982407,6.306287957738251
target,5,ligand_target_id,CDK7_24867231,CDK7,O=c1cc(-c2ccccc2)oc2c(C3CCNCC3)cccc12,7.638272163982407,6.374936535731048
target,5,ligand_sequence,CDK7_24867231,CDK7,O=c1cc(-c2ccccc2)oc2c(C3CCNCC3)cccc12,7.638272163982407,6.37325537966558
target,5,ligand_boltz,CDK7_24867231,CDK7,O=c1cc(-c2ccccc2)oc2c(C3CCNCC3)cccc12,7.638272163982407,6.324570896206339
target,5,mean,CDK7_135398510,CDK7,O=c1[nH]c2ccccc2cc1-c1nc2ccc(N3CCNCC3)cc2[nH]1,5.585026652029182,6.443543834061854
target,5,target_mean,CDK7_135398510,CDK7,O=c1[nH]c2ccccc2cc1-c1nc2ccc(N3CCNCC3)cc2[nH]1,5.585026652029182,6.443543834061854
target,5,ligand_only,CDK7_135398510,CDK7,O=c1[nH]c2ccccc2cc1-c1nc2ccc(N3CCNCC3)cc2[nH]1,5.585026652029182,6.124699665116566
target,5,ligand_target_id,CDK7_135398510,CDK7,O=c1[nH]c2ccccc2cc1-c1nc2ccc(N3CCNCC3)cc2[nH]1,5.585026652029182,6.2047572392989885
target,5,ligand_sequence,CDK7_135398510,CDK7,O=c1[nH]c2ccccc2cc1-c1nc2ccc(N3CCNCC3)cc2[nH]1,5.585026652029182,6.250305382026071
target,5,ligand_boltz,CDK7_135398510,CDK7,O=c1[nH]c2ccccc2cc1-c1nc2ccc(N3CCNCC3)cc2[nH]1,5.585026652029182,6.204915553285201
target,5,mean,CDK7_216239,CDK7,O=C(Nc1ccccc1)Nc1ccc(Oc2ccncc2)cc1,6.853871964321762,6.443543834061854
target,5,target_mean,CDK7_216239,CDK7,O=C(Nc1ccccc1)Nc1ccc(Oc2ccncc2)cc1,6.853871964321762,6.443543834061854
target,5,ligand_only,CDK7_216239,CDK7,O=C(Nc1ccccc1)Nc1ccc(Oc2ccncc2)cc1,6.853871964321762,6.2677820410663125
target,5,ligand_target_id,CDK7_216239,CDK7,O=C(Nc1ccccc1)Nc1ccc(Oc2ccncc2)cc1,6.853871964321762,6.25689131229714
target,5,ligand_sequence,CDK7_216239,CDK7,O=C(Nc1ccccc1)Nc1ccc(Oc2ccncc2)cc1,6.853871964321762,6.288819165169326
target,5,ligand_boltz,CDK7_216239,CDK7,O=C(Nc1ccccc1)Nc1ccc(Oc2ccncc2)cc1,6.853871964321762,6.273108000562115
target,5,mean,CDK7_451705,CDK7,O=C1NCc2c1c1c3ccccc3n3c1c1c2c2ccccc2n1C1CCCC3O1,7.346787486224656,6.443543834061854
target,5,target_mean,CDK7_451705,CDK7,O=C1NCc2c1c1c3ccccc3n3c1c1c2c2ccccc2n1C1CCCC3O1,7.346787486224656,6.443543834061854
target,5,ligand_only,CDK7_451705,CDK7,O=C1NCc2c1c1c3ccccc3n3c1c1c2c2ccccc2n1C1CCCC3O1,7.346787486224656,7.130626068147206
target,5,ligand_target_id,CDK7_451705,CDK7,O=C1NCc2c1c1c3ccccc3n3c1c1c2c2ccccc2n1C1CCCC3O1,7.346787486224656,7.005321411529609
target,5,ligand_sequence,CDK7_451705,CDK7,O=C1NCc2c1c1c3ccccc3n3c1c1c2c2ccccc2n1C1CCCC3O1,7.346787486224656,7.183265029574569
target,5,ligand_boltz,CDK7_451705,CDK7,O=C1NCc2c1c1c3ccccc3n3c1c1c2c2ccccc2n1C1CCCC3O1,7.346787486224656,7.091059234614884
target,5,mean,CDK7_10138259,CDK7,O=C1Nc2ccccc2C1=Cc1cc(C(=O)NCCCN2CCOCC2)c[nH]1,6.031517051446065,6.443543834061854
target,5,target_mean,CDK7_10138259,CDK7,O=C1Nc2ccccc2C1=Cc1cc(C(=O)NCCCN2CCOCC2)c[nH]1,6.031517051446065,6.443543834061854
target,5,ligand_only,CDK7_10138259,CDK7,O=C1Nc2ccccc2C1=Cc1cc(C(=O)NCCCN2CCOCC2)c[nH]1,6.031517051446065,6.114250686617375
target,5,ligand_target_id,CDK7_10138259,CDK7,O=C1Nc2ccccc2C1=Cc1cc(C(=O)NCCCN2CCOCC2)c[nH]1,6.031517051446065,6.176441860522871
target,5,ligand_sequence,CDK7_10138259,CDK7,O=C1Nc2ccccc2C1=Cc1cc(C(=O)NCCCN2CCOCC2)c[nH]1,6.031517051446065,6.1820903690692095
target,5,ligand_boltz,CDK7_10138259,CDK7,O=C1Nc2ccccc2C1=Cc1cc(C(=O)NCCCN2CCOCC2)c[nH]1,6.031517051446065,6.197612491662927
target,5,mean,CDK7_11485656,CDK7,O=C(Nc1ccccc1)Nc1ccc(-c2cccc3[nH]ncc23)cc1,5.537602002101044,6.443543834061854
target,5,target_mean,CDK7_11485656,CDK7,O=C(Nc1ccccc1)Nc1ccc(-c2cccc3[nH]ncc23)cc1,5.537602002101044,6.443543834061854
target,5,ligand_only,CDK7_11485656,CDK7,O=C(Nc1ccccc1)Nc1ccc(-c2cccc3[nH]ncc23)cc1,5.537602002101044,6.442023948661515
target,5,ligand_target_id,CDK7_11485656,CDK7,O=C(Nc1ccccc1)Nc1ccc(-c2cccc3[nH]ncc23)cc1,5.537602002101044,6.40441261357048
target,5,ligand_sequence,CDK7_11485656,CDK7,O=C(Nc1ccccc1)Nc1ccc(-c2cccc3[nH]ncc23)cc1,5.537602002101044,6.4607468475847165
target,5,ligand_boltz,CDK7_11485656,CDK7,O=C(Nc1ccccc1)Nc1ccc(-c2cccc3[nH]ncc23)cc1,5.537602002101044,6.406613805439359
target,5,mean,CDK7_5330790,CDK7,O=C(c1ccccc1)n1cnc(Nc2ccccc2)n1,6.119186407719209,6.443543834061854
target,5,target_mean,CDK7_5330790,CDK7,O=C(c1ccccc1)n1cnc(Nc2ccccc2)n1,6.119186407719209,6.443543834061854
target,5,ligand_only,CDK7_5330790,CDK7,O=C(c1ccccc1)n1cnc(Nc2ccccc2)n1,6.119186407719209,6.553551109102523
target,5,ligand_target_id,CDK7_5330790,CDK7,O=C(c1ccccc1)n1cnc(Nc2ccccc2)n1,6.119186407719209,6.482639617839964
target,5,ligand_sequence,CDK7_5330790,CDK7,O=C(c1ccccc1)n1cnc(Nc2ccccc2)n1,6.119186407719209,6.622710170773288
target,5,ligand_boltz,CDK7_5330790,CDK7,O=C(c1ccccc1)n1cnc(Nc2ccccc2)n1,6.119186407719209,6.496892940014445
target,6,mean,HCK_176870,HCK,c1ccc(Nc2ncnc3ccccc23)cc1,5.7447274948966935,6.478169260076214
target,6,target_mean,HCK_176870,HCK,c1ccc(Nc2ncnc3ccccc23)cc1,5.7447274948966935,6.478169260076214
target,6,ligand_only,HCK_176870,HCK,c1ccc(Nc2ncnc3ccccc23)cc1,5.7447274948966935,6.018984497076174
target,6,ligand_target_id,HCK_176870,HCK,c1ccc(Nc2ncnc3ccccc23)cc1,5.7447274948966935,6.0945744668478525
target,6,ligand_sequence,HCK_176870,HCK,c1ccc(Nc2ncnc3ccccc23)cc1,5.7447274948966935,6.078022460003616
target,6,ligand_boltz,HCK_176870,HCK,c1ccc(Nc2ncnc3ccccc23)cc1,5.7447274948966935,6.056166211603855
target,6,mean,HCK_156414,HCK,c1ccc(Nc2ncnc3cc(OCCCN4CCOCC4)ccc23)cc1,5.376750709602099,6.478169260076214
target,6,target_mean,HCK_156414,HCK,c1ccc(Nc2ncnc3cc(OCCCN4CCOCC4)ccc23)cc1,5.376750709602099,6.478169260076214
target,6,ligand_only,HCK_156414,HCK,c1ccc(Nc2ncnc3cc(OCCCN4CCOCC4)ccc23)cc1,5.376750709602099,5.890147348953938
target,6,ligand_target_id,HCK_156414,HCK,c1ccc(Nc2ncnc3cc(OCCCN4CCOCC4)ccc23)cc1,5.376750709602099,5.993819920931895
target,6,ligand_sequence,HCK_156414,HCK,c1ccc(Nc2ncnc3cc(OCCCN4CCOCC4)ccc23)cc1,5.376750709602099,5.963401034921198
target,6,ligand_boltz,HCK_156414,HCK,c1ccc(Nc2ncnc3cc(OCCCN4CCOCC4)ccc23)cc1,5.376750709602099,5.886252724494569
target,6,mean,HCK_5329102,HCK,O=C1Nc2ccccc2C1=Cc1ccc[nH]1,6.055517327849832,6.478169260076214
target,6,target_mean,HCK_5329102,HCK,O=C1Nc2ccccc2C1=Cc1ccc[nH]1,6.055517327849832,6.478169260076214
target,6,ligand_only,HCK_5329102,HCK,O=C1Nc2ccccc2C1=Cc1ccc[nH]1,6.055517327849832,6.585192298445236
target,6,ligand_target_id,HCK_5329102,HCK,O=C1Nc2ccccc2C1=Cc1ccc[nH]1,6.055517327849832,6.5509528258094045
target,6,ligand_sequence,HCK_5329102,HCK,O=C1Nc2ccccc2C1=Cc1ccc[nH]1,6.055517327849832,6.470088759438805
target,6,ligand_boltz,HCK_5329102,HCK,O=C1Nc2ccccc2C1=Cc1ccc[nH]1,6.055517327849832,6.330509728910337
target,6,mean,HCK_16007391,HCK,O=C(Cc1cc(Nc2ncnc3ccccc23)n[nH]1)Nc1ccccc1,5.4089353929735005,6.478169260076214
target,6,target_mean,HCK_16007391,HCK,O=C(Cc1cc(Nc2ncnc3ccccc23)n[nH]1)Nc1ccccc1,5.4089353929735005,6.478169260076214
target,6,ligand_only,HCK_16007391,HCK,O=C(Cc1cc(Nc2ncnc3ccccc23)n[nH]1)Nc1ccccc1,5.4089353929735005,6.773281581061139
target,6,ligand_target_id,HCK_16007391,HCK,O=C(Cc1cc(Nc2ncnc3ccccc23)n[nH]1)Nc1ccccc1,5.4089353929735005,6.642330370376628
target,6,ligand_sequence,HCK_16007391,HCK,O=C(Cc1cc(Nc2ncnc3ccccc23)n[nH]1)Nc1ccccc1,5.4089353929735005,6.582445382166197
target,6,ligand_boltz,HCK_16007391,HCK,O=C(Cc1cc(Nc2ncnc3ccccc23)n[nH]1)Nc1ccccc1,5.4089353929735005,6.537200572787269
target,6,mean,HCK_11409972,HCK,O=C(Nc1ccc(CN2CCNCC2)cc1)Nc1ccc(Oc2ccncn2)cc1,6.055517327849832,6.478169260076214
target,6,target_mean,HCK_11409972,HCK,O=C(Nc1ccc(CN2CCNCC2)cc1)Nc1ccc(Oc2ccncn2)cc1,6.055517327849832,6.478169260076214
target,6,ligand_only,HCK_11409972,HCK,O=C(Nc1ccc(CN2CCNCC2)cc1)Nc1ccc(Oc2ccncn2)cc1,6.055517327849832,6.674708650067213
target,6,ligand_target_id,HCK_11409972,HCK,O=C(Nc1ccc(CN2CCNCC2)cc1)Nc1ccc(Oc2ccncn2)cc1,6.055517327849832,6.640768624320895
target,6,ligand_sequence,HCK_11409972,HCK,O=C(Nc1ccc(CN2CCNCC2)cc1)Nc1ccc(Oc2ccncn2)cc1,6.055517327849832,6.690129382079936
target,6,ligand_boltz,HCK_11409972,HCK,O=C(Nc1ccc(CN2CCNCC2)cc1)Nc1ccc(Oc2ccncn2)cc1,6.055517327849832,6.793555824489279
target,6,mean,HCK_6445562,HCK,c1ccc(Nc2ccnc3ccccc23)cc1,5.638272163982407,6.478169260076214
target,6,target_mean,HCK_6445562,HCK,c1ccc(Nc2ccnc3ccccc23)cc1,5.638272163982407,6.478169260076214
target,6,ligand_only,HCK_6445562,HCK,c1ccc(Nc2ccnc3ccccc23)cc1,5.638272163982407,6.4900155179875645
target,6,ligand_target_id,HCK_6445562,HCK,c1ccc(Nc2ccnc3ccccc23)cc1,5.638272163982407,6.480443200411852
target,6,ligand_sequence,HCK_6445562,HCK,c1ccc(Nc2ccnc3ccccc23)cc1,5.638272163982407,6.509724770021452
target,6,ligand_boltz,HCK_6445562,HCK,c1ccc(Nc2ccnc3ccccc23)cc1,5.638272163982407,6.473930186291145
target,6,mean,HCK_135398510,HCK,O=c1[nH]c2ccccc2cc1-c1nc2ccc(N3CCNCC3)cc2[nH]1,5.481486060122113,6.478169260076214
target,6,target_mean,HCK_135398510,HCK,O=c1[nH]c2ccccc2cc1-c1nc2ccc(N3CCNCC3)cc2[nH]1,5.481486060122113,6.478169260076214
target,6,ligand_only,HCK_135398510,HCK,O=c1[nH]c2ccccc2cc1-c1nc2ccc(N3CCNCC3)cc2[nH]1,5.481486060122113,6.139148056418542
target,6,ligand_target_id,HCK_135398510,HCK,O=c1[nH]c2ccccc2cc1-c1nc2ccc(N3CCNCC3)cc2[nH]1,5.481486060122113,6.21782732794014
target,6,ligand_sequence,HCK_135398510,HCK,O=c1[nH]c2ccccc2cc1-c1nc2ccc(N3CCNCC3)cc2[nH]1,5.481486060122113,6.150824328014437
target,6,ligand_boltz,HCK_135398510,HCK,O=c1[nH]c2ccccc2cc1-c1nc2ccc(N3CCNCC3)cc2[nH]1,5.481486060122113,6.027413766539279
target,6,mean,HCK_451705,HCK,O=C1NCc2c1c1c3ccccc3n3c1c1c2c2ccccc2n1C1CCCC3O1,7.698970004336019,6.478169260076214
target,6,target_mean,HCK_451705,HCK,O=C1NCc2c1c1c3ccccc3n3c1c1c2c2ccccc2n1C1CCCC3O1,7.698970004336019,6.478169260076214
target,6,ligand_only,HCK_451705,HCK,O=C1NCc2c1c1c3ccccc3n3c1c1c2c2ccccc2n1C1CCCC3O1,7.698970004336019,7.110648058683684
target,6,ligand_target_id,HCK_451705,HCK,O=C1NCc2c1c1c3ccccc3n3c1c1c2c2ccccc2n1C1CCCC3O1,7.698970004336019,6.997301317306778
target,6,ligand_sequence,HCK_451705,HCK,O=C1NCc2c1c1c3ccccc3n3c1c1c2c2ccccc2n1C1CCCC3O1,7.698970004336019,6.972856170019661
target,6,ligand_boltz,HCK_451705,HCK,O=C1NCc2c1c1c3ccccc3n3c1c1c2c2ccccc2n1C1CCCC3O1,7.698970004336019,6.966953368844941
target,6,mean,HCK_24202429,HCK,O=C(NC1CC2OC(C1)n1c3ccccc3c3c4c(c5c6ccccc6n2c5c31)CNC4=O)c1ccccc1,6.142667503568732,6.478169260076214
target,6,target_mean,HCK_24202429,HCK,O=C(NC1CC2OC(C1)n1c3ccccc3c3c4c(c5c6ccccc6n2c5c31)CNC4=O)c1ccccc1,6.142667503568732,6.478169260076214
target,6,ligand_only,HCK_24202429,HCK,O=C(NC1CC2OC(C1)n1c3ccccc3c3c4c(c5c6ccccc6n2c5c31)CNC4=O)c1ccccc1,6.142667503568732,6.496299025761722
target,6,ligand_target_id,HCK_24202429,HCK,O=C(NC1CC2OC(C1)n1c3ccccc3c3c4c(c5c6ccccc6n2c5c31)CNC4=O)c1ccccc1,6.142667503568732,6.542302068818663
target,6,ligand_sequence,HCK_24202429,HCK,O=C(NC1CC2OC(C1)n1c3ccccc3c3c4c(c5c6ccccc6n2c5c31)CNC4=O)c1ccccc1,6.142667503568732,6.397126224675814
target,6,ligand_boltz,HCK_24202429,HCK,O=C(NC1CC2OC(C1)n1c3ccccc3c3c4c(c5c6ccccc6n2c5c31)CNC4=O)c1ccccc1,6.142667503568732,6.321674510131216
target,6,mean,HCK_3081361,HCK,c1ccc(Nc2ncnc3cc(OCC4CCNCC4)ccc23)cc1,6.443697499232712,6.478169260076214
target,6,target_mean,HCK_3081361,HCK,c1ccc(Nc2ncnc3cc(OCC4CCNCC4)ccc23)cc1,6.443697499232712,6.478169260076214
target,6,ligand_only,HCK_3081361,HCK,c1ccc(Nc2ncnc3cc(OCC4CCNCC4)ccc23)cc1,6.443697499232712,6.524731690004634
target,6,ligand_target_id,HCK_3081361,HCK,c1ccc(Nc2ncnc3cc(OCC4CCNCC4)ccc23)cc1,6.443697499232712,6.48053776953545
target,6,ligand_sequence,HCK_3081361,HCK,c1ccc(Nc2ncnc3cc(OCC4CCNCC4)ccc23)cc1,6.443697499232712,6.593913392732321
target,6,ligand_boltz,HCK_3081361,HCK,c1ccc(Nc2ncnc3cc(OCC4CCNCC4)ccc23)cc1,6.443697499232712,6.618024547495116
target,6,mean,HCK_123631,HCK,c1ccc(Nc2ncnc3ccc(OCCCN4CCOCC4)cc23)cc1,5.356547323513812,6.478169260076214
target,6,target_mean,HCK_123631,HCK,c1ccc(Nc2ncnc3ccc(OCCCN4CCOCC4)cc23)cc1,5.356547323513812,6.478169260076214
target,6,ligand_only,HCK_123631,HCK,c1ccc(Nc2ncnc3ccc(OCCCN4CCOCC4)cc23)cc1,5.356547323513812,5.951071097426331
target,6,ligand_target_id,HCK_123631,HCK,c1ccc(Nc2ncnc3ccc(OCCCN4CCOCC4)cc23)cc1,5.356547323513812,6.031120059418551
target,6,ligand_sequence,HCK_123631,HCK,c1ccc(Nc2ncnc3ccc(OCCCN4CCOCC4)cc23)cc1,5.356547323513812,6.012648004338681
target,6,ligand_boltz,HCK_123631,HCK,c1ccc(Nc2ncnc3ccc(OCCCN4CCOCC4)cc23)cc1,5.356547323513812,5.929851697000224
target,6,mean,HCK_10138259,HCK,O=C1Nc2ccccc2C1=Cc1cc(C(=O)NCCCN2CCOCC2)c[nH]1,5.657577319177793,6.478169260076214
target,6,target_mean,HCK_10138259,HCK,O=C1Nc2ccccc2C1=Cc1cc(C(=O)NCCCN2CCOCC2)c[nH]1,5.657577319177793,6.478169260076214
target,6,ligand_only,HCK_10138259,HCK,O=C1Nc2ccccc2C1=Cc1cc(C(=O)NCCCN2CCOCC2)c[nH]1,5.657577319177793,6.1674363927112426
target,6,ligand_target_id,HCK_10138259,HCK,O=C1Nc2ccccc2C1=Cc1cc(C(=O)NCCCN2CCOCC2)c[nH]1,5.657577319177793,6.219688615626719
target,6,ligand_sequence,HCK_10138259,HCK,O=C1Nc2ccccc2C1=Cc1cc(C(=O)NCCCN2CCOCC2)c[nH]1,5.657577319177793,6.0775244980944585
target,6,ligand_boltz,HCK_10138259,HCK,O=C1Nc2ccccc2C1=Cc1cc(C(=O)NCCCN2CCOCC2)c[nH]1,5.657577319177793,5.936714545991343
target,6,mean,HCK_3062316,HCK,O=C(Nc1ccccc1)c1cnc(Nc2cc(N3CCNCC3)ncn2)s1,9.455931955649724,6.478169260076214
target,6,target_mean,HCK_3062316,HCK,O=C(Nc1ccccc1)c1cnc(Nc2cc(N3CCNCC3)ncn2)s1,9.455931955649724,6.478169260076214
target,6,ligand_only,HCK_3062316,HCK,O=C(Nc1ccccc1)c1cnc(Nc2cc(N3CCNCC3)ncn2)s1,9.455931955649724,8.159778869326892
target,6,ligand_target_id,HCK_3062316,HCK,O=C(Nc1ccccc1)c1cnc(Nc2cc(N3CCNCC3)ncn2)s1,9.455931955649724,7.697804325768663
target,6,ligand_sequence,HCK_3062316,HCK,O=C(Nc1ccccc1)c1cnc(Nc2cc(N3CCNCC3)ncn2)s1,9.455931955649724,8.041950398370878
target,6,ligand_boltz,HCK_3062316,HCK,O=C(Nc1ccccc1)c1cnc(Nc2cc(N3CCNCC3)ncn2)s1,9.455931955649724,8.272591682646844
target,6,mean,HCK_11656518,HCK,c1ccc(Nc2nc3cc(Oc4ccnc(-c5ncc[nH]5)c4)ccc3[nH]2)cc1,5.920818753952375,6.478169260076214
target,6,target_mean,HCK_11656518,HCK,c1ccc(Nc2nc3cc(Oc4ccnc(-c5ncc[nH]5)c4)ccc3[nH]2)cc1,5.920818753952375,6.478169260076214
target,6,ligand_only,HCK_11656518,HCK,c1ccc(Nc2nc3cc(Oc4ccnc(-c5ncc[nH]5)c4)ccc3[nH]2)cc1,5.920818753952375,6.205354240840143
target,6,ligand_target_id,HCK_11656518,HCK,c1ccc(Nc2nc3cc(Oc4ccnc(-c5ncc[nH]5)c4)ccc3[nH]2)cc1,5.920818753952375,6.298100492068003
target,6,ligand_sequence,HCK_11656518,HCK,c1ccc(Nc2nc3cc(Oc4ccnc(-c5ncc[nH]5)c4)ccc3[nH]2)cc1,5.920818753952375,6.215534410060303
target,6,ligand_boltz,HCK_11656518,HCK,c1ccc(Nc2nc3cc(Oc4ccnc(-c5ncc[nH]5)c4)ccc3[nH]2)cc1,5.920818753952375,6.165860421606823
target,6,mean,HCK_11712649,HCK,c1ccc(Nc2ncc3c(n2)-c2ccccc2C(c2ccccc2)=NC3)cc1,5.823908740944319,6.478169260076214
target,6,target_mean,HCK_11712649,HCK,c1ccc(Nc2ncc3c(n2)-c2ccccc2C(c2ccccc2)=NC3)cc1,5.823908740944319,6.478169260076214
target,6,ligand_only,HCK_11712649,HCK,c1ccc(Nc2ncc3c(n2)-c2ccccc2C(c2ccccc2)=NC3)cc1,5.823908740944319,6.966632118950018
target,6,ligand_target_id,HCK_11712649,HCK,c1ccc(Nc2ncc3c(n2)-c2ccccc2C(c2ccccc2)=NC3)cc1,5.823908740944319,6.79939946667708
target,6,ligand_sequence,HCK_11712649,HCK,c1ccc(Nc2ncc3c(n2)-c2ccccc2C(c2ccccc2)=NC3)cc1,5.823908740944319,6.698266556871621
target,6,ligand_boltz,HCK_11712649,HCK,c1ccc(Nc2ncc3c(n2)-c2ccccc2C(c2ccccc2)=NC3)cc1,5.823908740944319,6.617475605746098
target,7,mean,CSNK1D_176870,CSNK1D,c1ccc(Nc2ncnc3ccccc23)cc1,5.455931955649724,6.450657368930704
target,7,target_mean,CSNK1D_176870,CSNK1D,c1ccc(Nc2ncnc3ccccc23)cc1,5.455931955649724,6.450657368930704
target,7,ligand_only,CSNK1D_176870,CSNK1D,c1ccc(Nc2ncnc3ccccc23)cc1,5.455931955649724,6.044563915025856
target,7,ligand_target_id,CSNK1D_176870,CSNK1D,c1ccc(Nc2ncnc3ccccc23)cc1,5.455931955649724,6.111974653468582
target,7,ligand_sequence,CSNK1D_176870,CSNK1D,c1ccc(Nc2ncnc3ccccc23)cc1,5.455931955649724,6.022345818058553
target,7,ligand_boltz,CSNK1D_176870,CSNK1D,c1ccc(Nc2ncnc3ccccc23)cc1,5.455931955649724,5.974455068461217
target,7,mean,CSNK1D_3025986,CSNK1D,O=C(Nc1ncc(SCc2ncco2)s1)C1CCNCC1,5.7447274948966935,6.450657368930704
target,7,target_mean,CSNK1D_3025986,CSNK1D,O=C(Nc1ncc(SCc2ncco2)s1)C1CCNCC1,5.7447274948966935,6.450657368930704
target,7,ligand_only,CSNK1D_3025986,CSNK1D,O=C(Nc1ncc(SCc2ncco2)s1)C1CCNCC1,5.7447274948966935,6.660259830534258
target,7,ligand_target_id,CSNK1D_3025986,CSNK1D,O=C(Nc1ncc(SCc2ncco2)s1)C1CCNCC1,5.7447274948966935,6.65632497092609
target,7,ligand_sequence,CSNK1D_3025986,CSNK1D,O=C(Nc1ncc(SCc2ncco2)s1)C1CCNCC1,5.7447274948966935,6.479669591180643
target,7,ligand_boltz,CSNK1D_3025986,CSNK1D,O=C(Nc1ncc(SCc2ncco2)s1)C1CCNCC1,5.7447274948966935,6.476562945107183
target,7,mean,CSNK1D_5329102,CSNK1D,O=C1Nc2ccccc2C1=Cc1ccc[nH]1,7.823908740944319,6.450657368930704
target,7,target_mean,CSNK1D_5329102,CSNK1D,O=C1Nc2ccccc2C1=Cc1ccc[nH]1,7.823908740944319,6.450657368930704
target,7,ligand_only,CSNK1D_5329102,CSNK1D,O=C1Nc2ccccc2C1=Cc1ccc[nH]1,7.823908740944319,6.403173979234543
target,7,ligand_target_id,CSNK1D_5329102,CSNK1D,O=C1Nc2ccccc2C1=Cc1ccc[nH]1,7.823908740944319,6.395266093240263
target,7,ligand_sequence,CSNK1D_5329102,CSNK1D,O=C1Nc2ccccc2C1=Cc1ccc[nH]1,7.823908740944319,6.6588806348566285
target,7,ligand_boltz,CSNK1D_5329102,CSNK1D,O=C1Nc2ccccc2C1=Cc1ccc[nH]1,7.823908740944319,6.686150034643051
target,7,mean,CSNK1D_11409972,CSNK1D,O=C(Nc1ccc(CN2CCNCC2)cc1)Nc1ccc(Oc2ccncn2)cc1,5.6020599913279625,6.450657368930704
target,7,target_mean,CSNK1D_11409972,CSNK1D,O=C(Nc1ccc(CN2CCNCC2)cc1)Nc1ccc(Oc2ccncn2)cc1,5.6020599913279625,6.450657368930704
target,7,ligand_only,CSNK1D_11409972,CSNK1D,O=C(Nc1ccc(CN2CCNCC2)cc1)Nc1ccc(Oc2ccncn2)cc1,5.6020599913279625,6.7207019523248555
target,7,ligand_target_id,CSNK1D_11409972,CSNK1D,O=C(Nc1ccc(CN2CCNCC2)cc1)Nc1ccc(Oc2ccncn2)cc1,5.6020599913279625,6.676780053896725
target,7,ligand_sequence,CSNK1D_11409972,CSNK1D,O=C(Nc1ccc(CN2CCNCC2)cc1)Nc1ccc(Oc2ccncn2)cc1,5.6020599913279625,6.405249819508808
target,7,ligand_boltz,CSNK1D_11409972,CSNK1D,O=C(Nc1ccc(CN2CCNCC2)cc1)Nc1ccc(Oc2ccncn2)cc1,5.6020599913279625,6.410443401181432
target,7,mean,CSNK1D_6445562,CSNK1D,c1ccc(Nc2ccnc3ccccc23)cc1,5.958607314841775,6.450657368930704
target,7,target_mean,CSNK1D_6445562,CSNK1D,c1ccc(Nc2ccnc3ccccc23)cc1,5.958607314841775,6.450657368930704
target,7,ligand_only,CSNK1D_6445562,CSNK1D,c1ccc(Nc2ccnc3ccccc23)cc1,5.958607314841775,6.429585159310474
target,7,ligand_target_id,CSNK1D_6445562,CSNK1D,c1ccc(Nc2ccnc3ccccc23)cc1,5.958607314841775,6.438879729275303
target,7,ligand_sequence,CSNK1D_6445562,CSNK1D,c1ccc(Nc2ccnc3ccccc23)cc1,5.958607314841775,6.471897668869178
target,7,ligand_boltz,CSNK1D_6445562,CSNK1D,c1ccc(Nc2ccnc3ccccc23)cc1,5.958607314841775,6.468456954242241
target,7,mean,CSNK1D_160355,CSNK1D,c1ccc(CNc2ncnc3[nH]cnc23)cc1,6.585026652029182,6.450657368930704
target,7,target_mean,CSNK1D_160355,CSNK1D,c1ccc(CNc2ncnc3[nH]cnc23)cc1,6.585026652029182,6.450657368930704
target,7,ligand_only,CSNK1D_160355,CSNK1D,c1ccc(CNc2ncnc3[nH]cnc23)cc1,6.585026652029182,6.037429549807677
target,7,ligand_target_id,CSNK1D_160355,CSNK1D,c1ccc(CNc2ncnc3[nH]cnc23)cc1,6.585026652029182,6.181738338339035
target,7,ligand_sequence,CSNK1D_160355,CSNK1D,c1ccc(CNc2ncnc3[nH]cnc23)cc1,6.585026652029182,6.183001454483065
target,7,ligand_boltz,CSNK1D_160355,CSNK1D,c1ccc(CNc2ncnc3[nH]cnc23)cc1,6.585026652029182,6.1422683070643345
target,7,mean,CSNK1D_451705,CSNK1D,O=C1NCc2c1c1c3ccccc3n3c1c1c2c2ccccc2n1C1CCCC3O1,5.619788758288394,6.450657368930704
target,7,target_mean,CSNK1D_451705,CSNK1D,O=C1NCc2c1c1c3ccccc3n3c1c1c2c2ccccc2n1C1CCCC3O1,5.619788758288394,6.450657368930704
target,7,ligand_only,CSNK1D_451705,CSNK1D,O=C1NCc2c1c1c3ccccc3n3c1c1c2c2ccccc2n1C1CCCC3O1,5.619788758288394,7.268317388705486
target,7,ligand_target_id,CSNK1D_451705,CSNK1D,O=C1NCc2c1c1c3ccccc3n3c1c1c2c2ccccc2n1C1CCCC3O1,5.619788758288394,7.125108253037317
target,7,ligand_sequence,CSNK1D_451705,CSNK1D,O=C1NCc2c1c1c3ccccc3n3c1c1c2c2ccccc2n1C1CCCC3O1,5.619788758288394,7.1358545493804675
target,7,ligand_boltz,CSNK1D_451705,CSNK1D,O=C1NCc2c1c1c3ccccc3n3c1c1c2c2ccccc2n1C1CCCC3O1,5.619788758288394,7.175249244908609
target,7,mean,CSNK1D_176155,CSNK1D,c1ccc(-c2nc(-c3ccccc3)c(-c3ccncc3)[nH]2)cc1,7.431798275933005,6.450657368930704
target,7,target_mean,CSNK1D_176155,CSNK1D,c1ccc(-c2nc(-c3ccccc3)c(-c3ccncc3)[nH]2)cc1,7.431798275933005,6.450657368930704
target,7,ligand_only,CSNK1D_176155,CSNK1D,c1ccc(-c2nc(-c3ccccc3)c(-c3ccncc3)[nH]2)cc1,7.431798275933005,5.935083380114729
target,7,ligand_target_id,CSNK1D_176155,CSNK1D,c1ccc(-c2nc(-c3ccccc3)c(-c3ccncc3)[nH]2)cc1,7.431798275933005,6.054320902102254
target,7,ligand_sequence,CSNK1D_176155,CSNK1D,c1ccc(-c2nc(-c3ccccc3)c(-c3ccncc3)[nH]2)cc1,7.431798275933005,6.25117549984815
target,7,ligand_boltz,CSNK1D_176155,CSNK1D,c1ccc(-c2nc(-c3ccccc3)c(-c3ccncc3)[nH]2)cc1,7.431798275933005,6.28078432224485
target,7,mean,CSNK1D_10138259,CSNK1D,O=C1Nc2ccccc2C1=Cc1cc(C(=O)NCCCN2CCOCC2)c[nH]1,6.585026652029182,6.450657368930704
target,7,target_mean,CSNK1D_10138259,CSNK1D,O=C1Nc2ccccc2C1=Cc1cc(C(=O)NCCCN2CCOCC2)c[nH]1,6.585026652029182,6.450657368930704
target,7,ligand_only,CSNK1D_10138259,CSNK1D,O=C1Nc2ccccc2C1=Cc1cc(C(=O)NCCCN2CCOCC2)c[nH]1,6.585026652029182,6.0404143928562295
target,7,ligand_target_id,CSNK1D_10138259,CSNK1D,O=C1Nc2ccccc2C1=Cc1cc(C(=O)NCCCN2CCOCC2)c[nH]1,6.585026652029182,6.115525235275864
target,7,ligand_sequence,CSNK1D_10138259,CSNK1D,O=C1Nc2ccccc2C1=Cc1cc(C(=O)NCCCN2CCOCC2)c[nH]1,6.585026652029182,6.222105944677482
target,7,ligand_boltz,CSNK1D_10138259,CSNK1D,O=C1Nc2ccccc2C1=Cc1cc(C(=O)NCCCN2CCOCC2)c[nH]1,6.585026652029182,6.254750113265422
target,7,mean,CSNK1D_4521392,CSNK1D,c1ccc(-c2nc(-c3ccc4c(c3)OCO4)c(-c3ccccn3)[nH]2)cc1,6.769551078621726,6.450657368930704
target,7,target_mean,CSNK1D_4521392,CSNK1D,c1ccc(-c2nc(-c3ccc4c(c3)OCO4)c(-c3ccccn3)[nH]2)cc1,6.769551078621726,6.450657368930704
target,7,ligand_only,CSNK1D_4521392,CSNK1D,c1ccc(-c2nc(-c3ccc4c(c3)OCO4)c(-c3ccccn3)[nH]2)cc1,6.769551078621726,6.4036278825195385
target,7,ligand_target_id,CSNK1D_4521392,CSNK1D,c1ccc(-c2nc(-c3ccc4c(c3)OCO4)c(-c3ccccn3)[nH]2)cc1,6.769551078621726,6.359895819158949
target,7,ligand_sequence,CSNK1D_4521392,CSNK1D,c1ccc(-c2nc(-c3ccc4c(c3)OCO4)c(-c3ccccn3)[nH]2)cc1,6.769551078621726,6.424395620767228
target,7,ligand_boltz,CSNK1D_4521392,CSNK1D,c1ccc(-c2nc(-c3ccc4c(c3)OCO4)c(-c3ccccn3)[nH]2)cc1,6.769551078621726,6.435793638499719
target,7,mean,CSNK1D_5169,CSNK1D,c1ccc(-c2nc(-c3ccccc3)c(-c3ccncc3)[nH]2)cc1,7.229147988357855,6.450657368930704
target,7,target_mean,CSNK1D_5169,CSNK1D,c1ccc(-c2nc(-c3ccccc3)c(-c3ccncc3)[nH]2)cc1,7.229147988357855,6.450657368930704
target,7,ligand_only,CSNK1D_5169,CSNK1D,c1ccc(-c2nc(-c3ccccc3)c(-c3ccncc3)[nH]2)cc1,7.229147988357855,6.006618793226502
target,7,ligand_target_id,CSNK1D_5169,CSNK1D,c1ccc(-c2nc(-c3ccccc3)c(-c3ccncc3)[nH]2)cc1,7.229147988357855,6.091258352972491
target,7,ligand_sequence,CSNK1D_5169,CSNK1D,c1ccc(-c2nc(-c3ccccc3)c(-c3ccncc3)[nH]2)cc1,7.229147988357855,6.269756462790488
target,7,ligand_boltz,CSNK1D_5169,CSNK1D,c1ccc(-c2nc(-c3ccccc3)c(-c3ccncc3)[nH]2)cc1,7.229147988357855,6.279723424382636
target,8,mean,AURKA_176870,AURKA,c1ccc(Nc2ncnc3ccccc23)cc1,5.657577319177793,6.450769219061006
target,8,target_mean,AURKA_176870,AURKA,c1ccc(Nc2ncnc3ccccc23)cc1,5.657577319177793,6.450769219061006
target,8,ligand_only,AURKA_176870,AURKA,c1ccc(Nc2ncnc3ccccc23)cc1,5.657577319177793,6.022426759775707
target,8,ligand_target_id,AURKA_176870,AURKA,c1ccc(Nc2ncnc3ccccc23)cc1,5.657577319177793,6.092222027229863
target,8,ligand_sequence,AURKA_176870,AURKA,c1ccc(Nc2ncnc3ccccc23)cc1,5.657577319177793,6.087063463644137
target,8,ligand_boltz,AURKA_176870,AURKA,c1ccc(Nc2ncnc3ccccc23)cc1,5.657577319177793,6.075053386547295
target,8,mean,AURKA_3025986,AURKA,O=C(Nc1ncc(SCc2ncco2)s1)C1CCNCC1,5.130768280269024,6.450769219061006
target,8,target_mean,AURKA_3025986,AURKA,O=C(Nc1ncc(SCc2ncco2)s1)C1CCNCC1,5.130768280269024,6.450769219061006
target,8,ligand_only,AURKA_3025986,AURKA,O=C(Nc1ncc(SCc2ncco2)s1)C1CCNCC1,5.130768280269024,6.75822231598894
target,8,ligand_target_id,AURKA_3025986,AURKA,O=C(Nc1ncc(SCc2ncco2)s1)C1CCNCC1,5.130768280269024,6.733198317055764
target,8,ligand_sequence,AURKA_3025986,AURKA,O=C(Nc1ncc(SCc2ncco2)s1)C1CCNCC1,5.130768280269024,6.807984314765307
target,8,ligand_boltz,AURKA_3025986,AURKA,O=C(Nc1ncc(SCc2ncco2)s1)C1CCNCC1,5.130768280269024,6.875232923391855
target,8,mean,AURKA_5329102,AURKA,O=C1Nc2ccccc2C1=Cc1ccc[nH]1,5.769551078621726,6.450769219061006
target,8,target_mean,AURKA_5329102,AURKA,O=C1Nc2ccccc2C1=Cc1ccc[nH]1,5.769551078621726,6.450769219061006
target,8,ligand_only,AURKA_5329102,AURKA,O=C1Nc2ccccc2C1=Cc1ccc[nH]1,5.769551078621726,6.604424879956104
target,8,ligand_target_id,AURKA_5329102,AURKA,O=C1Nc2ccccc2C1=Cc1ccc[nH]1,5.769551078621726,6.560381499666316
target,8,ligand_sequence,AURKA_5329102,AURKA,O=C1Nc2ccccc2C1=Cc1ccc[nH]1,5.769551078621726,6.543212741466956
target,8,ligand_boltz,AURKA_5329102,AURKA,O=C1Nc2ccccc2C1=Cc1ccc[nH]1,5.769551078621726,6.702386607448469
target,8,mean,AURKA_16007391,AURKA,O=C(Cc1cc(Nc2ncnc3ccccc23)n[nH]1)Nc1ccccc1,6.229147988357856,6.450769219061006
target,8,target_mean,AURKA_16007391,AURKA,O=C(Cc1cc(Nc2ncnc3ccccc23)n[nH]1)Nc1ccccc1,6.229147988357856,6.450769219061006
target,8,ligand_only,AURKA_16007391,AURKA,O=C(Cc1cc(Nc2ncnc3ccccc23)n[nH]1)Nc1ccccc1,6.229147988357856,6.637981599059861
target,8,ligand_target_id,AURKA_16007391,AURKA,O=C(Cc1cc(Nc2ncnc3ccccc23)n[nH]1)Nc1ccccc1,6.229147988357856,6.540498556560155
target,8,ligand_sequence,AURKA_16007391,AURKA,O=C(Cc1cc(Nc2ncnc3ccccc23)n[nH]1)Nc1ccccc1,6.229147988357856,6.671323969643723
target,8,ligand_boltz,AURKA_16007391,AURKA,O=C(Cc1cc(Nc2ncnc3ccccc23)n[nH]1)Nc1ccccc1,6.229147988357856,6.844532449342483
target,8,mean,AURKA_451705,AURKA,O=C1NCc2c1c1c3ccccc3n3c1c1c2c2ccccc2n1C1CCCC3O1,6.958607314841775,6.450769219061006
target,8,target_mean,AURKA_451705,AURKA,O=C1NCc2c1c1c3ccccc3n3c1c1c2c2ccccc2n1C1CCCC3O1,6.958607314841775,6.450769219061006
target,8,ligand_only,AURKA_451705,AURKA,O=C1NCc2c1c1c3ccccc3n3c1c1c2c2ccccc2n1C1CCCC3O1,6.958607314841775,7.160384339486331
target,8,ligand_target_id,AURKA_451705,AURKA,O=C1NCc2c1c1c3ccccc3n3c1c1c2c2ccccc2n1C1CCCC3O1,6.958607314841775,7.031351265972178
target,8,ligand_sequence,AURKA_451705,AURKA,O=C1NCc2c1c1c3ccccc3n3c1c1c2c2ccccc2n1C1CCCC3O1,6.958607314841775,7.163776995634028
target,8,ligand_boltz,AURKA_451705,AURKA,O=C1NCc2c1c1c3ccccc3n3c1c1c2c2ccccc2n1C1CCCC3O1,6.958607314841775,7.277823285840677
target,8,mean,AURKA_24202429,AURKA,O=C(NC1CC2OC(C1)n1c3ccccc3c3c4c(c5c6ccccc6n2c5c31)CNC4=O)c1ccccc1,6.920818753952375,6.450769219061006
target,8,target_mean,AURKA_24202429,AURKA,O=C(NC1CC2OC(C1)n1c3ccccc3c3c4c(c5c6ccccc6n2c5c31)CNC4=O)c1ccccc1,6.920818753952375,6.450769219061006
target,8,ligand_only,AURKA_24202429,AURKA,O=C(NC1CC2OC(C1)n1c3ccccc3c3c4c(c5c6ccccc6n2c5c31)CNC4=O)c1ccccc1,6.920818753952375,6.413268172170828
target,8,ligand_target_id,AURKA_24202429,AURKA,O=C(NC1CC2OC(C1)n1c3ccccc3c3c4c(c5c6ccccc6n2c5c31)CNC4=O)c1ccccc1,6.920818753952375,6.475221595560026
target,8,ligand_sequence,AURKA_24202429,AURKA,O=C(NC1CC2OC(C1)n1c3ccccc3c3c4c(c5c6ccccc6n2c5c31)CNC4=O)c1ccccc1,6.920818753952375,6.532429461040916
target,8,ligand_boltz,AURKA_24202429,AURKA,O=C(NC1CC2OC(C1)n1c3ccccc3c3c4c(c5c6ccccc6n2c5c31)CNC4=O)c1ccccc1,6.920818753952375,6.683563729357751
target,8,mean,AURKA_5494449,AURKA,O=C(Nc1ccc(Sc2nc(Nc3cc[nH]n3)cc(N3CCNCC3)n2)cc1)C1CC1,8.387216143280265,6.450769219061006
target,8,target_mean,AURKA_5494449,AURKA,O=C(Nc1ccc(Sc2nc(Nc3cc[nH]n3)cc(N3CCNCC3)n2)cc1)C1CC1,8.387216143280265,6.450769219061006
target,8,ligand_only,AURKA_5494449,AURKA,O=C(Nc1ccc(Sc2nc(Nc3cc[nH]n3)cc(N3CCNCC3)n2)cc1)C1CC1,8.387216143280265,7.065225351310569
target,8,ligand_target_id,AURKA_5494449,AURKA,O=C(Nc1ccc(Sc2nc(Nc3cc[nH]n3)cc(N3CCNCC3)n2)cc1)C1CC1,8.387216143280265,6.884260974796694
target,8,ligand_sequence,AURKA_5494449,AURKA,O=C(Nc1ccc(Sc2nc(Nc3cc[nH]n3)cc(N3CCNCC3)n2)cc1)C1CC1,8.387216143280265,7.003323590630849
target,8,ligand_boltz,AURKA_5494449,AURKA,O=C(Nc1ccc(Sc2nc(Nc3cc[nH]n3)cc(N3CCNCC3)n2)cc1)C1CC1,8.387216143280265,7.24367263357275
target,8,mean,AURKA_11485656,AURKA,O=C(Nc1ccccc1)Nc1ccc(-c2cccc3[nH]ncc23)cc1,5.795880017344075,6.450769219061006
target,8,target_mean,AURKA_11485656,AURKA,O=C(Nc1ccccc1)Nc1ccc(-c2cccc3[nH]ncc23)cc1,5.795880017344075,6.450769219061006
target,8,ligand_only,AURKA_11485656,AURKA,O=C(Nc1ccccc1)Nc1ccc(-c2cccc3[nH]ncc23)cc1,5.795880017344075,6.389051857743085
target,8,ligand_target_id,AURKA_11485656,AURKA,O=C(Nc1ccccc1)Nc1ccc(-c2cccc3[nH]ncc23)cc1,5.795880017344075,6.359869673947664
target,8,ligand_sequence,AURKA_11485656,AURKA,O=C(Nc1ccccc1)Nc1ccc(-c2cccc3[nH]ncc23)cc1,5.795880017344075,6.3815543754877115
target,8,ligand_boltz,AURKA_11485656,AURKA,O=C(Nc1ccccc1)Nc1ccc(-c2cccc3[nH]ncc23)cc1,5.795880017344075,6.441310918048642
target,8,mean,AURKA_10113978,AURKA,c1ccc(Nc2nccc(Nc3ccc4c[nH]nc4c3)n2)cc1,5.1487416512809245,6.450769219061006
target,8,target_mean,AURKA_10113978,AURKA,c1ccc(Nc2nccc(Nc3ccc4c[nH]nc4c3)n2)cc1,5.1487416512809245,6.450769219061006
target,8,ligand_only,AURKA_10113978,AURKA,c1ccc(Nc2nccc(Nc3ccc4c[nH]nc4c3)n2)cc1,5.1487416512809245,6.042301433493803
target,8,ligand_target_id,AURKA_10113978,AURKA,c1ccc(Nc2nccc(Nc3ccc4c[nH]nc4c3)n2)cc1,5.1487416512809245,6.143924199946101
target,8,ligand_sequence,AURKA_10113978,AURKA,c1ccc(Nc2nccc(Nc3ccc4c[nH]nc4c3)n2)cc1,5.1487416512809245,6.139013041962751
target,8,ligand_boltz,AURKA_10113978,AURKA,c1ccc(Nc2nccc(Nc3ccc4c[nH]nc4c3)n2)cc1,5.1487416512809245,6.212591989711393
target,8,mean,AURKA_5330790,AURKA,O=C(c1ccccc1)n1cnc(Nc2ccccc2)n1,6.6020599913279625,6.450769219061006
target,8,target_mean,AURKA_5330790,AURKA,O=C(c1ccccc1)n1cnc(Nc2ccccc2)n1,6.6020599913279625,6.450769219061006
target,8,ligand_only,AURKA_5330790,AURKA,O=C(c1ccccc1)n1cnc(Nc2ccccc2)n1,6.6020599913279625,6.478283851457977
target,8,ligand_target_id,AURKA_5330790,AURKA,O=C(c1ccccc1)n1cnc(Nc2ccccc2)n1,6.6020599913279625,6.423934420598978
target,8,ligand_sequence,AURKA_5330790,AURKA,O=C(c1ccccc1)n1cnc(Nc2ccccc2)n1,6.6020599913279625,6.453567189986675
target,8,ligand_boltz,AURKA_5330790,AURKA,O=C(c1ccccc1)n1cnc(Nc2ccccc2)n1,6.6020599913279625,6.521862031459301
target,8,mean,AURKA_11712649,AURKA,c1ccc(Nc2ncc3c(n2)-c2ccccc2C(c2ccccc2)=NC3)cc1,8.187086643357144,6.450769219061006
target,8,target_mean,AURKA_11712649,AURKA,c1ccc(Nc2ncc3c(n2)-c2ccccc2C(c2ccccc2)=NC3)cc1,8.187086643357144,6.450769219061006
target,8,ligand_only,AURKA_11712649,AURKA,c1ccc(Nc2ncc3c(n2)-c2ccccc2C(c2ccccc2)=NC3)cc1,8.187086643357144,6.587791443750788
target,8,ligand_target_id,AURKA_11712649,AURKA,c1ccc(Nc2ncc3c(n2)-c2ccccc2C(c2ccccc2)=NC3)cc1,8.187086643357144,6.517446705565909
target,8,ligand_sequence,AURKA_11712649,AURKA,c1ccc(Nc2ncc3c(n2)-c2ccccc2C(c2ccccc2)=NC3)cc1,8.187086643357144,6.601763130221249
target,8,ligand_boltz,AURKA_11712649,AURKA,c1ccc(Nc2ncc3c(n2)-c2ccccc2C(c2ccccc2)=NC3)cc1,8.187086643357144,6.7905237156768194
target,9,mean,LCK_176870,LCK,c1ccc(Nc2ncnc3ccccc23)cc1,6.6020599913279625,6.4240543859291055
target,9,target_mean,LCK_176870,LCK,c1ccc(Nc2ncnc3ccccc23)cc1,6.6020599913279625,6.4240543859291055
target,9,ligand_only,LCK_176870,LCK,c1ccc(Nc2ncnc3ccccc23)cc1,6.6020599913279625,5.8978425424706336
target,9,ligand_target_id,LCK_176870,LCK,c1ccc(Nc2ncnc3ccccc23)cc1,6.6020599913279625,5.994647852099531
target,9,ligand_sequence,LCK_176870,LCK,c1ccc(Nc2ncnc3ccccc23)cc1,6.6020599913279625,5.899108148793064
target,9,ligand_boltz,LCK_176870,LCK,c1ccc(Nc2ncnc3ccccc23)cc1,6.6020599913279625,5.9604373040955085
target,9,mean,LCK_156414,LCK,c1ccc(Nc2ncnc3cc(OCCCN4CCOCC4)ccc23)cc1,6.494850021680094,6.4240543859291055
target,9,target_mean,LCK_156414,LCK,c1ccc(Nc2ncnc3cc(OCCCN4CCOCC4)ccc23)cc1,6.494850021680094,6.4240543859291055
target,9,ligand_only,LCK_156414,LCK,c1ccc(Nc2ncnc3cc(OCCCN4CCOCC4)ccc23)cc1,6.494850021680094,5.682401060588312
target,9,ligand_target_id,LCK_156414,LCK,c1ccc(Nc2ncnc3cc(OCCCN4CCOCC4)ccc23)cc1,6.494850021680094,5.849226171091896
target,9,ligand_sequence,LCK_156414,LCK,c1ccc(Nc2ncnc3cc(OCCCN4CCOCC4)ccc23)cc1,6.494850021680094,5.69304358837079
target,9,ligand_boltz,LCK_156414,LCK,c1ccc(Nc2ncnc3cc(OCCCN4CCOCC4)ccc23)cc1,6.494850021680094,5.74779069542466
target,9,mean,LCK_11667893,LCK,O=C(Nc1ccc2c(c1)NCC2)c1cccnc1NCc1ccncc1,6.443697499232712,6.4240543859291055
target,9,target_mean,LCK_11667893,LCK,O=C(Nc1ccc2c(c1)NCC2)c1cccnc1NCc1ccncc1,6.443697499232712,6.4240543859291055
target,9,ligand_only,LCK_11667893,LCK,O=C(Nc1ccc2c(c1)NCC2)c1cccnc1NCc1ccncc1,6.443697499232712,6.36774558466899
target,9,ligand_target_id,LCK_11667893,LCK,O=C(Nc1ccc2c(c1)NCC2)c1cccnc1NCc1ccncc1,6.443697499232712,6.381034977469038
target,9,ligand_sequence,LCK_11667893,LCK,O=C(Nc1ccc2c(c1)NCC2)c1cccnc1NCc1ccncc1,6.443697499232712,6.366431880469866
target,9,ligand_boltz,LCK_11667893,LCK,O=C(Nc1ccc2c(c1)NCC2)c1cccnc1NCc1ccncc1,6.443697499232712,6.356098392808256
target,9,mean,LCK_5329102,LCK,O=C1Nc2ccccc2C1=Cc1ccc[nH]1,6.638272163982407,6.4240543859291055
target,9,target_mean,LCK_5329102,LCK,O=C1Nc2ccccc2C1=Cc1ccc[nH]1,6.638272163982407,6.4240543859291055
target,9,ligand_only,LCK_5329102,LCK,O=C1Nc2ccccc2C1=Cc1ccc[nH]1,6.638272163982407,6.526022575228927
target,9,ligand_target_id,LCK_5329102,LCK,O=C1Nc2ccccc2C1=Cc1ccc[nH]1,6.638272163982407,6.4973568867400635
target,9,ligand_sequence,LCK_5329102,LCK,O=C1Nc2ccccc2C1=Cc1ccc[nH]1,6.638272163982407,6.353206904013701
target,9,ligand_boltz,LCK_5329102,LCK,O=C1Nc2ccccc2C1=Cc1ccc[nH]1,6.638272163982407,6.276490536114158
target,9,mean,LCK_16007391,LCK,O=C(Cc1cc(Nc2ncnc3ccccc23)n[nH]1)Nc1ccccc1,6.42021640338319,6.4240543859291055
target,9,target_mean,LCK_16007391,LCK,O=C(Cc1cc(Nc2ncnc3ccccc23)n[nH]1)Nc1ccccc1,6.42021640338319,6.4240543859291055
target,9,ligand_only,LCK_16007391,LCK,O=C(Cc1cc(Nc2ncnc3ccccc23)n[nH]1)Nc1ccccc1,6.42021640338319,6.592650783871619
target,9,ligand_target_id,LCK_16007391,LCK,O=C(Cc1cc(Nc2ncnc3ccccc23)n[nH]1)Nc1ccccc1,6.42021640338319,6.516296217611818
target,9,ligand_sequence,LCK_16007391,LCK,O=C(Cc1cc(Nc2ncnc3ccccc23)n[nH]1)Nc1ccccc1,6.42021640338319,6.368613212403484
target,9,ligand_boltz,LCK_16007391,LCK,O=C(Cc1cc(Nc2ncnc3ccccc23)n[nH]1)Nc1ccccc1,6.42021640338319,6.326061338707924
target,9,mean,LCK_11409972,LCK,O=C(Nc1ccc(CN2CCNCC2)cc1)Nc1ccc(Oc2ccncn2)cc1,7.958607314841775,6.4240543859291055
target,9,target_mean,LCK_11409972,LCK,O=C(Nc1ccc(CN2CCNCC2)cc1)Nc1ccc(Oc2ccncn2)cc1,7.958607314841775,6.4240543859291055
target,9,ligand_only,LCK_11409972,LCK,O=C(Nc1ccc(CN2CCNCC2)cc1)Nc1ccc(Oc2ccncn2)cc1,7.958607314841775,6.467958515034086
target,9,ligand_target_id,LCK_11409972,LCK,O=C(Nc1ccc(CN2CCNCC2)cc1)Nc1ccc(Oc2ccncn2)cc1,7.958607314841775,6.470712440758946
target,9,ligand_sequence,LCK_11409972,LCK,O=C(Nc1ccc(CN2CCNCC2)cc1)Nc1ccc(Oc2ccncn2)cc1,7.958607314841775,6.494718425579075
target,9,ligand_boltz,LCK_11409972,LCK,O=C(Nc1ccc(CN2CCNCC2)cc1)Nc1ccc(Oc2ccncn2)cc1,7.958607314841775,6.453620895019038
target,9,mean,LCK_6445562,LCK,c1ccc(Nc2ccnc3ccccc23)cc1,7.00436480540245,6.4240543859291055
target,9,target_mean,LCK_6445562,LCK,c1ccc(Nc2ccnc3ccccc23)cc1,7.00436480540245,6.4240543859291055
target,9,ligand_only,LCK_6445562,LCK,c1ccc(Nc2ccnc3ccccc23)cc1,7.00436480540245,6.256109435499415
target,9,ligand_target_id,LCK_6445562,LCK,c1ccc(Nc2ccnc3ccccc23)cc1,7.00436480540245,6.311557442932698
target,9,ligand_sequence,LCK_6445562,LCK,c1ccc(Nc2ccnc3ccccc23)cc1,7.00436480540245,6.244826366658528
target,9,ligand_boltz,LCK_6445562,LCK,c1ccc(Nc2ccnc3ccccc23)cc1,7.00436480540245,6.232418965040042
target,9,mean,LCK_135398510,LCK,O=c1[nH]c2ccccc2cc1-c1nc2ccc(N3CCNCC3)cc2[nH]1,6.6020599913279625,6.4240543859291055
target,9,target_mean,LCK_135398510,LCK,O=c1[nH]c2ccccc2cc1-c1nc2ccc(N3CCNCC3)cc2[nH]1,6.6020599913279625,6.4240543859291055
target,9,ligand_only,LCK_135398510,LCK,O=c1[nH]c2ccccc2cc1-c1nc2ccc(N3CCNCC3)cc2[nH]1,6.6020599913279625,5.998472737538506
target,9,ligand_target_id,LCK_135398510,LCK,O=c1[nH]c2ccccc2cc1-c1nc2ccc(N3CCNCC3)cc2[nH]1,6.6020599913279625,6.104134357898264
target,9,ligand_sequence,LCK_135398510,LCK,O=c1[nH]c2ccccc2cc1-c1nc2ccc(N3CCNCC3)cc2[nH]1,6.6020599913279625,5.929754546920896
target,9,ligand_boltz,LCK_135398510,LCK,O=c1[nH]c2ccccc2cc1-c1nc2ccc(N3CCNCC3)cc2[nH]1,6.6020599913279625,5.958141494500257
target,9,mean,LCK_216239,LCK,O=C(Nc1ccccc1)Nc1ccc(Oc2ccncc2)cc1,5.568636235841012,6.4240543859291055
target,9,target_mean,LCK_216239,LCK,O=C(Nc1ccccc1)Nc1ccc(Oc2ccncc2)cc1,5.568636235841012,6.4240543859291055
target,9,ligand_only,LCK_216239,LCK,O=C(Nc1ccccc1)Nc1ccc(Oc2ccncc2)cc1,5.568636235841012,6.51657728007911
target,9,ligand_target_id,LCK_216239,LCK,O=C(Nc1ccccc1)Nc1ccc(Oc2ccncc2)cc1,5.568636235841012,6.432298169692881
target,9,ligand_sequence,LCK_216239,LCK,O=C(Nc1ccccc1)Nc1ccc(Oc2ccncc2)cc1,5.568636235841012,6.391787191387007
target,9,ligand_boltz,LCK_216239,LCK,O=C(Nc1ccccc1)Nc1ccc(Oc2ccncc2)cc1,5.568636235841012,6.375445752069147
target,9,mean,LCK_451705,LCK,O=C1NCc2c1c1c3ccccc3n3c1c1c2c2ccccc2n1C1CCCC3O1,7.522878745280337,6.4240543859291055
target,9,target_mean,LCK_451705,LCK,O=C1NCc2c1c1c3ccccc3n3c1c1c2c2ccccc2n1C1CCCC3O1,7.522878745280337,6.4240543859291055
target,9,ligand_only,LCK_451705,LCK,O=C1NCc2c1c1c3ccccc3n3c1c1c2c2ccccc2n1C1CCCC3O1,7.522878745280337,7.11828269189487
target,9,ligand_target_id,LCK_451705,LCK,O=C1NCc2c1c1c3ccccc3n3c1c1c2c2ccccc2n1C1CCCC3O1,7.522878745280337,6.9960076427589595
target,9,ligand_sequence,LCK_451705,LCK,O=C1NCc2c1c1c3ccccc3n3c1c1c2c2ccccc2n1C1CCCC3O1,7.522878745280337,7.042205808939594
target,9,ligand_boltz,LCK_451705,LCK,O=C1NCc2c1c1c3ccccc3n3c1c1c2c2ccccc2n1C1CCCC3O1,7.522878745280337,7.00214460820184
target,9,mean,LCK_24202429,LCK,O=C(NC1CC2OC(C1)n1c3ccccc3c3c4c(c5c6ccccc6n2c5c31)CNC4=O)c1ccccc1,6.552841968657781,6.4240543859291055
target,9,target_mean,LCK_24202429,LCK,O=C(NC1CC2OC(C1)n1c3ccccc3c3c4c(c5c6ccccc6n2c5c31)CNC4=O)c1ccccc1,6.552841968657781,6.4240543859291055
target,9,ligand_only,LCK_24202429,LCK,O=C(NC1CC2OC(C1)n1c3ccccc3c3c4c(c5c6ccccc6n2c5c31)CNC4=O)c1ccccc1,6.552841968657781,6.452943987712877
target,9,ligand_target_id,LCK_24202429,LCK,O=C(NC1CC2OC(C1)n1c3ccccc3c3c4c(c5c6ccccc6n2c5c31)CNC4=O)c1ccccc1,6.552841968657781,6.506396246176914
target,9,ligand_sequence,LCK_24202429,LCK,O=C(NC1CC2OC(C1)n1c3ccccc3c3c4c(c5c6ccccc6n2c5c31)CNC4=O)c1ccccc1,6.552841968657781,6.384482706660027
target,9,ligand_boltz,LCK_24202429,LCK,O=C(NC1CC2OC(C1)n1c3ccccc3c3c4c(c5c6ccccc6n2c5c31)CNC4=O)c1ccccc1,6.552841968657781,6.368066400869186
target,9,mean,LCK_3081361,LCK,c1ccc(Nc2ncnc3cc(OCC4CCNCC4)ccc23)cc1,7.769551078621726,6.4240543859291055
target,9,target_mean,LCK_3081361,LCK,c1ccc(Nc2ncnc3cc(OCC4CCNCC4)ccc23)cc1,7.769551078621726,6.4240543859291055
target,9,ligand_only,LCK_3081361,LCK,c1ccc(Nc2ncnc3cc(OCC4CCNCC4)ccc23)cc1,7.769551078621726,6.291466814159527
target,9,ligand_target_id,LCK_3081361,LCK,c1ccc(Nc2ncnc3cc(OCC4CCNCC4)ccc23)cc1,7.769551078621726,6.309237712635234
target,9,ligand_sequence,LCK_3081361,LCK,c1ccc(Nc2ncnc3cc(OCC4CCNCC4)ccc23)cc1,7.769551078621726,6.331901422073734
target,9,ligand_boltz,LCK_3081361,LCK,c1ccc(Nc2ncnc3cc(OCC4CCNCC4)ccc23)cc1,7.769551078621726,6.35023880777648
target,9,mean,LCK_123631,LCK,c1ccc(Nc2ncnc3ccc(OCCCN4CCOCC4)cc23)cc1,6.200659450546418,6.4240543859291055
target,9,target_mean,LCK_123631,LCK,c1ccc(Nc2ncnc3ccc(OCCCN4CCOCC4)cc23)cc1,6.200659450546418,6.4240543859291055
target,9,ligand_only,LCK_123631,LCK,c1ccc(Nc2ncnc3ccc(OCCCN4CCOCC4)cc23)cc1,6.200659450546418,5.754199150254547
target,9,ligand_target_id,LCK_123631,LCK,c1ccc(Nc2ncnc3ccc(OCCCN4CCOCC4)cc23)cc1,6.200659450546418,5.901252459161352
target,9,ligand_sequence,LCK_123631,LCK,c1ccc(Nc2ncnc3ccc(OCCCN4CCOCC4)cc23)cc1,6.200659450546418,5.773443836763458
target,9,ligand_boltz,LCK_123631,LCK,c1ccc(Nc2ncnc3ccc(OCCCN4CCOCC4)cc23)cc1,6.200659450546418,5.81392005644487
target,9,mean,LCK_176155,LCK,c1ccc(-c2nc(-c3ccccc3)c(-c3ccncc3)[nH]2)cc1,5.552841968657781,6.4240543859291055
target,9,target_mean,LCK_176155,LCK,c1ccc(-c2nc(-c3ccccc3)c(-c3ccncc3)[nH]2)cc1,5.552841968657781,6.4240543859291055
target,9,ligand_only,LCK_176155,LCK,c1ccc(-c2nc(-c3ccccc3)c(-c3ccncc3)[nH]2)cc1,5.552841968657781,6.259516635325888
target,9,ligand_target_id,LCK_176155,LCK,c1ccc(-c2nc(-c3ccccc3)c(-c3ccncc3)[nH]2)cc1,5.552841968657781,6.300070672184395
target,9,ligand_sequence,LCK_176155,LCK,c1ccc(-c2nc(-c3ccccc3)c(-c3ccncc3)[nH]2)cc1,5.552841968657781,6.106133428750898
target,9,ligand_boltz,LCK_176155,LCK,c1ccc(-c2nc(-c3ccccc3)c(-c3ccncc3)[nH]2)cc1,5.552841968657781,6.041353539399664
target,9,mean,LCK_9926791,LCK,c1nc(NC2CCCNC2)c2cc[nH]c2n1,5.7447274948966935,6.4240543859291055
target,9,target_mean,LCK_9926791,LCK,c1nc(NC2CCCNC2)c2cc[nH]c2n1,5.7447274948966935,6.4240543859291055
target,9,ligand_only,LCK_9926791,LCK,c1nc(NC2CCCNC2)c2cc[nH]c2n1,5.7447274948966935,6.377917172499587
target,9,ligand_target_id,LCK_9926791,LCK,c1nc(NC2CCCNC2)c2cc[nH]c2n1,5.7447274948966935,6.403039377106707
target,9,ligand_sequence,LCK_9926791,LCK,c1nc(NC2CCCNC2)c2cc[nH]c2n1,5.7447274948966935,6.344953598053882
target,9,ligand_boltz,LCK_9926791,LCK,c1nc(NC2CCCNC2)c2cc[nH]c2n1,5.7447274948966935,6.337106782236381
target,9,mean,LCK_10138259,LCK,O=C1Nc2ccccc2C1=Cc1cc(C(=O)NCCCN2CCOCC2)c[nH]1,5.638272163982407,6.4240543859291055
target,9,target_mean,LCK_10138259,LCK,O=C1Nc2ccccc2C1=Cc1cc(C(=O)NCCCN2CCOCC2)c[nH]1,5.638272163982407,6.4240543859291055
target,9,ligand_only,LCK_10138259,LCK,O=C1Nc2ccccc2C1=Cc1cc(C(=O)NCCCN2CCOCC2)c[nH]1,5.638272163982407,6.1606357868133514
target,9,ligand_target_id,LCK_10138259,LCK,O=C1Nc2ccccc2C1=Cc1cc(C(=O)NCCCN2CCOCC2)c[nH]1,5.638272163982407,6.21058603472464
target,9,ligand_sequence,LCK_10138259,LCK,O=C1Nc2ccccc2C1=Cc1cc(C(=O)NCCCN2CCOCC2)c[nH]1,5.638272163982407,6.027731420862713
target,9,ligand_boltz,LCK_10138259,LCK,O=C1Nc2ccccc2C1=Cc1cc(C(=O)NCCCN2CCOCC2)c[nH]1,5.638272163982407,5.996237573964828
target,9,mean,LCK_5494449,LCK,O=C(Nc1ccc(Sc2nc(Nc3cc[nH]n3)cc(N3CCNCC3)n2)cc1)C1CC1,7.214670164989233,6.4240543859291055
target,9,target_mean,LCK_5494449,LCK,O=C(Nc1ccc(Sc2nc(Nc3cc[nH]n3)cc(N3CCNCC3)n2)cc1)C1CC1,7.214670164989233,6.4240543859291055
target,9,ligand_only,LCK_5494449,LCK,O=C(Nc1ccc(Sc2nc(Nc3cc[nH]n3)cc(N3CCNCC3)n2)cc1)C1CC1,7.214670164989233,7.2305595302097885
target,9,ligand_target_id,LCK_5494449,LCK,O=C(Nc1ccc(Sc2nc(Nc3cc[nH]n3)cc(N3CCNCC3)n2)cc1)C1CC1,7.214670164989233,7.0124524266563
target,9,ligand_sequence,LCK_5494449,LCK,O=C(Nc1ccc(Sc2nc(Nc3cc[nH]n3)cc(N3CCNCC3)n2)cc1)C1CC1,7.214670164989233,6.935873399558972
target,9,ligand_boltz,LCK_5494449,LCK,O=C(Nc1ccc(Sc2nc(Nc3cc[nH]n3)cc(N3CCNCC3)n2)cc1)C1CC1,7.214670164989233,6.859134969040817
target,9,mean,LCK_156422,LCK,O=C(Nc1ccc(OCCN2CCOCC2)c2ccccc12)Nc1ccnn1-c1ccccc1,5.920818753952375,6.4240543859291055
target,9,target_mean,LCK_156422,LCK,O=C(Nc1ccc(OCCN2CCOCC2)c2ccccc12)Nc1ccnn1-c1ccccc1,5.920818753952375,6.4240543859291055
target,9,ligand_only,LCK_156422,LCK,O=C(Nc1ccc(OCCN2CCOCC2)c2ccccc12)Nc1ccnn1-c1ccccc1,5.920818753952375,6.124085984409542
target,9,ligand_target_id,LCK_156422,LCK,O=C(Nc1ccc(OCCN2CCOCC2)c2ccccc12)Nc1ccnn1-c1ccccc1,5.920818753952375,6.241049168749472
target,9,ligand_sequence,LCK_156422,LCK,O=C(Nc1ccc(OCCN2CCOCC2)c2ccccc12)Nc1ccnn1-c1ccccc1,5.920818753952375,6.14451735456759
target,9,ligand_boltz,LCK_156422,LCK,O=C(Nc1ccc(OCCN2CCOCC2)c2ccccc12)Nc1ccnn1-c1ccccc1,5.920818753952375,6.167042973989697
target,9,mean,LCK_5291,LCK,O=C(Nc1cccc(Nc2nccc(-c3cccnc3)n2)c1)c1ccc(CN2CCNCC2)cc1,7.3979400086720375,6.4240543859291055
target,9,target_mean,LCK_5291,LCK,O=C(Nc1cccc(Nc2nccc(-c3cccnc3)n2)c1)c1ccc(CN2CCNCC2)cc1,7.3979400086720375,6.4240543859291055
target,9,ligand_only,LCK_5291,LCK,O=C(Nc1cccc(Nc2nccc(-c3cccnc3)n2)c1)c1ccc(CN2CCNCC2)cc1,7.3979400086720375,6.270981200946006
target,9,ligand_target_id,LCK_5291,LCK,O=C(Nc1cccc(Nc2nccc(-c3cccnc3)n2)c1)c1ccc(CN2CCNCC2)cc1,7.3979400086720375,6.396336276242101
target,9,ligand_sequence,LCK_5291,LCK,O=C(Nc1cccc(Nc2nccc(-c3cccnc3)n2)c1)c1ccc(CN2CCNCC2)cc1,7.3979400086720375,6.283824519307277
target,9,ligand_boltz,LCK_5291,LCK,O=C(Nc1cccc(Nc2nccc(-c3cccnc3)n2)c1)c1ccc(CN2CCNCC2)cc1,7.3979400086720375,6.285095210744777
target,9,mean,LCK_10113978,LCK,c1ccc(Nc2nccc(Nc3ccc4c[nH]nc4c3)n2)cc1,5.920818753952375,6.4240543859291055
target,9,target_mean,LCK_10113978,LCK,c1ccc(Nc2nccc(Nc3ccc4c[nH]nc4c3)n2)cc1,5.920818753952375,6.4240543859291055
target,9,ligand_only,LCK_10113978,LCK,c1ccc(Nc2nccc(Nc3ccc4c[nH]nc4c3)n2)cc1,5.920818753952375,5.886278684536196
target,9,ligand_target_id,LCK_10113978,LCK,c1ccc(Nc2nccc(Nc3ccc4c[nH]nc4c3)n2)cc1,5.920818753952375,6.042302087094951
target,9,ligand_sequence,LCK_10113978,LCK,c1ccc(Nc2nccc(Nc3ccc4c[nH]nc4c3)n2)cc1,5.920818753952375,5.89685875930307
target,9,ligand_boltz,LCK_10113978,LCK,c1ccc(Nc2nccc(Nc3ccc4c[nH]nc4c3)n2)cc1,5.920818753952375,5.935807027676334
target,9,mean,LCK_3062316,LCK,O=C(Nc1ccccc1)c1cnc(Nc2cc(N3CCNCC3)ncn2)s1,9.698970004336019,6.4240543859291055
target,9,target_mean,LCK_3062316,LCK,O=C(Nc1ccccc1)c1cnc(Nc2cc(N3CCNCC3)ncn2)s1,9.698970004336019,6.4240543859291055
target,9,ligand_only,LCK_3062316,LCK,O=C(Nc1ccccc1)c1cnc(Nc2cc(N3CCNCC3)ncn2)s1,9.698970004336019,8.094071401073734
target,9,ligand_target_id,LCK_3062316,LCK,O=C(Nc1ccccc1)c1cnc(Nc2cc(N3CCNCC3)ncn2)s1,9.698970004336019,7.6573030188852105
target,9,ligand_sequence,LCK_3062316,LCK,O=C(Nc1ccccc1)c1cnc(Nc2cc(N3CCNCC3)ncn2)s1,9.698970004336019,8.085854151738609
target,9,ligand_boltz,LCK_3062316,LCK,O=C(Nc1ccccc1)c1cnc(Nc2cc(N3CCNCC3)ncn2)s1,9.698970004336019,7.987656069227613
target,9,mean,LCK_11656518,LCK,c1ccc(Nc2nc3cc(Oc4ccnc(-c5ncc[nH]5)c4)ccc3[nH]2)cc1,6.1938200260161125,6.4240543859291055
target,9,target_mean,LCK_11656518,LCK,c1ccc(Nc2nc3cc(Oc4ccnc(-c5ncc[nH]5)c4)ccc3[nH]2)cc1,6.1938200260161125,6.4240543859291055
target,9,ligand_only,LCK_11656518,LCK,c1ccc(Nc2nc3cc(Oc4ccnc(-c5ncc[nH]5)c4)ccc3[nH]2)cc1,6.1938200260161125,6.12397564022276
target,9,ligand_target_id,LCK_11656518,LCK,c1ccc(Nc2nc3cc(Oc4ccnc(-c5ncc[nH]5)c4)ccc3[nH]2)cc1,6.1938200260161125,6.249402970875492
target,9,ligand_sequence,LCK_11656518,LCK,c1ccc(Nc2nc3cc(Oc4ccnc(-c5ncc[nH]5)c4)ccc3[nH]2)cc1,6.1938200260161125,6.151081890060602
target,9,ligand_boltz,LCK_11656518,LCK,c1ccc(Nc2nc3cc(Oc4ccnc(-c5ncc[nH]5)c4)ccc3[nH]2)cc1,6.1938200260161125,6.157302141901189
target,9,mean,LCK_11712649,LCK,c1ccc(Nc2ncc3c(n2)-c2ccccc2C(c2ccccc2)=NC3)cc1,6.229147988357856,6.4240543859291055
target,9,target_mean,LCK_11712649,LCK,c1ccc(Nc2ncc3c(n2)-c2ccccc2C(c2ccccc2)=NC3)cc1,6.229147988357856,6.4240543859291055
target,9,ligand_only,LCK_11712649,LCK,c1ccc(Nc2ncc3c(n2)-c2ccccc2C(c2ccccc2)=NC3)cc1,6.229147988357856,6.884552259934239
target,9,ligand_target_id,LCK_11712649,LCK,c1ccc(Nc2ncc3c(n2)-c2ccccc2C(c2ccccc2)=NC3)cc1,6.229147988357856,6.744200028369985
target,9,ligand_sequence,LCK_11712649,LCK,c1ccc(Nc2ncc3c(n2)-c2ccccc2C(c2ccccc2)=NC3)cc1,6.229147988357856,6.637929011351044
target,9,ligand_boltz,LCK_11712649,LCK,c1ccc(Nc2ncc3c(n2)-c2ccccc2C(c2ccccc2)=NC3)cc1,6.229147988357856,6.546979687661873
target,9,mean,LCK_3038525,LCK,O=c1ncn2nc(Sc3ccccc3)ccc2c1-c1ccccc1,5.337242168318426,6.4240543859291055
target,9,target_mean,LCK_3038525,LCK,O=c1ncn2nc(Sc3ccccc3)ccc2c1-c1ccccc1,5.337242168318426,6.4240543859291055
target,9,ligand_only,LCK_3038525,LCK,O=c1ncn2nc(Sc3ccccc3)ccc2c1-c1ccccc1,5.337242168318426,5.873081552896863
target,9,ligand_target_id,LCK_3038525,LCK,O=c1ncn2nc(Sc3ccccc3)ccc2c1-c1ccccc1,5.337242168318426,6.159538065629445
target,9,ligand_sequence,LCK_3038525,LCK,O=c1ncn2nc(Sc3ccccc3)ccc2c1-c1ccccc1,5.337242168318426,5.945853086816881
target,9,ligand_boltz,LCK_3038525,LCK,O=c1ncn2nc(Sc3ccccc3)ccc2c1-c1ccccc1,5.337242168318426,5.954233865159924
target,10,mean,CSNK1E_3025986,CSNK1E,O=C(Nc1ncc(SCc2ncco2)s1)C1CCNCC1,6.022276394711152,6.452164484991016
target,10,target_mean,CSNK1E_3025986,CSNK1E,O=C(Nc1ncc(SCc2ncco2)s1)C1CCNCC1,6.022276394711152,6.452164484991016
target,10,ligand_only,CSNK1E_3025986,CSNK1E,O=C(Nc1ncc(SCc2ncco2)s1)C1CCNCC1,6.022276394711152,6.624144912123212
target,10,ligand_target_id,CSNK1E_3025986,CSNK1E,O=C(Nc1ncc(SCc2ncco2)s1)C1CCNCC1,6.022276394711152,6.624837460847093
target,10,ligand_sequence,CSNK1E_3025986,CSNK1E,O=C(Nc1ncc(SCc2ncco2)s1)C1CCNCC1,6.022276394711152,6.421220410405073
target,10,ligand_boltz,CSNK1E_3025986,CSNK1E,O=C(Nc1ncc(SCc2ncco2)s1)C1CCNCC1,6.022276394711152,6.438115004117064
target,10,mean,CSNK1E_5329102,CSNK1E,O=C1Nc2ccccc2C1=Cc1ccc[nH]1,7.886056647693163,6.452164484991016
target,10,target_mean,CSNK1E_5329102,CSNK1E,O=C1Nc2ccccc2C1=Cc1ccc[nH]1,7.886056647693163,6.452164484991016
target,10,ligand_only,CSNK1E_5329102,CSNK1E,O=C1Nc2ccccc2C1=Cc1ccc[nH]1,7.886056647693163,6.3992085623959625
target,10,ligand_target_id,CSNK1E_5329102,CSNK1E,O=C1Nc2ccccc2C1=Cc1ccc[nH]1,7.886056647693163,6.392874215524847
target,10,ligand_sequence,CSNK1E_5329102,CSNK1E,O=C1Nc2ccccc2C1=Cc1ccc[nH]1,7.886056647693163,6.6461103809429805
target,10,ligand_boltz,CSNK1E_5329102,CSNK1E,O=C1Nc2ccccc2C1=Cc1ccc[nH]1,7.886056647693163,6.706872907782194
target,10,mean,CSNK1E_11409972,CSNK1E,O=C(Nc1ccc(CN2CCNCC2)cc1)Nc1ccc(Oc2ccncn2)cc1,5.3979400086720375,6.452164484991016
target,10,target_mean,CSNK1E_11409972,CSNK1E,O=C(Nc1ccc(CN2CCNCC2)cc1)Nc1ccc(Oc2ccncn2)cc1,5.3979400086720375,6.452164484991016
target,10,ligand_only,CSNK1E_11409972,CSNK1E,O=C(Nc1ccc(CN2CCNCC2)cc1)Nc1ccc(Oc2ccncn2)cc1,5.3979400086720375,6.744918264214214
target,10,ligand_target_id,CSNK1E_11409972,CSNK1E,O=C(Nc1ccc(CN2CCNCC2)cc1)Nc1ccc(Oc2ccncn2)cc1,5.3979400086720375,6.696923147798788
target,10,ligand_sequence,CSNK1E_11409972,CSNK1E,O=C(Nc1ccc(CN2CCNCC2)cc1)Nc1ccc(Oc2ccncn2)cc1,5.3979400086720375,6.478232418132398
target,10,ligand_boltz,CSNK1E_11409972,CSNK1E,O=C(Nc1ccc(CN2CCNCC2)cc1)Nc1ccc(Oc2ccncn2)cc1,5.3979400086720375,6.503329912097303
target,10,mean,CSNK1E_6445562,CSNK1E,c1ccc(Nc2ccnc3ccccc23)cc1,7.0,6.452164484991016
target,10,target_mean,CSNK1E_6445562,CSNK1E,c1ccc(Nc2ccnc3ccccc23)cc1,7.0,6.452164484991016
target,10,ligand_only,CSNK1E_6445562,CSNK1E,c1ccc(Nc2ccnc3ccccc23)cc1,7.0,6.273030257866446
target,10,ligand_target_id,CSNK1E_6445562,CSNK1E,c1ccc(Nc2ccnc3ccccc23)cc1,7.0,6.3220808404269615
target,10,ligand_sequence,CSNK1E_6445562,CSNK1E,c1ccc(Nc2ccnc3ccccc23)cc1,7.0,6.206840845709509
target,10,ligand_boltz,CSNK1E_6445562,CSNK1E,c1ccc(Nc2ccnc3ccccc23)cc1,7.0,6.188443516189098
target,10,mean,CSNK1E_160355,CSNK1E,c1ccc(CNc2ncnc3[nH]cnc23)cc1,6.494850021680094,6.452164484991016
target,10,target_mean,CSNK1E_160355,CSNK1E,c1ccc(CNc2ncnc3[nH]cnc23)cc1,6.494850021680094,6.452164484991016
target,10,ligand_only,CSNK1E_160355,CSNK1E,c1ccc(CNc2ncnc3[nH]cnc23)cc1,6.494850021680094,6.069409238905736
target,10,ligand_target_id,CSNK1E_160355,CSNK1E,c1ccc(CNc2ncnc3[nH]cnc23)cc1,6.494850021680094,6.198692715442739
target,10,ligand_sequence,CSNK1E_160355,CSNK1E,c1ccc(CNc2ncnc3[nH]cnc23)cc1,6.494850021680094,6.239228742344846
target,10,ligand_boltz,CSNK1E_160355,CSNK1E,c1ccc(CNc2ncnc3[nH]cnc23)cc1,6.494850021680094,6.211995819698929
target,10,mean,CSNK1E_451705,CSNK1E,O=C1NCc2c1c1c3ccccc3n3c1c1c2c2ccccc2n1C1CCCC3O1,7.136677139879544,6.452164484991016
target,10,target_mean,CSNK1E_451705,CSNK1E,O=C1NCc2c1c1c3ccccc3n3c1c1c2c2ccccc2n1C1CCCC3O1,7.136677139879544,6.452164484991016
target,10,ligand_only,CSNK1E_451705,CSNK1E,O=C1NCc2c1c1c3ccccc3n3c1c1c2c2ccccc2n1C1CCCC3O1,7.136677139879544,7.150359928468944
target,10,ligand_target_id,CSNK1E_451705,CSNK1E,O=C1NCc2c1c1c3ccccc3n3c1c1c2c2ccccc2n1C1CCCC3O1,7.136677139879544,7.024336932596393
target,10,ligand_sequence,CSNK1E_451705,CSNK1E,O=C1NCc2c1c1c3ccccc3n3c1c1c2c2ccccc2n1C1CCCC3O1,7.136677139879544,6.782929168523771
target,10,ligand_boltz,CSNK1E_451705,CSNK1E,O=C1NCc2c1c1c3ccccc3n3c1c1c2c2ccccc2n1C1CCCC3O1,7.136677139879544,6.806132770550692
target,10,mean,CSNK1E_3081361,CSNK1E,c1ccc(Nc2ncnc3cc(OCC4CCNCC4)ccc23)cc1,5.522878745280337,6.452164484991016
target,10,target_mean,CSNK1E_3081361,CSNK1E,c1ccc(Nc2ncnc3cc(OCC4CCNCC4)ccc23)cc1,5.522878745280337,6.452164484991016
target,10,ligand_only,CSNK1E_3081361,CSNK1E,c1ccc(Nc2ncnc3cc(OCC4CCNCC4)ccc23)cc1,5.522878745280337,6.645786909452515
target,10,ligand_target_id,CSNK1E_3081361,CSNK1E,c1ccc(Nc2ncnc3cc(OCC4CCNCC4)ccc23)cc1,5.522878745280337,6.566663867672935
target,10,ligand_sequence,CSNK1E_3081361,CSNK1E,c1ccc(Nc2ncnc3cc(OCC4CCNCC4)ccc23)cc1,5.522878745280337,6.53017988331135
target,10,ligand_boltz,CSNK1E_3081361,CSNK1E,c1ccc(Nc2ncnc3cc(OCC4CCNCC4)ccc23)cc1,5.522878745280337,6.441699304942023
target,10,mean,CSNK1E_123631,CSNK1E,c1ccc(Nc2ncnc3ccc(OCCCN4CCOCC4)cc23)cc1,6.366531544420414,6.452164484991016
target,10,target_mean,CSNK1E_123631,CSNK1E,c1ccc(Nc2ncnc3ccc(OCCCN4CCOCC4)cc23)cc1,6.366531544420414,6.452164484991016
target,10,ligand_only,CSNK1E_123631,CSNK1E,c1ccc(Nc2ncnc3ccc(OCCCN4CCOCC4)cc23)cc1,6.366531544420414,5.780912476799329
target,10,ligand_target_id,CSNK1E_123631,CSNK1E,c1ccc(Nc2ncnc3ccc(OCCCN4CCOCC4)cc23)cc1,6.366531544420414,5.920438358535781
target,10,ligand_sequence,CSNK1E_123631,CSNK1E,c1ccc(Nc2ncnc3ccc(OCCCN4CCOCC4)cc23)cc1,6.366531544420414,5.759028839834363
target,10,ligand_boltz,CSNK1E_123631,CSNK1E,c1ccc(Nc2ncnc3ccc(OCCCN4CCOCC4)cc23)cc1,6.366531544420414,5.728722980359301
target,10,mean,CSNK1E_176155,CSNK1E,c1ccc(-c2nc(-c3ccccc3)c(-c3ccncc3)[nH]2)cc1,7.0,6.452164484991016
target,10,target_mean,CSNK1E_176155,CSNK1E,c1ccc(-c2nc(-c3ccccc3)c(-c3ccncc3)[nH]2)cc1,7.0,6.452164484991016
target,10,ligand_only,CSNK1E_176155,CSNK1E,c1ccc(-c2nc(-c3ccccc3)c(-c3ccncc3)[nH]2)cc1,7.0,6.019468694725176
target,10,ligand_target_id,CSNK1E_176155,CSNK1E,c1ccc(-c2nc(-c3ccccc3)c(-c3ccncc3)[nH]2)cc1,7.0,6.11682760978349
target,10,ligand_sequence,CSNK1E_176155,CSNK1E,c1ccc(-c2nc(-c3ccccc3)c(-c3ccncc3)[nH]2)cc1,7.0,6.402190222968425
target,10,ligand_boltz,CSNK1E_176155,CSNK1E,c1ccc(-c2nc(-c3ccccc3)c(-c3ccncc3)[nH]2)cc1,7.0,6.479964706332676
target,10,mean,CSNK1E_10138259,CSNK1E,O=C1Nc2ccccc2C1=Cc1cc(C(=O)NCCCN2CCOCC2)c[nH]1,6.468521082957745,6.452164484991016
target,10,target_mean,CSNK1E_10138259,CSNK1E,O=C1Nc2ccccc2C1=Cc1cc(C(=O)NCCCN2CCOCC2)c[nH]1,6.468521082957745,6.452164484991016
target,10,ligand_only,CSNK1E_10138259,CSNK1E,O=C1Nc2ccccc2C1=Cc1cc(C(=O)NCCCN2CCOCC2)c[nH]1,6.468521082957745,6.0570381381172105
target,10,ligand_target_id,CSNK1E_10138259,CSNK1E,O=C1Nc2ccccc2C1=Cc1cc(C(=O)NCCCN2CCOCC2)c[nH]1,6.468521082957745,6.127639766255937
target,10,ligand_sequence,CSNK1E_10138259,CSNK1E,O=C1Nc2ccccc2C1=Cc1cc(C(=O)NCCCN2CCOCC2)c[nH]1,6.468521082957745,6.242877773070531
target,10,ligand_boltz,CSNK1E_10138259,CSNK1E,O=C1Nc2ccccc2C1=Cc1cc(C(=O)NCCCN2CCOCC2)c[nH]1,6.468521082957745,6.31056226082502
target,10,mean,CSNK1E_3062316,CSNK1E,O=C(Nc1ccccc1)c1cnc(Nc2cc(N3CCNCC3)ncn2)s1,5.823908740944319,6.452164484991016
target,10,target_mean,CSNK1E_3062316,CSNK1E,O=C(Nc1ccccc1)c1cnc(Nc2cc(N3CCNCC3)ncn2)s1,5.823908740944319,6.452164484991016
target,10,ligand_only,CSNK1E_3062316,CSNK1E,O=C(Nc1ccccc1)c1cnc(Nc2cc(N3CCNCC3)ncn2)s1,5.823908740944319,8.841505006928752
target,10,ligand_target_id,CSNK1E_3062316,CSNK1E,O=C(Nc1ccccc1)c1cnc(Nc2cc(N3CCNCC3)ncn2)s1,5.823908740944319,8.17742096241057
target,10,ligand_sequence,CSNK1E_3062316,CSNK1E,O=C(Nc1ccccc1)c1cnc(Nc2cc(N3CCNCC3)ncn2)s1,5.823908740944319,8.416420724472733
target,10,ligand_boltz,CSNK1E_3062316,CSNK1E,O=C(Nc1ccccc1)c1cnc(Nc2cc(N3CCNCC3)ncn2)s1,5.823908740944319,8.326192083808298
target,10,mean,CSNK1E_4521392,CSNK1E,c1ccc(-c2nc(-c3ccc4c(c3)OCO4)c(-c3ccccn3)[nH]2)cc1,6.585026652029182,6.452164484991016
target,10,target_mean,CSNK1E_4521392,CSNK1E,c1ccc(-c2nc(-c3ccc4c(c3)OCO4)c(-c3ccccn3)[nH]2)cc1,6.585026652029182,6.452164484991016
target,10,ligand_only,CSNK1E_4521392,CSNK1E,c1ccc(-c2nc(-c3ccc4c(c3)OCO4)c(-c3ccccn3)[nH]2)cc1,6.585026652029182,6.497425919207387
target,10,ligand_target_id,CSNK1E_4521392,CSNK1E,c1ccc(-c2nc(-c3ccc4c(c3)OCO4)c(-c3ccccn3)[nH]2)cc1,6.585026652029182,6.401246264412105
target,10,ligand_sequence,CSNK1E_4521392,CSNK1E,c1ccc(-c2nc(-c3ccc4c(c3)OCO4)c(-c3ccccn3)[nH]2)cc1,6.585026652029182,6.508133547506604
target,10,ligand_boltz,CSNK1E_4521392,CSNK1E,c1ccc(-c2nc(-c3ccc4c(c3)OCO4)c(-c3ccccn3)[nH]2)cc1,6.585026652029182,6.544774049516609
target,10,mean,CSNK1E_5330790,CSNK1E,O=C(c1ccccc1)n1cnc(Nc2ccccc2)n1,5.443697499232712,6.452164484991016
target,10,target_mean,CSNK1E_5330790,CSNK1E,O=C(c1ccccc1)n1cnc(Nc2ccccc2)n1,5.443697499232712,6.452164484991016
target,10,ligand_only,CSNK1E_5330790,CSNK1E,O=C(c1ccccc1)n1cnc(Nc2ccccc2)n1,5.443697499232712,6.640178968397879
target,10,ligand_target_id,CSNK1E_5330790,CSNK1E,O=C(c1ccccc1)n1cnc(Nc2ccccc2)n1,5.443697499232712,6.548226777308754
target,10,ligand_sequence,CSNK1E_5330790,CSNK1E,O=C(c1ccccc1)n1cnc(Nc2ccccc2)n1,5.443697499232712,6.5183568222877835
target,10,ligand_boltz,CSNK1E_5330790,CSNK1E,O=C(c1ccccc1)n1cnc(Nc2ccccc2)n1,5.443697499232712,6.560072517368308
target,10,mean,CSNK1E_5169,CSNK1E,c1ccc(-c2nc(-c3ccccc3)c(-c3ccncc3)[nH]2)cc1,6.769551078621726,6.452164484991016
target,10,target_mean,CSNK1E_5169,CSNK1E,c1ccc(-c2nc(-c3ccccc3)c(-c3ccncc3)[nH]2)cc1,6.769551078621726,6.452164484991016
target,10,ligand_only,CSNK1E_5169,CSNK1E,c1ccc(-c2nc(-c3ccccc3)c(-c3ccncc3)[nH]2)cc1,6.769551078621726,6.1286634444094865
target,10,ligand_target_id,CSNK1E_5169,CSNK1E,c1ccc(-c2nc(-c3ccccc3)c(-c3ccncc3)[nH]2)cc1,6.769551078621726,6.168813808226414
target,10,ligand_sequence,CSNK1E_5169,CSNK1E,c1ccc(-c2nc(-c3ccccc3)c(-c3ccncc3)[nH]2)cc1,6.769551078621726,6.446754837218679
target,10,ligand_boltz,CSNK1E_5169,CSNK1E,c1ccc(-c2nc(-c3ccccc3)c(-c3ccncc3)[nH]2)cc1,6.769551078621726,6.499712712135018
target,11,mean,AURKB_176870,AURKB,c1ccc(Nc2ncnc3ccccc23)cc1,5.853871964321762,6.41881051105708
target,11,target_mean,AURKB_176870,AURKB,c1ccc(Nc2ncnc3ccccc23)cc1,5.853871964321762,6.41881051105708
target,11,ligand_only,AURKB_176870,AURKB,c1ccc(Nc2ncnc3ccccc23)cc1,5.853871964321762,5.990709858712834
target,11,ligand_target_id,AURKB_176870,AURKB,c1ccc(Nc2ncnc3ccccc23)cc1,5.853871964321762,6.065475866051727
target,11,ligand_sequence,AURKB_176870,AURKB,c1ccc(Nc2ncnc3ccccc23)cc1,5.853871964321762,6.035671846103527
target,11,ligand_boltz,AURKB_176870,AURKB,c1ccc(Nc2ncnc3ccccc23)cc1,5.853871964321762,5.972511424483928
target,11,mean,AURKB_156414,AURKB,c1ccc(Nc2ncnc3cc(OCCCN4CCOCC4)ccc23)cc1,5.376750709602099,6.41881051105708
target,11,target_mean,AURKB_156414,AURKB,c1ccc(Nc2ncnc3cc(OCCCN4CCOCC4)ccc23)cc1,5.376750709602099,6.41881051105708
target,11,ligand_only,AURKB_156414,AURKB,c1ccc(Nc2ncnc3cc(OCCCN4CCOCC4)ccc23)cc1,5.376750709602099,5.857864824664267
target,11,ligand_target_id,AURKB_156414,AURKB,c1ccc(Nc2ncnc3cc(OCCCN4CCOCC4)ccc23)cc1,5.376750709602099,5.970223747985976
target,11,ligand_sequence,AURKB_156414,AURKB,c1ccc(Nc2ncnc3cc(OCCCN4CCOCC4)ccc23)cc1,5.376750709602099,5.920259212694349
target,11,ligand_boltz,AURKB_156414,AURKB,c1ccc(Nc2ncnc3cc(OCCCN4CCOCC4)ccc23)cc1,5.376750709602099,5.91752373453189
target,11,mean,AURKB_5329102,AURKB,O=C1Nc2ccccc2C1=Cc1ccc[nH]1,6.42021640338319,6.41881051105708
target,11,target_mean,AURKB_5329102,AURKB,O=C1Nc2ccccc2C1=Cc1ccc[nH]1,6.42021640338319,6.41881051105708
target,11,ligand_only,AURKB_5329102,AURKB,O=C1Nc2ccccc2C1=Cc1ccc[nH]1,6.42021640338319,6.530845814292245
target,11,ligand_target_id,AURKB_5329102,AURKB,O=C1Nc2ccccc2C1=Cc1ccc[nH]1,6.42021640338319,6.4943517676240425
target,11,ligand_sequence,AURKB_5329102,AURKB,O=C1Nc2ccccc2C1=Cc1ccc[nH]1,6.42021640338319,6.528743693945195
target,11,ligand_boltz,AURKB_5329102,AURKB,O=C1Nc2ccccc2C1=Cc1ccc[nH]1,6.42021640338319,6.489251638783867
target,11,mean,AURKB_16007391,AURKB,O=C(Cc1cc(Nc2ncnc3ccccc23)n[nH]1)Nc1ccccc1,8.142667503568731,6.41881051105708
target,11,target_mean,AURKB_16007391,AURKB,O=C(Cc1cc(Nc2ncnc3ccccc23)n[nH]1)Nc1ccccc1,8.142667503568731,6.41881051105708
target,11,ligand_only,AURKB_16007391,AURKB,O=C(Cc1cc(Nc2ncnc3ccccc23)n[nH]1)Nc1ccccc1,8.142667503568731,6.327996882867208
target,11,ligand_target_id,AURKB_16007391,AURKB,O=C(Cc1cc(Nc2ncnc3ccccc23)n[nH]1)Nc1ccccc1,8.142667503568731,6.315212276463461
target,11,ligand_sequence,AURKB_16007391,AURKB,O=C(Cc1cc(Nc2ncnc3ccccc23)n[nH]1)Nc1ccccc1,8.142667503568731,6.479603644181972
target,11,ligand_boltz,AURKB_16007391,AURKB,O=C(Cc1cc(Nc2ncnc3ccccc23)n[nH]1)Nc1ccccc1,8.142667503568731,6.397976244820829
target,11,mean,AURKB_135398510,AURKB,O=c1[nH]c2ccccc2cc1-c1nc2ccc(N3CCNCC3)cc2[nH]1,6.552841968657781,6.41881051105708
target,11,target_mean,AURKB_135398510,AURKB,O=c1[nH]c2ccccc2cc1-c1nc2ccc(N3CCNCC3)cc2[nH]1,6.552841968657781,6.41881051105708
target,11,ligand_only,AURKB_135398510,AURKB,O=c1[nH]c2ccccc2cc1-c1nc2ccc(N3CCNCC3)cc2[nH]1,6.552841968657781,6.00012337911005
target,11,ligand_target_id,AURKB_135398510,AURKB,O=c1[nH]c2ccccc2cc1-c1nc2ccc(N3CCNCC3)cc2[nH]1,6.552841968657781,6.101852078167856
target,11,ligand_sequence,AURKB_135398510,AURKB,O=c1[nH]c2ccccc2cc1-c1nc2ccc(N3CCNCC3)cc2[nH]1,6.552841968657781,6.094290724604896
target,11,ligand_boltz,AURKB_135398510,AURKB,O=c1[nH]c2ccccc2cc1-c1nc2ccc(N3CCNCC3)cc2[nH]1,6.552841968657781,6.088512228922097
target,11,mean,AURKB_216239,AURKB,O=C(Nc1ccccc1)Nc1ccc(Oc2ccncc2)cc1,6.356547323513812,6.41881051105708
target,11,target_mean,AURKB_216239,AURKB,O=C(Nc1ccccc1)Nc1ccc(Oc2ccncc2)cc1,6.356547323513812,6.41881051105708
target,11,ligand_only,AURKB_216239,AURKB,O=C(Nc1ccccc1)Nc1ccc(Oc2ccncc2)cc1,6.356547323513812,6.375275552998738
target,11,ligand_target_id,AURKB_216239,AURKB,O=C(Nc1ccccc1)Nc1ccc(Oc2ccncc2)cc1,6.356547323513812,6.327013068320658
target,11,ligand_sequence,AURKB_216239,AURKB,O=C(Nc1ccccc1)Nc1ccc(Oc2ccncc2)cc1,6.356547323513812,6.3664386410023255
target,11,ligand_boltz,AURKB_216239,AURKB,O=C(Nc1ccccc1)Nc1ccc(Oc2ccncc2)cc1,6.356547323513812,6.44115443812853
target,11,mean,AURKB_451705,AURKB,O=C1NCc2c1c1c3ccccc3n3c1c1c2c2ccccc2n1C1CCCC3O1,7.721246399047171,6.41881051105708
target,11,target_mean,AURKB_451705,AURKB,O=C1NCc2c1c1c3ccccc3n3c1c1c2c2ccccc2n1C1CCCC3O1,7.721246399047171,6.41881051105708
target,11,ligand_only,AURKB_451705,AURKB,O=C1NCc2c1c1c3ccccc3n3c1c1c2c2ccccc2n1C1CCCC3O1,7.721246399047171,7.094873694188105
target,11,ligand_target_id,AURKB_451705,AURKB,O=C1NCc2c1c1c3ccccc3n3c1c1c2c2ccccc2n1C1CCCC3O1,7.721246399047171,6.971613070114026
target,11,ligand_sequence,AURKB_451705,AURKB,O=C1NCc2c1c1c3ccccc3n3c1c1c2c2ccccc2n1C1CCCC3O1,7.721246399047171,7.1432574326781175
target,11,ligand_boltz,AURKB_451705,AURKB,O=C1NCc2c1c1c3ccccc3n3c1c1c2c2ccccc2n1C1CCCC3O1,7.721246399047171,7.080753220878342
target,11,mean,AURKB_24202429,AURKB,O=C(NC1CC2OC(C1)n1c3ccccc3c3c4c(c5c6ccccc6n2c5c31)CNC4=O)c1ccccc1,7.207608310501746,6.41881051105708
target,11,target_mean,AURKB_24202429,AURKB,O=C(NC1CC2OC(C1)n1c3ccccc3c3c4c(c5c6ccccc6n2c5c31)CNC4=O)c1ccccc1,7.207608310501746,6.41881051105708
target,11,ligand_only,AURKB_24202429,AURKB,O=C(NC1CC2OC(C1)n1c3ccccc3c3c4c(c5c6ccccc6n2c5c31)CNC4=O)c1ccccc1,7.207608310501746,6.368802970523632
target,11,ligand_target_id,AURKB_24202429,AURKB,O=C(NC1CC2OC(C1)n1c3ccccc3c3c4c(c5c6ccccc6n2c5c31)CNC4=O)c1ccccc1,7.207608310501746,6.438437316092208
target,11,ligand_sequence,AURKB_24202429,AURKB,O=C(NC1CC2OC(C1)n1c3ccccc3c3c4c(c5c6ccccc6n2c5c31)CNC4=O)c1ccccc1,7.207608310501746,6.525908393408855
target,11,ligand_boltz,AURKB_24202429,AURKB,O=C(NC1CC2OC(C1)n1c3ccccc3c3c4c(c5c6ccccc6n2c5c31)CNC4=O)c1ccccc1,7.207608310501746,6.524945207289674
target,11,mean,AURKB_10138259,AURKB,O=C1Nc2ccccc2C1=Cc1cc(C(=O)NCCCN2CCOCC2)c[nH]1,6.468521082957745,6.41881051105708
target,11,target_mean,AURKB_10138259,AURKB,O=C1Nc2ccccc2C1=Cc1cc(C(=O)NCCCN2CCOCC2)c[nH]1,6.468521082957745,6.41881051105708
target,11,ligand_only,AURKB_10138259,AURKB,O=C1Nc2ccccc2C1=Cc1cc(C(=O)NCCCN2CCOCC2)c[nH]1,6.468521082957745,6.069185449612013
target,11,ligand_target_id,AURKB_10138259,AURKB,O=C1Nc2ccccc2C1=Cc1cc(C(=O)NCCCN2CCOCC2)c[nH]1,6.468521082957745,6.140929568278202
target,11,ligand_sequence,AURKB_10138259,AURKB,O=C1Nc2ccccc2C1=Cc1cc(C(=O)NCCCN2CCOCC2)c[nH]1,6.468521082957745,6.106169628479243
target,11,ligand_boltz,AURKB_10138259,AURKB,O=C1Nc2ccccc2C1=Cc1cc(C(=O)NCCCN2CCOCC2)c[nH]1,6.468521082957745,6.1234670705695455
target,11,mean,AURKB_5494449,AURKB,O=C(Nc1ccc(Sc2nc(Nc3cc[nH]n3)cc(N3CCNCC3)n2)cc1)C1CC1,8.130768280269024,6.41881051105708
target,11,target_mean,AURKB_5494449,AURKB,O=C(Nc1ccc(Sc2nc(Nc3cc[nH]n3)cc(N3CCNCC3)n2)cc1)C1CC1,8.130768280269024,6.41881051105708
target,11,ligand_only,AURKB_5494449,AURKB,O=C(Nc1ccc(Sc2nc(Nc3cc[nH]n3)cc(N3CCNCC3)n2)cc1)C1CC1,8.130768280269024,7.091410755037041
target,11,ligand_target_id,AURKB_5494449,AURKB,O=C(Nc1ccc(Sc2nc(Nc3cc[nH]n3)cc(N3CCNCC3)n2)cc1)C1CC1,8.130768280269024,6.907041428028852
target,11,ligand_sequence,AURKB_5494449,AURKB,O=C(Nc1ccc(Sc2nc(Nc3cc[nH]n3)cc(N3CCNCC3)n2)cc1)C1CC1,8.130768280269024,7.17358948223096
target,11,ligand_boltz,AURKB_5494449,AURKB,O=C(Nc1ccc(Sc2nc(Nc3cc[nH]n3)cc(N3CCNCC3)n2)cc1)C1CC1,8.130768280269024,7.259897075039401
target,11,mean,AURKB_11485656,AURKB,O=C(Nc1ccccc1)Nc1ccc(-c2cccc3[nH]ncc23)cc1,6.4089353929735005,6.41881051105708
target,11,target_mean,AURKB_11485656,AURKB,O=C(Nc1ccccc1)Nc1ccc(-c2cccc3[nH]ncc23)cc1,6.4089353929735005,6.41881051105708
target,11,ligand_only,AURKB_11485656,AURKB,O=C(Nc1ccccc1)Nc1ccc(-c2cccc3[nH]ncc23)cc1,6.4089353929735005,6.2640777504924445
target,11,ligand_target_id,AURKB_11485656,AURKB,O=C(Nc1ccccc1)Nc1ccc(-c2cccc3[nH]ncc23)cc1,6.4089353929735005,6.275998948721164
target,11,ligand_sequence,AURKB_11485656,AURKB,O=C(Nc1ccccc1)Nc1ccc(-c2cccc3[nH]ncc23)cc1,6.4089353929735005,6.338883953458804
target,11,ligand_boltz,AURKB_11485656,AURKB,O=C(Nc1ccccc1)Nc1ccc(-c2cccc3[nH]ncc23)cc1,6.4089353929735005,6.273962918301832
target,11,mean,AURKB_5330790,AURKB,O=C(c1ccccc1)n1cnc(Nc2ccccc2)n1,6.795880017344075,6.41881051105708
target,11,target_mean,AURKB_5330790,AURKB,O=C(c1ccccc1)n1cnc(Nc2ccccc2)n1,6.795880017344075,6.41881051105708
target,11,ligand_only,AURKB_5330790,AURKB,O=C(c1ccccc1)n1cnc(Nc2ccccc2)n1,6.795880017344075,6.447191147225681
target,11,ligand_target_id,AURKB_5330790,AURKB,O=C(c1ccccc1)n1cnc(Nc2ccccc2)n1,6.795880017344075,6.399305926080994
target,11,ligand_sequence,AURKB_5330790,AURKB,O=C(c1ccccc1)n1cnc(Nc2ccccc2)n1,6.795880017344075,6.517209503607921
target,11,ligand_boltz,AURKB_5330790,AURKB,O=C(c1ccccc1)n1cnc(Nc2ccccc2)n1,6.795880017344075,6.469804589825909
target,11,mean,AURKB_11712649,AURKB,c1ccc(Nc2ncc3c(n2)-c2ccccc2C(c2ccccc2)=NC3)cc1,7.366531544420414,6.41881051105708
target,11,target_mean,AURKB_11712649,AURKB,c1ccc(Nc2ncc3c(n2)-c2ccccc2C(c2ccccc2)=NC3)cc1,7.366531544420414,6.41881051105708
target,11,ligand_only,AURKB_11712649,AURKB,c1ccc(Nc2ncc3c(n2)-c2ccccc2C(c2ccccc2)=NC3)cc1,7.366531544420414,6.712870838253438
target,11,ligand_target_id,AURKB_11712649,AURKB,c1ccc(Nc2ncc3c(n2)-c2ccccc2C(c2ccccc2)=NC3)cc1,7.366531544420414,6.613123177870713
target,11,ligand_sequence,AURKB_11712649,AURKB,c1ccc(Nc2ncc3c(n2)-c2ccccc2C(c2ccccc2)=NC3)cc1,7.366531544420414,6.86565989036864
target,11,ligand_boltz,AURKB_11712649,AURKB,c1ccc(Nc2ncc3c(n2)-c2ccccc2C(c2ccccc2)=NC3)cc1,7.366531544420414,7.000793266687466
