PUBCHEM_RESULT_TAG,PUBCHEM_SID,PUBCHEM_CID,PUBCHEM_EXT_DATASOURCE_SMILES,PUBCHEM_ACTIVITY_OUTCOME,PUBCHEM_ACTIVITY_SCORE,PUBCHEM_ACTIVITY_URL,PUBCHEM_ASSAYDATA_COMMENT,Kd,Panel ID,Panel Name,Panel Target
RESULT_TYPE,,,,,,,,FLOAT,INTEGER,STRING,TARGET_NCBI_PROTEIN_ACCESSION
RESULT_UNIT,,,,,,,,MICROMOLAR,,,
RESULT_IS_ACTIVE_CONCENTRATION,,,,,,,,TRUE,,,
1,50100086,11485656,CC1=CC(=C(C=C1)F)NC(=O)NC2=CC=C(C=C2)C3=C4C(=CC=C3)NN=C4N,Active,,,,1.7,1,ABL1(T315I) Inhibition Activity,NP_005148.2
2,50100086,11485656,CC1=CC(=C(C=C1)F)NC(=O)NC2=CC=C(C=C2)C3=C4C(=CC=C3)NN=C4N,Active,,,,1.6,2,ALK Inhibition Activity,NP_004295.2
3,50100086,11485656,CC1=CC(=C(C=C1)F)NC(=O)NC2=CC=C(C=C2)C3=C4C(=CC=C3)NN=C4N,Active,,,,1.6,3,AURKA Inhibition Activity,NP_003591.2
4,50100086,11485656,CC1=CC(=C(C=C1)F)NC(=O)NC2=CC=C(C=C2)C3=C4C(=CC=C3)NN=C4N,Active,,,,0.39,4,AURKB Inhibition Activity,AAH00442.3
5,50100086,11485656,CC1=CC(=C(C=C1)F)NC(=O)NC2=CC=C(C=C2)C3=C4C(=CC=C3)NN=C4N,Active,,,,0.071,5,AURKC Inhibition Activity,AAC77369.1
6,50100086,11485656,CC1=CC(=C(C=C1)F)NC(=O)NC2=CC=C(C=C2)C3=C4C(=CC=C3)NN=C4N,Active,,,,0.34,6,AXL Inhibition Activity,NP_001690.2
7,50100086,11485656,CC1=CC(=C(C=C1)F)NC(=O)NC2=CC=C(C=C2)C3=C4C(=CC=C3)NN=C4N,Inactive,,,,7.8,7,BMPR2 Inhibition Activity,NP_001195.2
8,50100086,11485656,CC1=CC(=C(C=C1)F)NC(=O)NC2=CC=C(C=C2)C3=C4C(=CC=C3)NN=C4N,Active,,,,1.3,8,CDC2L1 Inhibition Activity,NP_277023.1
9,50100086,11485656,CC1=CC(=C(C=C1)F)NC(=O)NC2=CC=C(C=C2)C3=C4C(=CC=C3)NN=C4N,Active,,,,1.2,9,CDC2L2 Inhibition Activity,NP_076916.2
10,50100086,11485656,CC1=CC(=C(C=C1)F)NC(=O)NC2=CC=C(C=C2)C3=C4C(=CC=C3)NN=C4N,Active,,,,0.074,10,CDK11 Inhibition Activity,NP_055891.1
11,50100086,11485656,CC1=CC(=C(C=C1)F)NC(=O)NC2=CC=C(C=C2)C3=C4C(=CC=C3)NN=C4N,Active,,,,2.9,11,CDK7 Inhibition Activity,NP_001790.1
12,50100086,11485656,CC1=CC(=C(C=C1)F)NC(=O)NC2=CC=C(C=C2)C3=C4C(=CC=C3)NN=C4N,Active,,,,0.095,12,CDK8 Inhibition Activity,NP_001251.1
13,50100086,11485656,CC1=CC(=C(C=C1)F)NC(=O)NC2=CC=C(C=C2)C3=C4C(=CC=C3)NN=C4N,Active,,,,3,13,CDK9 Inhibition Activity,NP_001252.1
14,50100086,11485656,CC1=CC(=C(C=C1)F)NC(=O)NC2=CC=C(C=C2)C3=C4C(=CC=C3)NN=C4N,Inactive,,,,8.9,14,CLK1 Inhibition Activity,AAA61480.1
15,50100086,11485656,CC1=CC(=C(C=C1)F)NC(=O)NC2=CC=C(C=C2)C3=C4C(=CC=C3)NN=C4N,Active,,,,1.6,15,CLK4 Inhibition Activity,NP_065717.1
16,50100086,11485656,CC1=CC(=C(C=C1)F)NC(=O)NC2=CC=C(C=C2)C3=C4C(=CC=C3)NN=C4N,Active,,,,0.0034,16,CSF1R Inhibition Activity,NP_005202.2
17,50100086,11485656,CC1=CC(=C(C=C1)F)NC(=O)NC2=CC=C(C=C2)C3=C4C(=CC=C3)NN=C4N,Active,,,,0.058,17,DDR1 Inhibition Activity,NP_001945.3
18,50100086,11485656,CC1=CC(=C(C=C1)F)NC(=O)NC2=CC=C(C=C2)C3=C4C(=CC=C3)NN=C4N,Inactive,,,,3.8,18,DDR2 Inhibition Activity,CAA52777.1
19,50100086,11485656,CC1=CC(=C(C=C1)F)NC(=O)NC2=CC=C(C=C2)C3=C4C(=CC=C3)NN=C4N,Inactive,,,,6.5,19,EGFR(G719C) Inhibition Activity,NP_005219.2
20,50100086,11485656,CC1=CC(=C(C=C1)F)NC(=O)NC2=CC=C(C=C2)C3=C4C(=CC=C3)NN=C4N,Inactive,,,,3.5,20,EPHA3 Inhibition Activity,NP_005224.2
21,50100086,11485656,CC1=CC(=C(C=C1)F)NC(=O)NC2=CC=C(C=C2)C3=C4C(=CC=C3)NN=C4N,Active,,,,0.33,21,EPHA6 Inhibition Activity,NP_001073917.2
22,50100086,11485656,CC1=CC(=C(C=C1)F)NC(=O)NC2=CC=C(C=C2)C3=C4C(=CC=C3)NN=C4N,Active,,,,0.11,22,EPHA7 Inhibition Activity,NP_004431.1
23,50100086,11485656,CC1=CC(=C(C=C1)F)NC(=O)NC2=CC=C(C=C2)C3=C4C(=CC=C3)NN=C4N,Active,,,,1.4,23,EPHB3 Inhibition Activity,NP_004434.2
24,50100086,11485656,CC1=CC(=C(C=C1)F)NC(=O)NC2=CC=C(C=C2)C3=C4C(=CC=C3)NN=C4N,Active,,,,1.4,24,EPHB4 Inhibition Activity,NP_004435.3
25,50100086,11485656,CC1=CC(=C(C=C1)F)NC(=O)NC2=CC=C(C=C2)C3=C4C(=CC=C3)NN=C4N,Active,,,,2.8,25,ERK8 Inhibition Activity,NP_620590.2
26,50100086,11485656,CC1=CC(=C(C=C1)F)NC(=O)NC2=CC=C(C=C2)C3=C4C(=CC=C3)NN=C4N,Active,,,,0.0075,26,FLT1 Inhibition Activity,NP_002010.2
27,50100086,11485656,CC1=CC(=C(C=C1)F)NC(=O)NC2=CC=C(C=C2)C3=C4C(=CC=C3)NN=C4N,Active,,,,0.00063,27,FLT3 Inhibition Activity,NP_004110.2
28,50100086,11485656,CC1=CC(=C(C=C1)F)NC(=O)NC2=CC=C(C=C2)C3=C4C(=CC=C3)NN=C4N,Active,,,,0.0027,28,FLT3(D835H) Inhibition Activity,NP_004110.2
29,50100086,11485656,CC1=CC(=C(C=C1)F)NC(=O)NC2=CC=C(C=C2)C3=C4C(=CC=C3)NN=C4N,Active,,,,0.011,29,FLT3(D835Y) Inhibition Activity,NP_004110.2
30,50100086,11485656,CC1=CC(=C(C=C1)F)NC(=O)NC2=CC=C(C=C2)C3=C4C(=CC=C3)NN=C4N,Active,,,,0.0088,30,FLT3(ITD) Inhibition Activity,NP_004110.2
31,50100086,11485656,CC1=CC(=C(C=C1)F)NC(=O)NC2=CC=C(C=C2)C3=C4C(=CC=C3)NN=C4N,Active,,,,0.0026,31,FLT3(N841I) Inhibition Activity,NP_004110.2
32,50100086,11485656,CC1=CC(=C(C=C1)F)NC(=O)NC2=CC=C(C=C2)C3=C4C(=CC=C3)NN=C4N,Active,,,,0.016,32,FLT4 Inhibition Activity,CAA49505.1
33,50100086,11485656,CC1=CC(=C(C=C1)F)NC(=O)NC2=CC=C(C=C2)C3=C4C(=CC=C3)NN=C4N,Active,,,,0.4,33,FRK Inhibition Activity,NP_002022.1
34,50100086,11485656,CC1=CC(=C(C=C1)F)NC(=O)NC2=CC=C(C=C2)C3=C4C(=CC=C3)NN=C4N,Inactive,,,,3.9,34,INSRR Inhibition Activity,NP_055030.1
35,50100086,11485656,CC1=CC(=C(C=C1)F)NC(=O)NC2=CC=C(C=C2)C3=C4C(=CC=C3)NN=C4N,Active,,,,0.24,35,JNK2 Inhibition Activity,NP_620707.1
36,50100086,11485656,CC1=CC(=C(C=C1)F)NC(=O)NC2=CC=C(C=C2)C3=C4C(=CC=C3)NN=C4N,Active,,,,0.002,36,KIT Inhibition Activity,NP_000213.1
37,50100086,11485656,CC1=CC(=C(C=C1)F)NC(=O)NC2=CC=C(C=C2)C3=C4C(=CC=C3)NN=C4N,Active,,,,0.081,37,KIT(D816V) Inhibition Activity,NP_000213.1
38,50100086,11485656,CC1=CC(=C(C=C1)F)NC(=O)NC2=CC=C(C=C2)C3=C4C(=CC=C3)NN=C4N,Active,,,,0.0038,38,KIT(V559D T670I) Inhibition Activity,NP_000213.1
39,50100086,11485656,CC1=CC(=C(C=C1)F)NC(=O)NC2=CC=C(C=C2)C3=C4C(=CC=C3)NN=C4N,Active,,,,0.021,39,KIT(V559D V654A) Inhibition Activity,NP_000213.1
40,50100086,11485656,CC1=CC(=C(C=C1)F)NC(=O)NC2=CC=C(C=C2)C3=C4C(=CC=C3)NN=C4N,Active,,,,0.0017,40,KIT(V559D) Inhibition Activity,NP_000213.1
41,50100086,11485656,CC1=CC(=C(C=C1)F)NC(=O)NC2=CC=C(C=C2)C3=C4C(=CC=C3)NN=C4N,Active,,,,1.7,41,LATS2 Inhibition Activity,NP_055387.2
42,50100086,11485656,CC1=CC(=C(C=C1)F)NC(=O)NC2=CC=C(C=C2)C3=C4C(=CC=C3)NN=C4N,Inactive,,,,4.7,42,LIMK2 Inhibition Activity,NP_005560.1
43,50100086,11485656,CC1=CC(=C(C=C1)F)NC(=O)NC2=CC=C(C=C2)C3=C4C(=CC=C3)NN=C4N,Active,,,,0.46,43,LOK Inhibition Activity,BAA35073.1
44,50100086,11485656,CC1=CC(=C(C=C1)F)NC(=O)NC2=CC=C(C=C2)C3=C4C(=CC=C3)NN=C4N,Active,,,,0.55,44,LTK Inhibition Activity,NP_996844.1
45,50100086,11485656,CC1=CC(=C(C=C1)F)NC(=O)NC2=CC=C(C=C2)C3=C4C(=CC=C3)NN=C4N,Active,,,,0.83,45,MAP4K1 Inhibition Activity,NP_001036065.1
46,50100086,11485656,CC1=CC(=C(C=C1)F)NC(=O)NC2=CC=C(C=C2)C3=C4C(=CC=C3)NN=C4N,Inactive,,,,3.2,46,MAP4K3 Inhibition Activity,NP_003609.2
47,50100086,11485656,CC1=CC(=C(C=C1)F)NC(=O)NC2=CC=C(C=C2)C3=C4C(=CC=C3)NN=C4N,Active,,,,0.91,47,MAP4K5 Inhibition Activity,NP_006566.2
48,50100086,11485656,CC1=CC(=C(C=C1)F)NC(=O)NC2=CC=C(C=C2)C3=C4C(=CC=C3)NN=C4N,Active,,,,0.87,48,MERTK Inhibition Activity,AAB60430.1
49,50100086,11485656,CC1=CC(=C(C=C1)F)NC(=O)NC2=CC=C(C=C2)C3=C4C(=CC=C3)NN=C4N,Active,,,,1.3,49,MET Inhibition Activity,NP_000236.2
50,50100086,11485656,CC1=CC(=C(C=C1)F)NC(=O)NC2=CC=C(C=C2)C3=C4C(=CC=C3)NN=C4N,Inactive,,,,4.9,50,MKNK1 Inhibition Activity,CAI14764.1
51,50100086,11485656,CC1=CC(=C(C=C1)F)NC(=O)NC2=CC=C(C=C2)C3=C4C(=CC=C3)NN=C4N,Active,,,,0.27,51,MKNK2 Inhibition Activity,AAF17226.1
52,50100086,11485656,CC1=CC(=C(C=C1)F)NC(=O)NC2=CC=C(C=C2)C3=C4C(=CC=C3)NN=C4N,Active,,,,1.4,52,MST1 Inhibition Activity,NP_006273.1
53,50100086,11485656,CC1=CC(=C(C=C1)F)NC(=O)NC2=CC=C(C=C2)C3=C4C(=CC=C3)NN=C4N,Active,,,,1.5,53,MST2 Inhibition Activity,NP_006272.2
54,50100086,11485656,CC1=CC(=C(C=C1)F)NC(=O)NC2=CC=C(C=C2)C3=C4C(=CC=C3)NN=C4N,Active,,,,0.01,54,MUSK Inhibition Activity,NP_005583.1
55,50100086,11485656,CC1=CC(=C(C=C1)F)NC(=O)NC2=CC=C(C=C2)C3=C4C(=CC=C3)NN=C4N,Active,,,,0.0042,55,PDGFRA Inhibition Activity,NP_006197.1
56,50100086,11485656,CC1=CC(=C(C=C1)F)NC(=O)NC2=CC=C(C=C2)C3=C4C(=CC=C3)NN=C4N,Active,,,,0.0019,56,PDGFRB Inhibition Activity,NP_002600.1
57,50100086,11485656,CC1=CC(=C(C=C1)F)NC(=O)NC2=CC=C(C=C2)C3=C4C(=CC=C3)NN=C4N,Inactive,,,,6.9,57,PKAC-alpha Inhibition Activity,NP_002721.1
58,50100086,11485656,CC1=CC(=C(C=C1)F)NC(=O)NC2=CC=C(C=C2)C3=C4C(=CC=C3)NN=C4N,Inactive,,,,8.5,58,PLK3 Inhibition Activity,NP_004064.2
59,50100086,11485656,CC1=CC(=C(C=C1)F)NC(=O)NC2=CC=C(C=C2)C3=C4C(=CC=C3)NN=C4N,Active,,,,0.1,59,RET Inhibition Activity,NP_065681.1
60,50100086,11485656,CC1=CC(=C(C=C1)F)NC(=O)NC2=CC=C(C=C2)C3=C4C(=CC=C3)NN=C4N,Active,,,,0.12,60,RET(M918T) Inhibition Activity,NP_065681.1
61,50100086,11485656,CC1=CC(=C(C=C1)F)NC(=O)NC2=CC=C(C=C2)C3=C4C(=CC=C3)NN=C4N,Active,,,,2.8,61,RIPK1 Inhibition Activity,NP_003795.2
62,50100086,11485656,CC1=CC(=C(C=C1)F)NC(=O)NC2=CC=C(C=C2)C3=C4C(=CC=C3)NN=C4N,Inactive,,,,7.2,62,RPS6KA4(Kin.Dom.1 - N-terminal) Inhibition Activity,NP_001006945.1
63,50100086,11485656,CC1=CC(=C(C=C1)F)NC(=O)NC2=CC=C(C=C2)C3=C4C(=CC=C3)NN=C4N,Active,,,,1.2,63,RPS6KA5(Kin.Dom.1 - N-terminal) Inhibition Activity,NP_872198.1
64,50100086,11485656,CC1=CC(=C(C=C1)F)NC(=O)NC2=CC=C(C=C2)C3=C4C(=CC=C3)NN=C4N,Active,,,,0.45,64,SLK Inhibition Activity,NP_055535.2
65,50100086,11485656,CC1=CC(=C(C=C1)F)NC(=O)NC2=CC=C(C=C2)C3=C4C(=CC=C3)NN=C4N,Inactive,,,,3.8,65,STK33 Inhibition Activity,NP_112168.1
66,50100086,11485656,CC1=CC(=C(C=C1)F)NC(=O)NC2=CC=C(C=C2)C3=C4C(=CC=C3)NN=C4N,Active,,,,0.11,66,TIE1 Inhibition Activity,NP_005415.1
67,50100086,11485656,CC1=CC(=C(C=C1)F)NC(=O)NC2=CC=C(C=C2)C3=C4C(=CC=C3)NN=C4N,Active,,,,0.45,67,TIE2 Inhibition Activity,NP_000450.2
68,50100086,11485656,CC1=CC(=C(C=C1)F)NC(=O)NC2=CC=C(C=C2)C3=C4C(=CC=C3)NN=C4N,Inactive,,,,3.1,68,TRKA Inhibition Activity,NP_001012331.1
69,50100086,11485656,CC1=CC(=C(C=C1)F)NC(=O)NC2=CC=C(C=C2)C3=C4C(=CC=C3)NN=C4N,Active,,,,1.1,69,TRKB Inhibition Activity,NP_006171.2
70,50100086,11485656,CC1=CC(=C(C=C1)F)NC(=O)NC2=CC=C(C=C2)C3=C4C(=CC=C3)NN=C4N,Active,,,,0.21,70,TRKC Inhibition Activity,AAA75374.1
71,50100086,11485656,CC1=CC(=C(C=C1)F)NC(=O)NC2=CC=C(C=C2)C3=C4C(=CC=C3)NN=C4N,Active,,,,0.0081,71,VEGFR2 Inhibition Activity,NP_002244.1
72,50100086,11485656,CC1=CC(=C(C=C1)F)NC(=O)NC2=CC=C(C=C2)C3=C4C(=CC=C3)NN=C4N,Active,,,,0.27,72,YANK2 Inhibition Activity,NP_060871.1
73,50100087,11667893,CC1(CNC2=C1C=CC(=C2)NC(=O)C3=C(N=CC=C3)NCC4=CC=NC=C4)C,Active,,,,1.9,5,AURKC Inhibition Activity,AAC77369.1
74,50100087,11667893,CC1(CNC2=C1C=CC(=C2)NC(=O)C3=C(N=CC=C3)NCC4=CC=NC=C4)C,Active,,,,0.0056,16,CSF1R Inhibition Activity,NP_005202.2
75,50100087,11667893,CC1(CNC2=C1C=CC(=C2)NC(=O)C3=C(N=CC=C3)NCC4=CC=NC=C4)C,Active,,,,0.26,17,DDR1 Inhibition Activity,NP_001945.3
76,50100087,11667893,CC1(CNC2=C1C=CC(=C2)NC(=O)C3=C(N=CC=C3)NCC4=CC=NC=C4)C,Active,,,,2.3,19,EGFR(G719C) Inhibition Activity,NP_005219.2
77,50100087,11667893,CC1(CNC2=C1C=CC(=C2)NC(=O)C3=C(N=CC=C3)NCC4=CC=NC=C4)C,Active,,,,0.49,21,EPHA6 Inhibition Activity,NP_001073917.2
78,50100087,11667893,CC1(CNC2=C1C=CC(=C2)NC(=O)C3=C(N=CC=C3)NCC4=CC=NC=C4)C,Active,,,,0.012,26,FLT1 Inhibition Activity,NP_002010.2
79,50100087,11667893,CC1(CNC2=C1C=CC(=C2)NC(=O)C3=C(N=CC=C3)NCC4=CC=NC=C4)C,Active,,,,0.071,27,FLT3 Inhibition Activity,NP_004110.2
80,50100087,11667893,CC1(CNC2=C1C=CC(=C2)NC(=O)C3=C(N=CC=C3)NCC4=CC=NC=C4)C,Inactive,,,,4.5,28,FLT3(D835H) Inhibition Activity,NP_004110.2
81,50100087,11667893,CC1(CNC2=C1C=CC(=C2)NC(=O)C3=C(N=CC=C3)NCC4=CC=NC=C4)C,Active,,,,1,30,FLT3(ITD) Inhibition Activity,NP_004110.2
82,50100087,11667893,CC1(CNC2=C1C=CC(=C2)NC(=O)C3=C(N=CC=C3)NCC4=CC=NC=C4)C,Active,,,,1.1,31,FLT3(N841I) Inhibition Activity,NP_004110.2
83,50100087,11667893,CC1(CNC2=C1C=CC(=C2)NC(=O)C3=C(N=CC=C3)NCC4=CC=NC=C4)C,Active,,,,0.0097,32,FLT4 Inhibition Activity,CAA49505.1
84,50100087,11667893,CC1(CNC2=C1C=CC(=C2)NC(=O)C3=C(N=CC=C3)NCC4=CC=NC=C4)C,Active,,,,0.099,33,FRK Inhibition Activity,NP_002022.1
85,50100087,11667893,CC1(CNC2=C1C=CC(=C2)NC(=O)C3=C(N=CC=C3)NCC4=CC=NC=C4)C,Active,,,,0.0037,36,KIT Inhibition Activity,NP_000213.1
86,50100087,11667893,CC1(CNC2=C1C=CC(=C2)NC(=O)C3=C(N=CC=C3)NCC4=CC=NC=C4)C,Active,,,,0.41,37,KIT(D816V) Inhibition Activity,NP_000213.1
87,50100087,11667893,CC1(CNC2=C1C=CC(=C2)NC(=O)C3=C(N=CC=C3)NCC4=CC=NC=C4)C,Active,,,,0.013,38,KIT(V559D T670I) Inhibition Activity,NP_000213.1
88,50100087,11667893,CC1(CNC2=C1C=CC(=C2)NC(=O)C3=C(N=CC=C3)NCC4=CC=NC=C4)C,Active,,,,0.023,39,KIT(V559D V654A) Inhibition Activity,NP_000213.1
89,50100087,11667893,CC1(CNC2=C1C=CC(=C2)NC(=O)C3=C(N=CC=C3)NCC4=CC=NC=C4)C,Active,,,,0.0032,40,KIT(V559D) Inhibition Activity,NP_000213.1
90,50100087,11667893,CC1(CNC2=C1C=CC(=C2)NC(=O)C3=C(N=CC=C3)NCC4=CC=NC=C4)C,Active,,,,1.1,43,LOK Inhibition Activity,BAA35073.1
91,50100087,11667893,CC1(CNC2=C1C=CC(=C2)NC(=O)C3=C(N=CC=C3)NCC4=CC=NC=C4)C,Active,,,,0.01,55,PDGFRA Inhibition Activity,NP_006197.1
92,50100087,11667893,CC1(CNC2=C1C=CC(=C2)NC(=O)C3=C(N=CC=C3)NCC4=CC=NC=C4)C,Active,,,,0.0091,56,PDGFRB Inhibition Activity,NP_002600.1
93,50100087,11667893,CC1(CNC2=C1C=CC(=C2)NC(=O)C3=C(N=CC=C3)NCC4=CC=NC=C4)C,Active,,,,0.014,59,RET Inhibition Activity,NP_065681.1
94,50100087,11667893,CC1(CNC2=C1C=CC(=C2)NC(=O)C3=C(N=CC=C3)NCC4=CC=NC=C4)C,Active,,,,0.02,60,RET(M918T) Inhibition Activity,NP_065681.1
95,50100087,11667893,CC1(CNC2=C1C=CC(=C2)NC(=O)C3=C(N=CC=C3)NCC4=CC=NC=C4)C,Active,,,,1.3,64,SLK Inhibition Activity,NP_055535.2
96,50100087,11667893,CC1(CNC2=C1C=CC(=C2)NC(=O)C3=C(N=CC=C3)NCC4=CC=NC=C4)C,Active,,,,0.026,71,VEGFR2 Inhibition Activity,NP_002244.1
97,50100087,11667893,CC1(CNC2=C1C=CC(=C2)NC(=O)C3=C(N=CC=C3)NCC4=CC=NC=C4)C,Inactive,,,,3.9,73,ABL1 Inhibition Activity,NP_005148.2
98,50100087,11667893,CC1(CNC2=C1C=CC(=C2)NC(=O)C3=C(N=CC=C3)NCC4=CC=NC=C4)C,Active,,,,2.2,74,BLK Inhibition Activity,NP_001706.2
99,50100087,11667893,CC1(CNC2=C1C=CC(=C2)NC(=O)C3=C(N=CC=C3)NCC4=CC=NC=C4)C,Active,,,,0.63,75,BRAF Inhibition Activity,NP_004324.2
100,50100087,11667893,CC1(CNC2=C1C=CC(=C2)NC(=O)C3=C(N=CC=C3)NCC4=CC=NC=C4)C,Active,,,,0.28,76,BRAF(V600E) Inhibition Activity,NP_004324.2
101,50100087,11667893,CC1(CNC2=C1C=CC(=C2)NC(=O)C3=C(N=CC=C3)NCC4=CC=NC=C4)C,Active,,,,0.3,77,CIT Inhibition Activity,NP_009105.1
102,50100087,11667893,CC1(CNC2=C1C=CC(=C2)NC(=O)C3=C(N=CC=C3)NCC4=CC=NC=C4)C,Active,,,,0.015,78,EGFR Inhibition Activity,NP_005219.2
103,50100087,11667893,CC1(CNC2=C1C=CC(=C2)NC(=O)C3=C(N=CC=C3)NCC4=CC=NC=C4)C,Active,,,,1.2,79,EGFR(G719S) Inhibition Activity,NP_005219.2
104,50100087,11667893,CC1(CNC2=C1C=CC(=C2)NC(=O)C3=C(N=CC=C3)NCC4=CC=NC=C4)C,Active,,,,1.2,80,EGFR(L747-E749del  A750P) Inhibition Activity,NP_005219.2
105,50100087,11667893,CC1(CNC2=C1C=CC(=C2)NC(=O)C3=C(N=CC=C3)NCC4=CC=NC=C4)C,Inactive,,,,4.5,81,EGFR(L747-S752del  P753S) Inhibition Activity,NP_005219.2
106,50100087,11667893,CC1(CNC2=C1C=CC(=C2)NC(=O)C3=C(N=CC=C3)NCC4=CC=NC=C4)C,Active,,,,2.6,82,EGFR(L747-T751del Sins) Inhibition Activity,NP_005219.2
107,50100087,11667893,CC1(CNC2=C1C=CC(=C2)NC(=O)C3=C(N=CC=C3)NCC4=CC=NC=C4)C,Inactive,,,,3.9,83,EGFR(L861Q) Inhibition Activity,NP_005219.2
108,50100087,11667893,CC1(CNC2=C1C=CC(=C2)NC(=O)C3=C(N=CC=C3)NCC4=CC=NC=C4)C,Inactive,,,,6.2,84,FGFR1 Inhibition Activity,NP_075593.1
109,50100087,11667893,CC1(CNC2=C1C=CC(=C2)NC(=O)C3=C(N=CC=C3)NCC4=CC=NC=C4)C,Inactive,,,,6.8,85,FGFR4 Inhibition Activity,NP_075252.2
110,50100087,11667893,CC1(CNC2=C1C=CC(=C2)NC(=O)C3=C(N=CC=C3)NCC4=CC=NC=C4)C,Inactive,,,,6.9,86,FGR Inhibition Activity,NP_005239.1
111,50100087,11667893,CC1(CNC2=C1C=CC(=C2)NC(=O)C3=C(N=CC=C3)NCC4=CC=NC=C4)C,Active,,,,2.8,87,FYN Inhibition Activity,NP_694592.1
112,50100087,11667893,CC1(CNC2=C1C=CC(=C2)NC(=O)C3=C(N=CC=C3)NCC4=CC=NC=C4)C,Inactive,,,,4.4,88,GCN2(Kin.Dom.2 S808G) Inhibition Activity,NP_001013725.2
113,50100087,11667893,CC1(CNC2=C1C=CC(=C2)NC(=O)C3=C(N=CC=C3)NCC4=CC=NC=C4)C,Active,,,,0.36,89,LCK Inhibition Activity,NP_005347.3
114,50100087,11667893,CC1(CNC2=C1C=CC(=C2)NC(=O)C3=C(N=CC=C3)NCC4=CC=NC=C4)C,Active,,,,0.16,90,LYN Inhibition Activity,NP_002341.1
115,50100087,11667893,CC1(CNC2=C1C=CC(=C2)NC(=O)C3=C(N=CC=C3)NCC4=CC=NC=C4)C,Active,,,,1,91,PTK6 Inhibition Activity,NP_005966.1
116,50100087,11667893,CC1(CNC2=C1C=CC(=C2)NC(=O)C3=C(N=CC=C3)NCC4=CC=NC=C4)C,Active,,,,0.88,92,RAF1 Inhibition Activity,NP_002871.1
117,50100087,11667893,CC1(CNC2=C1C=CC(=C2)NC(=O)C3=C(N=CC=C3)NCC4=CC=NC=C4)C,Active,,,,0.22,93,TNNI3K Inhibition Activity,NP_057062.1
118,50100087,11667893,CC1(CNC2=C1C=CC(=C2)NC(=O)C3=C(N=CC=C3)NCC4=CC=NC=C4)C,Active,,,,0.008,94,ZAK Inhibition Activity,NP_598407.1
119,50100088,11409972,CCN1CCN(CC1)CC2=C(C=C(C=C2)NC(=O)NC3=CC=C(C=C3)OC4=NC=NC(=C4)NC)C(F)(F)F,Active,,,,0.0023,1,ABL1(T315I) Inhibition Activity,NP_005148.2
120,50100088,11409972,CCN1CCN(CC1)CC2=C(C=C(C=C2)NC(=O)NC3=CC=C(C=C3)OC4=NC=NC(=C4)NC)C(F)(F)F,Active,,,,1.4,2,ALK Inhibition Activity,NP_004295.2
121,50100088,11409972,CCN1CCN(CC1)CC2=C(C=C(C=C2)NC(=O)NC3=CC=C(C=C3)OC4=NC=NC(=C4)NC)C(F)(F)F,Active,,,,0.74,5,AURKC Inhibition Activity,AAC77369.1
122,50100088,11409972,CCN1CCN(CC1)CC2=C(C=C(C=C2)NC(=O)NC3=CC=C(C=C3)OC4=NC=NC(=C4)NC)C(F)(F)F,Active,,,,0.57,6,AXL Inhibition Activity,NP_001690.2
123,50100088,11409972,CCN1CCN(CC1)CC2=C(C=C(C=C2)NC(=O)NC3=CC=C(C=C3)OC4=NC=NC(=C4)NC)C(F)(F)F,Active,,,,1.4,8,CDC2L1 Inhibition Activity,NP_277023.1
124,50100088,11409972,CCN1CCN(CC1)CC2=C(C=C(C=C2)NC(=O)NC3=CC=C(C=C3)OC4=NC=NC(=C4)NC)C(F)(F)F,Active,,,,1.1,9,CDC2L2 Inhibition Activity,NP_076916.2
125,50100088,11409972,CCN1CCN(CC1)CC2=C(C=C(C=C2)NC(=O)NC3=CC=C(C=C3)OC4=NC=NC(=C4)NC)C(F)(F)F,Active,,,,0.0015,10,CDK11 Inhibition Activity,NP_055891.1
126,50100088,11409972,CCN1CCN(CC1)CC2=C(C=C(C=C2)NC(=O)NC3=CC=C(C=C3)OC4=NC=NC(=C4)NC)C(F)(F)F,Active,,,,0.0045,11,CDK7 Inhibition Activity,NP_001790.1
127,50100088,11409972,CCN1CCN(CC1)CC2=C(C=C(C=C2)NC(=O)NC3=CC=C(C=C3)OC4=NC=NC(=C4)NC)C(F)(F)F,Active,,,,0.0014,12,CDK8 Inhibition Activity,NP_001251.1
128,50100088,11409972,CCN1CCN(CC1)CC2=C(C=C(C=C2)NC(=O)NC3=CC=C(C=C3)OC4=NC=NC(=C4)NC)C(F)(F)F,Active,,,,0.19,13,CDK9 Inhibition Activity,NP_001252.1
129,50100088,11409972,CCN1CCN(CC1)CC2=C(C=C(C=C2)NC(=O)NC3=CC=C(C=C3)OC4=NC=NC(=C4)NC)C(F)(F)F,Active,,,,0.11,14,CLK1 Inhibition Activity,AAA61480.1
130,50100088,11409972,CCN1CCN(CC1)CC2=C(C=C(C=C2)NC(=O)NC3=CC=C(C=C3)OC4=NC=NC(=C4)NC)C(F)(F)F,Active,,,,0.29,15,CLK4 Inhibition Activity,NP_065717.1
131,50100088,11409972,CCN1CCN(CC1)CC2=C(C=C(C=C2)NC(=O)NC3=CC=C(C=C3)OC4=NC=NC(=C4)NC)C(F)(F)F,Active,,,,0.0058,16,CSF1R Inhibition Activity,NP_005202.2
132,50100088,11409972,CCN1CCN(CC1)CC2=C(C=C(C=C2)NC(=O)NC3=CC=C(C=C3)OC4=NC=NC(=C4)NC)C(F)(F)F,Active,,,,0.00069,17,DDR1 Inhibition Activity,NP_001945.3
133,50100088,11409972,CCN1CCN(CC1)CC2=C(C=C(C=C2)NC(=O)NC3=CC=C(C=C3)OC4=NC=NC(=C4)NC)C(F)(F)F,Active,,,,0.011,18,DDR2 Inhibition Activity,CAA52777.1
134,50100088,11409972,CCN1CCN(CC1)CC2=C(C=C(C=C2)NC(=O)NC3=CC=C(C=C3)OC4=NC=NC(=C4)NC)C(F)(F)F,Active,,,,0.22,19,EGFR(G719C) Inhibition Activity,NP_005219.2
135,50100088,11409972,CCN1CCN(CC1)CC2=C(C=C(C=C2)NC(=O)NC3=CC=C(C=C3)OC4=NC=NC(=C4)NC)C(F)(F)F,Active,,,,0.08,20,EPHA3 Inhibition Activity,NP_005224.2
136,50100088,11409972,CCN1CCN(CC1)CC2=C(C=C(C=C2)NC(=O)NC3=CC=C(C=C3)OC4=NC=NC(=C4)NC)C(F)(F)F,Active,,,,0.38,21,EPHA6 Inhibition Activity,NP_001073917.2
137,50100088,11409972,CCN1CCN(CC1)CC2=C(C=C(C=C2)NC(=O)NC3=CC=C(C=C3)OC4=NC=NC(=C4)NC)C(F)(F)F,Active,,,,1.1,22,EPHA7 Inhibition Activity,NP_004431.1
138,50100088,11409972,CCN1CCN(CC1)CC2=C(C=C(C=C2)NC(=O)NC3=CC=C(C=C3)OC4=NC=NC(=C4)NC)C(F)(F)F,Active,,,,0.094,25,ERK8 Inhibition Activity,NP_620590.2
139,50100088,11409972,CCN1CCN(CC1)CC2=C(C=C(C=C2)NC(=O)NC3=CC=C(C=C3)OC4=NC=NC(=C4)NC)C(F)(F)F,Active,,,,0.086,26,FLT1 Inhibition Activity,NP_002010.2
140,50100088,11409972,CCN1CCN(CC1)CC2=C(C=C(C=C2)NC(=O)NC3=CC=C(C=C3)OC4=NC=NC(=C4)NC)C(F)(F)F,Active,,,,0.00079,27,FLT3 Inhibition Activity,NP_004110.2
141,50100088,11409972,CCN1CCN(CC1)CC2=C(C=C(C=C2)NC(=O)NC3=CC=C(C=C3)OC4=NC=NC(=C4)NC)C(F)(F)F,Active,,,,0.0049,28,FLT3(D835H) Inhibition Activity,NP_004110.2
142,50100088,11409972,CCN1CCN(CC1)CC2=C(C=C(C=C2)NC(=O)NC3=CC=C(C=C3)OC4=NC=NC(=C4)NC)C(F)(F)F,Active,,,,0.011,29,FLT3(D835Y) Inhibition Activity,NP_004110.2
143,50100088,11409972,CCN1CCN(CC1)CC2=C(C=C(C=C2)NC(=O)NC3=CC=C(C=C3)OC4=NC=NC(=C4)NC)C(F)(F)F,Active,,,,0.011,30,FLT3(ITD) Inhibition Activity,NP_004110.2
144,50100088,11409972,CCN1CCN(CC1)CC2=C(C=C(C=C2)NC(=O)NC3=CC=C(C=C3)OC4=NC=NC(=C4)NC)C(F)(F)F,Active,,,,0.0023,31,FLT3(N841I) Inhibition Activity,NP_004110.2
145,50100088,11409972,CCN1CCN(CC1)CC2=C(C=C(C=C2)NC(=O)NC3=CC=C(C=C3)OC4=NC=NC(=C4)NC)C(F)(F)F,Active,,,,0.12,32,FLT4 Inhibition Activity,CAA49505.1
146,50100088,11409972,CCN1CCN(CC1)CC2=C(C=C(C=C2)NC(=O)NC3=CC=C(C=C3)OC4=NC=NC(=C4)NC)C(F)(F)F,Active,,,,0.026,33,FRK Inhibition Activity,NP_002022.1
147,50100088,11409972,CCN1CCN(CC1)CC2=C(C=C(C=C2)NC(=O)NC3=CC=C(C=C3)OC4=NC=NC(=C4)NC)C(F)(F)F,Active,,,,1.4,34,INSRR Inhibition Activity,NP_055030.1
148,50100088,11409972,CCN1CCN(CC1)CC2=C(C=C(C=C2)NC(=O)NC3=CC=C(C=C3)OC4=NC=NC(=C4)NC)C(F)(F)F,Active,,,,0.056,35,JNK2 Inhibition Activity,NP_620707.1
149,50100088,11409972,CCN1CCN(CC1)CC2=C(C=C(C=C2)NC(=O)NC3=CC=C(C=C3)OC4=NC=NC(=C4)NC)C(F)(F)F,Active,,,,0.0054,36,KIT Inhibition Activity,NP_000213.1
150,50100088,11409972,CCN1CCN(CC1)CC2=C(C=C(C=C2)NC(=O)NC3=CC=C(C=C3)OC4=NC=NC(=C4)NC)C(F)(F)F,Active,,,,0.36,37,KIT(D816V) Inhibition Activity,NP_000213.1
151,50100088,11409972,CCN1CCN(CC1)CC2=C(C=C(C=C2)NC(=O)NC3=CC=C(C=C3)OC4=NC=NC(=C4)NC)C(F)(F)F,Active,,,,0.018,38,KIT(V559D T670I) Inhibition Activity,NP_000213.1
152,50100088,11409972,CCN1CCN(CC1)CC2=C(C=C(C=C2)NC(=O)NC3=CC=C(C=C3)OC4=NC=NC(=C4)NC)C(F)(F)F,Active,,,,0.1,39,KIT(V559D V654A) Inhibition Activity,NP_000213.1
153,50100088,11409972,CCN1CCN(CC1)CC2=C(C=C(C=C2)NC(=O)NC3=CC=C(C=C3)OC4=NC=NC(=C4)NC)C(F)(F)F,Active,,,,0.005,40,KIT(V559D) Inhibition Activity,NP_000213.1
154,50100088,11409972,CCN1CCN(CC1)CC2=C(C=C(C=C2)NC(=O)NC3=CC=C(C=C3)OC4=NC=NC(=C4)NC)C(F)(F)F,Active,,,,3,41,LATS2 Inhibition Activity,NP_055387.2
155,50100088,11409972,CCN1CCN(CC1)CC2=C(C=C(C=C2)NC(=O)NC3=CC=C(C=C3)OC4=NC=NC(=C4)NC)C(F)(F)F,Active,,,,0.00092,43,LOK Inhibition Activity,BAA35073.1
156,50100088,11409972,CCN1CCN(CC1)CC2=C(C=C(C=C2)NC(=O)NC3=CC=C(C=C3)OC4=NC=NC(=C4)NC)C(F)(F)F,Active,,,,0.16,44,LTK Inhibition Activity,NP_996844.1
157,50100088,11409972,CCN1CCN(CC1)CC2=C(C=C(C=C2)NC(=O)NC3=CC=C(C=C3)OC4=NC=NC(=C4)NC)C(F)(F)F,Active,,,,0.21,45,MAP4K1 Inhibition Activity,NP_001036065.1
158,50100088,11409972,CCN1CCN(CC1)CC2=C(C=C(C=C2)NC(=O)NC3=CC=C(C=C3)OC4=NC=NC(=C4)NC)C(F)(F)F,Active,,,,0.19,46,MAP4K3 Inhibition Activity,NP_003609.2
159,50100088,11409972,CCN1CCN(CC1)CC2=C(C=C(C=C2)NC(=O)NC3=CC=C(C=C3)OC4=NC=NC(=C4)NC)C(F)(F)F,Active,,,,0.35,47,MAP4K5 Inhibition Activity,NP_006566.2
160,50100088,11409972,CCN1CCN(CC1)CC2=C(C=C(C=C2)NC(=O)NC3=CC=C(C=C3)OC4=NC=NC(=C4)NC)C(F)(F)F,Active,,,,0.37,48,MERTK Inhibition Activity,AAB60430.1
161,50100088,11409972,CCN1CCN(CC1)CC2=C(C=C(C=C2)NC(=O)NC3=CC=C(C=C3)OC4=NC=NC(=C4)NC)C(F)(F)F,Inactive,,,,4.4,49,MET Inhibition Activity,NP_000236.2
162,50100088,11409972,CCN1CCN(CC1)CC2=C(C=C(C=C2)NC(=O)NC3=CC=C(C=C3)OC4=NC=NC(=C4)NC)C(F)(F)F,Unspecified,,,,0.026,50,MKNK1 Inhibition Activity,CAI14764.1
163,50100088,11409972,CCN1CCN(CC1)CC2=C(C=C(C=C2)NC(=O)NC3=CC=C(C=C3)OC4=NC=NC(=C4)NC)C(F)(F)F,Active,,,,0.003,51,MKNK2 Inhibition Activity,AAF17226.1
164,50100088,11409972,CCN1CCN(CC1)CC2=C(C=C(C=C2)NC(=O)NC3=CC=C(C=C3)OC4=NC=NC(=C4)NC)C(F)(F)F,Active,,,,0.86,53,MST2 Inhibition Activity,NP_006272.2
165,50100088,11409972,CCN1CCN(CC1)CC2=C(C=C(C=C2)NC(=O)NC3=CC=C(C=C3)OC4=NC=NC(=C4)NC)C(F)(F)F,Active,,,,0.0031,54,MUSK Inhibition Activity,NP_005583.1
166,50100088,11409972,CCN1CCN(CC1)CC2=C(C=C(C=C2)NC(=O)NC3=CC=C(C=C3)OC4=NC=NC(=C4)NC)C(F)(F)F,Active,,,,0.027,55,PDGFRA Inhibition Activity,NP_006197.1
167,50100088,11409972,CCN1CCN(CC1)CC2=C(C=C(C=C2)NC(=O)NC3=CC=C(C=C3)OC4=NC=NC(=C4)NC)C(F)(F)F,Active,,,,0.0081,56,PDGFRB Inhibition Activity,NP_002600.1
168,50100088,11409972,CCN1CCN(CC1)CC2=C(C=C(C=C2)NC(=O)NC3=CC=C(C=C3)OC4=NC=NC(=C4)NC)C(F)(F)F,Inactive,,,,3.7,57,PKAC-alpha Inhibition Activity,NP_002721.1
169,50100088,11409972,CCN1CCN(CC1)CC2=C(C=C(C=C2)NC(=O)NC3=CC=C(C=C3)OC4=NC=NC(=C4)NC)C(F)(F)F,Active,,,,0.017,59,RET Inhibition Activity,NP_065681.1
170,50100088,11409972,CCN1CCN(CC1)CC2=C(C=C(C=C2)NC(=O)NC3=CC=C(C=C3)OC4=NC=NC(=C4)NC)C(F)(F)F,Active,,,,0.0045,60,RET(M918T) Inhibition Activity,NP_065681.1
171,50100088,11409972,CCN1CCN(CC1)CC2=C(C=C(C=C2)NC(=O)NC3=CC=C(C=C3)OC4=NC=NC(=C4)NC)C(F)(F)F,Active,,,,0.21,61,RIPK1 Inhibition Activity,NP_003795.2
172,50100088,11409972,CCN1CCN(CC1)CC2=C(C=C(C=C2)NC(=O)NC3=CC=C(C=C3)OC4=NC=NC(=C4)NC)C(F)(F)F,Active,,,,1.9,62,RPS6KA4(Kin.Dom.1 - N-terminal) Inhibition Activity,NP_001006945.1
173,50100088,11409972,CCN1CCN(CC1)CC2=C(C=C(C=C2)NC(=O)NC3=CC=C(C=C3)OC4=NC=NC(=C4)NC)C(F)(F)F,Active,,,,0.73,63,RPS6KA5(Kin.Dom.1 - N-terminal) Inhibition Activity,NP_872198.1
174,50100088,11409972,CCN1CCN(CC1)CC2=C(C=C(C=C2)NC(=O)NC3=CC=C(C=C3)OC4=NC=NC(=C4)NC)C(F)(F)F,Active,,,,0.023,64,SLK Inhibition Activity,NP_055535.2
175,50100088,11409972,CCN1CCN(CC1)CC2=C(C=C(C=C2)NC(=O)NC3=CC=C(C=C3)OC4=NC=NC(=C4)NC)C(F)(F)F,Active,,,,1.2,65,STK33 Inhibition Activity,NP_112168.1
176,50100088,11409972,CCN1CCN(CC1)CC2=C(C=C(C=C2)NC(=O)NC3=CC=C(C=C3)OC4=NC=NC(=C4)NC)C(F)(F)F,Active,,,,0.00029,66,TIE1 Inhibition Activity,NP_005415.1
177,50100088,11409972,CCN1CCN(CC1)CC2=C(C=C(C=C2)NC(=O)NC3=CC=C(C=C3)OC4=NC=NC(=C4)NC)C(F)(F)F,Active,,,,0.019,67,TIE2 Inhibition Activity,NP_000450.2
178,50100088,11409972,CCN1CCN(CC1)CC2=C(C=C(C=C2)NC(=O)NC3=CC=C(C=C3)OC4=NC=NC(=C4)NC)C(F)(F)F,Active,,,,0.32,68,TRKA Inhibition Activity,NP_001012331.1
179,50100088,11409972,CCN1CCN(CC1)CC2=C(C=C(C=C2)NC(=O)NC3=CC=C(C=C3)OC4=NC=NC(=C4)NC)C(F)(F)F,Active,,,,0.19,69,TRKB Inhibition Activity,NP_006171.2
180,50100088,11409972,CCN1CCN(CC1)CC2=C(C=C(C=C2)NC(=O)NC3=CC=C(C=C3)OC4=NC=NC(=C4)NC)C(F)(F)F,Active,,,,0.034,70,TRKC Inhibition Activity,AAA75374.1
181,50100088,11409972,CCN1CCN(CC1)CC2=C(C=C(C=C2)NC(=O)NC3=CC=C(C=C3)OC4=NC=NC(=C4)NC)C(F)(F)F,Active,,,,0.2,71,VEGFR2 Inhibition Activity,NP_002244.1
182,50100088,11409972,CCN1CCN(CC1)CC2=C(C=C(C=C2)NC(=O)NC3=CC=C(C=C3)OC4=NC=NC(=C4)NC)C(F)(F)F,Active,,,,0.0056,73,ABL1 Inhibition Activity,NP_005148.2
183,50100088,11409972,CCN1CCN(CC1)CC2=C(C=C(C=C2)NC(=O)NC3=CC=C(C=C3)OC4=NC=NC(=C4)NC)C(F)(F)F,Active,,,,0.03,74,BLK Inhibition Activity,NP_001706.2
184,50100088,11409972,CCN1CCN(CC1)CC2=C(C=C(C=C2)NC(=O)NC3=CC=C(C=C3)OC4=NC=NC(=C4)NC)C(F)(F)F,Active,,,,1.7,75,BRAF Inhibition Activity,NP_004324.2
185,50100088,11409972,CCN1CCN(CC1)CC2=C(C=C(C=C2)NC(=O)NC3=CC=C(C=C3)OC4=NC=NC(=C4)NC)C(F)(F)F,Active,,,,0.13,76,BRAF(V600E) Inhibition Activity,NP_004324.2
186,50100088,11409972,CCN1CCN(CC1)CC2=C(C=C(C=C2)NC(=O)NC3=CC=C(C=C3)OC4=NC=NC(=C4)NC)C(F)(F)F,Active,,,,0.052,77,CIT Inhibition Activity,NP_009105.1
187,50100088,11409972,CCN1CCN(CC1)CC2=C(C=C(C=C2)NC(=O)NC3=CC=C(C=C3)OC4=NC=NC(=C4)NC)C(F)(F)F,Active,,,,0.52,78,EGFR Inhibition Activity,NP_005219.2
188,50100088,11409972,CCN1CCN(CC1)CC2=C(C=C(C=C2)NC(=O)NC3=CC=C(C=C3)OC4=NC=NC(=C4)NC)C(F)(F)F,Active,,,,0.52,79,EGFR(G719S) Inhibition Activity,NP_005219.2
189,50100088,11409972,CCN1CCN(CC1)CC2=C(C=C(C=C2)NC(=O)NC3=CC=C(C=C3)OC4=NC=NC(=C4)NC)C(F)(F)F,Active,,,,0.22,80,EGFR(L747-E749del  A750P) Inhibition Activity,NP_005219.2
190,50100088,11409972,CCN1CCN(CC1)CC2=C(C=C(C=C2)NC(=O)NC3=CC=C(C=C3)OC4=NC=NC(=C4)NC)C(F)(F)F,Active,,,,0.55,81,EGFR(L747-S752del  P753S) Inhibition Activity,NP_005219.2
191,50100088,11409972,CCN1CCN(CC1)CC2=C(C=C(C=C2)NC(=O)NC3=CC=C(C=C3)OC4=NC=NC(=C4)NC)C(F)(F)F,Active,,,,0.53,82,EGFR(L747-T751del Sins) Inhibition Activity,NP_005219.2
192,50100088,11409972,CCN1CCN(CC1)CC2=C(C=C(C=C2)NC(=O)NC3=CC=C(C=C3)OC4=NC=NC(=C4)NC)C(F)(F)F,Active,,,,0.97,83,EGFR(L861Q) Inhibition Activity,NP_005219.2
193,50100088,11409972,CCN1CCN(CC1)CC2=C(C=C(C=C2)NC(=O)NC3=CC=C(C=C3)OC4=NC=NC(=C4)NC)C(F)(F)F,Active,,,,0.62,84,FGFR1 Inhibition Activity,NP_075593.1
194,50100088,11409972,CCN1CCN(CC1)CC2=C(C=C(C=C2)NC(=O)NC3=CC=C(C=C3)OC4=NC=NC(=C4)NC)C(F)(F)F,Active,,,,1.4,85,FGFR4 Inhibition Activity,NP_075252.2
195,50100088,11409972,CCN1CCN(CC1)CC2=C(C=C(C=C2)NC(=O)NC3=CC=C(C=C3)OC4=NC=NC(=C4)NC)C(F)(F)F,Active,,,,0.19,86,FGR Inhibition Activity,NP_005239.1
196,50100088,11409972,CCN1CCN(CC1)CC2=C(C=C(C=C2)NC(=O)NC3=CC=C(C=C3)OC4=NC=NC(=C4)NC)C(F)(F)F,Active,,,,0.05,87,FYN Inhibition Activity,NP_694592.1
197,50100088,11409972,CCN1CCN(CC1)CC2=C(C=C(C=C2)NC(=O)NC3=CC=C(C=C3)OC4=NC=NC(=C4)NC)C(F)(F)F,Active,,,,0.011,89,LCK Inhibition Activity,NP_005347.3
198,50100088,11409972,CCN1CCN(CC1)CC2=C(C=C(C=C2)NC(=O)NC3=CC=C(C=C3)OC4=NC=NC(=C4)NC)C(F)(F)F,Active,,,,0.014,90,LYN Inhibition Activity,NP_002341.1
199,50100088,11409972,CCN1CCN(CC1)CC2=C(C=C(C=C2)NC(=O)NC3=CC=C(C=C3)OC4=NC=NC(=C4)NC)C(F)(F)F,Active,,,,0.93,92,RAF1 Inhibition Activity,NP_002871.1
200,50100088,11409972,CCN1CCN(CC1)CC2=C(C=C(C=C2)NC(=O)NC3=CC=C(C=C3)OC4=NC=NC(=C4)NC)C(F)(F)F,Active,,,,0.17,93,TNNI3K Inhibition Activity,NP_057062.1
201,50100088,11409972,CCN1CCN(CC1)CC2=C(C=C(C=C2)NC(=O)NC3=CC=C(C=C3)OC4=NC=NC(=C4)NC)C(F)(F)F,Active,,,,0.0023,94,ZAK Inhibition Activity,NP_598407.1
202,50100088,11409972,CCN1CCN(CC1)CC2=C(C=C(C=C2)NC(=O)NC3=CC=C(C=C3)OC4=NC=NC(=C4)NC)C(F)(F)F,Active,,,,0.035,95,ABL1(E255K) Inhibition Activity,NP_005148.2
203,50100088,11409972,CCN1CCN(CC1)CC2=C(C=C(C=C2)NC(=O)NC3=CC=C(C=C3)OC4=NC=NC(=C4)NC)C(F)(F)F,Active,,,,0.023,96,ABL1(H396P) Inhibition Activity,NP_005148.2
204,50100088,11409972,CCN1CCN(CC1)CC2=C(C=C(C=C2)NC(=O)NC3=CC=C(C=C3)OC4=NC=NC(=C4)NC)C(F)(F)F,Active,,,,0.0062,97,ABL1(M351T) Inhibition Activity,NP_005148.2
205,50100088,11409972,CCN1CCN(CC1)CC2=C(C=C(C=C2)NC(=O)NC3=CC=C(C=C3)OC4=NC=NC(=C4)NC)C(F)(F)F,Active,,,,0.0084,98,ABL1(Q252H) Inhibition Activity,NP_005148.2
206,50100088,11409972,CCN1CCN(CC1)CC2=C(C=C(C=C2)NC(=O)NC3=CC=C(C=C3)OC4=NC=NC(=C4)NC)C(F)(F)F,Active,,,,0.005,99,ABL1(Y253F) Inhibition Activity,NP_005148.2
207,50100088,11409972,CCN1CCN(CC1)CC2=C(C=C(C=C2)NC(=O)NC3=CC=C(C=C3)OC4=NC=NC(=C4)NC)C(F)(F)F,Active,,,,0.0034,100,ABL2 Inhibition Activity,NP_005149.4
208,50100088,11409972,CCN1CCN(CC1)CC2=C(C=C(C=C2)NC(=O)NC3=CC=C(C=C3)OC4=NC=NC(=C4)NC)C(F)(F)F,Active,,,,1.4,101,AMPK-alpha1 Inhibition Activity,BAA36547.1
209,50100088,11409972,CCN1CCN(CC1)CC2=C(C=C(C=C2)NC(=O)NC3=CC=C(C=C3)OC4=NC=NC(=C4)NC)C(F)(F)F,Active,,,,0.63,102,ANKK1 Inhibition Activity,NP_848605.1
210,50100088,11409972,CCN1CCN(CC1)CC2=C(C=C(C=C2)NC(=O)NC3=CC=C(C=C3)OC4=NC=NC(=C4)NC)C(F)(F)F,Active,,,,3,103,CAMK1 Inhibition Activity,NP_003647.1
211,50100088,11409972,CCN1CCN(CC1)CC2=C(C=C(C=C2)NC(=O)NC3=CC=C(C=C3)OC4=NC=NC(=C4)NC)C(F)(F)F,Inactive,,,,3.7,104,CAMK4 Inhibition Activity,NP_001735.1
212,50100088,11409972,CCN1CCN(CC1)CC2=C(C=C(C=C2)NC(=O)NC3=CC=C(C=C3)OC4=NC=NC(=C4)NC)C(F)(F)F,Active,,,,0.22,105,CAMKK1 Inhibition Activity,NP_115670.1
213,50100088,11409972,CCN1CCN(CC1)CC2=C(C=C(C=C2)NC(=O)NC3=CC=C(C=C3)OC4=NC=NC(=C4)NC)C(F)(F)F,Active,,,,0.22,106,CAMKK2 Inhibition Activity,NP_006540.3
214,50100088,11409972,CCN1CCN(CC1)CC2=C(C=C(C=C2)NC(=O)NC3=CC=C(C=C3)OC4=NC=NC(=C4)NC)C(F)(F)F,Active,,,,0.76,107,CDK2 Inhibition Activity,NP_001789.2
215,50100088,11409972,CCN1CCN(CC1)CC2=C(C=C(C=C2)NC(=O)NC3=CC=C(C=C3)OC4=NC=NC(=C4)NC)C(F)(F)F,Active,,,,0.082,108,CDK3 Inhibition Activity,NP_001249.1
216,50100088,11409972,CCN1CCN(CC1)CC2=C(C=C(C=C2)NC(=O)NC3=CC=C(C=C3)OC4=NC=NC(=C4)NC)C(F)(F)F,Active,,,,1,109,CDK5 Inhibition Activity,NP_004926.1
217,50100088,11409972,CCN1CCN(CC1)CC2=C(C=C(C=C2)NC(=O)NC3=CC=C(C=C3)OC4=NC=NC(=C4)NC)C(F)(F)F,Active,,,,1.8,110,CLK2 Inhibition Activity,NP_003984.2
218,50100088,11409972,CCN1CCN(CC1)CC2=C(C=C(C=C2)NC(=O)NC3=CC=C(C=C3)OC4=NC=NC(=C4)NC)C(F)(F)F,Active,,,,2.3,111,CSK Inhibition Activity,NP_004374.1
219,50100088,11409972,CCN1CCN(CC1)CC2=C(C=C(C=C2)NC(=O)NC3=CC=C(C=C3)OC4=NC=NC(=C4)NC)C(F)(F)F,Active,,,,2.5,112,CSNK1D Inhibition Activity,NP_620693.1
220,50100088,11409972,CCN1CCN(CC1)CC2=C(C=C(C=C2)NC(=O)NC3=CC=C(C=C3)OC4=NC=NC(=C4)NC)C(F)(F)F,Inactive,,,,4,113,CSNK1E Inhibition Activity,NP_001885.1
221,50100088,11409972,CCN1CCN(CC1)CC2=C(C=C(C=C2)NC(=O)NC3=CC=C(C=C3)OC4=NC=NC(=C4)NC)C(F)(F)F,Active,,,,0.95,114,CSNK1G2 Inhibition Activity,NP_001310.3
222,50100088,11409972,CCN1CCN(CC1)CC2=C(C=C(C=C2)NC(=O)NC3=CC=C(C=C3)OC4=NC=NC(=C4)NC)C(F)(F)F,Active,,,,0.097,115,CSNK1G3 Inhibition Activity,NP_004375.2
223,50100088,11409972,CCN1CCN(CC1)CC2=C(C=C(C=C2)NC(=O)NC3=CC=C(C=C3)OC4=NC=NC(=C4)NC)C(F)(F)F,Inactive,,,,3.2,116,DAPK3 Inhibition Activity,NP_001339.1
224,50100088,11409972,CCN1CCN(CC1)CC2=C(C=C(C=C2)NC(=O)NC3=CC=C(C=C3)OC4=NC=NC(=C4)NC)C(F)(F)F,Active,,,,2.5,117,DLK Inhibition Activity,NP_006292.3
225,50100088,11409972,CCN1CCN(CC1)CC2=C(C=C(C=C2)NC(=O)NC3=CC=C(C=C3)OC4=NC=NC(=C4)NC)C(F)(F)F,Active,,,,1.9,118,EGFR(E746-A750del) Inhibition Activity,NP_005219.2
226,50100088,11409972,CCN1CCN(CC1)CC2=C(C=C(C=C2)NC(=O)NC3=CC=C(C=C3)OC4=NC=NC(=C4)NC)C(F)(F)F,Active,,,,2.6,119,EGFR(L858R) Inhibition Activity,NP_005219.2
227,50100088,11409972,CCN1CCN(CC1)CC2=C(C=C(C=C2)NC(=O)NC3=CC=C(C=C3)OC4=NC=NC(=C4)NC)C(F)(F)F,Active,,,,0.16,120,EPHA2 Inhibition Activity,NP_004422.2
228,50100088,11409972,CCN1CCN(CC1)CC2=C(C=C(C=C2)NC(=O)NC3=CC=C(C=C3)OC4=NC=NC(=C4)NC)C(F)(F)F,Active,,,,0.4,121,EPHA4 Inhibition Activity,NP_004429.1
229,50100088,11409972,CCN1CCN(CC1)CC2=C(C=C(C=C2)NC(=O)NC3=CC=C(C=C3)OC4=NC=NC(=C4)NC)C(F)(F)F,Active,,,,0.14,122,EPHA5 Inhibition Activity,NP_004430.4
230,50100088,11409972,CCN1CCN(CC1)CC2=C(C=C(C=C2)NC(=O)NC3=CC=C(C=C3)OC4=NC=NC(=C4)NC)C(F)(F)F,Active,,,,0.018,123,EPHA8 Inhibition Activity,NP_065387.1
231,50100088,11409972,CCN1CCN(CC1)CC2=C(C=C(C=C2)NC(=O)NC3=CC=C(C=C3)OC4=NC=NC(=C4)NC)C(F)(F)F,Active,,,,0.18,124,EPHB1 Inhibition Activity,NP_004432.1
232,50100088,11409972,CCN1CCN(CC1)CC2=C(C=C(C=C2)NC(=O)NC3=CC=C(C=C3)OC4=NC=NC(=C4)NC)C(F)(F)F,Active,,,,0.13,125,EPHB2 Inhibition Activity,NP_059145.2
233,50100088,11409972,CCN1CCN(CC1)CC2=C(C=C(C=C2)NC(=O)NC3=CC=C(C=C3)OC4=NC=NC(=C4)NC)C(F)(F)F,Active,,,,0.59,126,FER Inhibition Activity,NP_005237.2
234,50100088,11409972,CCN1CCN(CC1)CC2=C(C=C(C=C2)NC(=O)NC3=CC=C(C=C3)OC4=NC=NC(=C4)NC)C(F)(F)F,Active,,,,0.36,127,FES Inhibition Activity,NP_001996.1
235,50100088,11409972,CCN1CCN(CC1)CC2=C(C=C(C=C2)NC(=O)NC3=CC=C(C=C3)OC4=NC=NC(=C4)NC)C(F)(F)F,Active,,,,1.9,128,FGFR2 Inhibition Activity,NP_075259.4
236,50100088,11409972,CCN1CCN(CC1)CC2=C(C=C(C=C2)NC(=O)NC3=CC=C(C=C3)OC4=NC=NC(=C4)NC)C(F)(F)F,Active,,,,1.3,129,GAK Inhibition Activity,NP_005246.2
237,50100088,11409972,CCN1CCN(CC1)CC2=C(C=C(C=C2)NC(=O)NC3=CC=C(C=C3)OC4=NC=NC(=C4)NC)C(F)(F)F,Active,,,,0.88,130,HCK Inhibition Activity,NP_002101.2
238,50100088,11409972,CCN1CCN(CC1)CC2=C(C=C(C=C2)NC(=O)NC3=CC=C(C=C3)OC4=NC=NC(=C4)NC)C(F)(F)F,Active,,,,0.99,131,ITK Inhibition Activity,NP_005537.3
239,50100088,11409972,CCN1CCN(CC1)CC2=C(C=C(C=C2)NC(=O)NC3=CC=C(C=C3)OC4=NC=NC(=C4)NC)C(F)(F)F,Active,,,,0.91,132,JAK2(Kin.Dom.2/JH1 - catalytic) Inhibition Activity,NP_004963.1
240,50100088,11409972,CCN1CCN(CC1)CC2=C(C=C(C=C2)NC(=O)NC3=CC=C(C=C3)OC4=NC=NC(=C4)NC)C(F)(F)F,Active,,,,0.26,133,JAK3(Kin.Dom.2/JH1 - catalytic) Inhibition Activity,NP_000206.2
241,50100088,11409972,CCN1CCN(CC1)CC2=C(C=C(C=C2)NC(=O)NC3=CC=C(C=C3)OC4=NC=NC(=C4)NC)C(F)(F)F,Active,,,,0.46,134,JNK1 Inhibition Activity,NP_002741.1
242,50100088,11409972,CCN1CCN(CC1)CC2=C(C=C(C=C2)NC(=O)NC3=CC=C(C=C3)OC4=NC=NC(=C4)NC)C(F)(F)F,Active,,,,0.76,135,JNK3 Inhibition Activity,NP_002744.1
243,50100088,11409972,CCN1CCN(CC1)CC2=C(C=C(C=C2)NC(=O)NC3=CC=C(C=C3)OC4=NC=NC(=C4)NC)C(F)(F)F,Active,,,,0.47,136,LATS1 Inhibition Activity,NP_004681.1
244,50100088,11409972,CCN1CCN(CC1)CC2=C(C=C(C=C2)NC(=O)NC3=CC=C(C=C3)OC4=NC=NC(=C4)NC)C(F)(F)F,Active,,,,0.015,137,MAP4K4 Inhibition Activity,NP_663719.2
245,50100088,11409972,CCN1CCN(CC1)CC2=C(C=C(C=C2)NC(=O)NC3=CC=C(C=C3)OC4=NC=NC(=C4)NC)C(F)(F)F,Active,,,,0.83,138,MELK Inhibition Activity,NP_055606.1
246,50100088,11409972,CCN1CCN(CC1)CC2=C(C=C(C=C2)NC(=O)NC3=CC=C(C=C3)OC4=NC=NC(=C4)NC)C(F)(F)F,Active,,,,0.33,139,MYLK2 Inhibition Activity,NP_149109.1
247,50100088,11409972,CCN1CCN(CC1)CC2=C(C=C(C=C2)NC(=O)NC3=CC=C(C=C3)OC4=NC=NC(=C4)NC)C(F)(F)F,Active,,,,0.041,140,MYO3A Inhibition Activity,NP_059129.3
248,50100088,11409972,CCN1CCN(CC1)CC2=C(C=C(C=C2)NC(=O)NC3=CC=C(C=C3)OC4=NC=NC(=C4)NC)C(F)(F)F,Active,,,,0.084,141,MYO3B Inhibition Activity,NP_620482.3
249,50100088,11409972,CCN1CCN(CC1)CC2=C(C=C(C=C2)NC(=O)NC3=CC=C(C=C3)OC4=NC=NC(=C4)NC)C(F)(F)F,Active,,,,1.1,142,NEK5 Inhibition Activity,NP_954983.1
250,50100088,11409972,CCN1CCN(CC1)CC2=C(C=C(C=C2)NC(=O)NC3=CC=C(C=C3)OC4=NC=NC(=C4)NC)C(F)(F)F,Active,,,,0.16,143,NLK Inhibition Activity,NP_057315.3
251,50100088,11409972,CCN1CCN(CC1)CC2=C(C=C(C=C2)NC(=O)NC3=CC=C(C=C3)OC4=NC=NC(=C4)NC)C(F)(F)F,Active,,,,0.42,144,PCTK1 Inhibition Activity,NP_006192.1
252,50100088,11409972,CCN1CCN(CC1)CC2=C(C=C(C=C2)NC(=O)NC3=CC=C(C=C3)OC4=NC=NC(=C4)NC)C(F)(F)F,Active,,,,0.015,145,PCTK2 Inhibition Activity,CAA47004.1
253,50100088,11409972,CCN1CCN(CC1)CC2=C(C=C(C=C2)NC(=O)NC3=CC=C(C=C3)OC4=NC=NC(=C4)NC)C(F)(F)F,Active,,,,0.054,146,PCTK3 Inhibition Activity,NP_002587.2
254,50100088,11409972,CCN1CCN(CC1)CC2=C(C=C(C=C2)NC(=O)NC3=CC=C(C=C3)OC4=NC=NC(=C4)NC)C(F)(F)F,Active,,,,0.017,147,PFTK1 Inhibition Activity,NP_036527.1
255,50100088,11409972,CCN1CCN(CC1)CC2=C(C=C(C=C2)NC(=O)NC3=CC=C(C=C3)OC4=NC=NC(=C4)NC)C(F)(F)F,Active,,,,0.26,148,PKAC-beta Inhibition Activity,NP_002722.1
256,50100088,11409972,CCN1CCN(CC1)CC2=C(C=C(C=C2)NC(=O)NC3=CC=C(C=C3)OC4=NC=NC(=C4)NC)C(F)(F)F,Active,,,,2.2,149,PRKCQ Inhibition Activity,NP_006248.1
257,50100088,11409972,CCN1CCN(CC1)CC2=C(C=C(C=C2)NC(=O)NC3=CC=C(C=C3)OC4=NC=NC(=C4)NC)C(F)(F)F,Active,,,,1.2,150,PRKD1 Inhibition Activity,NP_002733.2
258,50100088,11409972,CCN1CCN(CC1)CC2=C(C=C(C=C2)NC(=O)NC3=CC=C(C=C3)OC4=NC=NC(=C4)NC)C(F)(F)F,Active,,,,0.95,151,PRKD2 Inhibition Activity,NP_057541.2
259,50100088,11409972,CCN1CCN(CC1)CC2=C(C=C(C=C2)NC(=O)NC3=CC=C(C=C3)OC4=NC=NC(=C4)NC)C(F)(F)F,Active,,,,1.5,152,PRKD3 Inhibition Activity,NP_005804.1
260,50100088,11409972,CCN1CCN(CC1)CC2=C(C=C(C=C2)NC(=O)NC3=CC=C(C=C3)OC4=NC=NC(=C4)NC)C(F)(F)F,Active,,,,1.1,153,PRKR Inhibition Activity,NP_002750.1
261,50100088,11409972,CCN1CCN(CC1)CC2=C(C=C(C=C2)NC(=O)NC3=CC=C(C=C3)OC4=NC=NC(=C4)NC)C(F)(F)F,Active,,,,0.52,154,PTK2B Inhibition Activity,NP_775267.1
262,50100088,11409972,CCN1CCN(CC1)CC2=C(C=C(C=C2)NC(=O)NC3=CC=C(C=C3)OC4=NC=NC(=C4)NC)C(F)(F)F,Active,,,,1.1,155,RIPK2 Inhibition Activity,NP_003812.1
263,50100088,11409972,CCN1CCN(CC1)CC2=C(C=C(C=C2)NC(=O)NC3=CC=C(C=C3)OC4=NC=NC(=C4)NC)C(F)(F)F,Active,,,,1.7,156,ROS1 Inhibition Activity,NP_002935.2
264,50100088,11409972,CCN1CCN(CC1)CC2=C(C=C(C=C2)NC(=O)NC3=CC=C(C=C3)OC4=NC=NC(=C4)NC)C(F)(F)F,Active,,,,1.1,157,RPS6KA2(Kin.Dom.2 - C-terminal) Inhibition Activity,NP_001006933.2
265,50100088,11409972,CCN1CCN(CC1)CC2=C(C=C(C=C2)NC(=O)NC3=CC=C(C=C3)OC4=NC=NC(=C4)NC)C(F)(F)F,Inactive,,,,3.4,158,RPS6KA6(Kin.Dom.2 - C-terminal) Inhibition Activity,NP_055311.1
266,50100088,11409972,CCN1CCN(CC1)CC2=C(C=C(C=C2)NC(=O)NC3=CC=C(C=C3)OC4=NC=NC(=C4)NC)C(F)(F)F,Active,,,,1.7,159,SNF1LK Inhibition Activity,NP_775490.2
267,50100088,11409972,CCN1CCN(CC1)CC2=C(C=C(C=C2)NC(=O)NC3=CC=C(C=C3)OC4=NC=NC(=C4)NC)C(F)(F)F,Active,,,,0.34,160,SRC Inhibition Activity,NP_005408.1
268,50100088,11409972,CCN1CCN(CC1)CC2=C(C=C(C=C2)NC(=O)NC3=CC=C(C=C3)OC4=NC=NC(=C4)NC)C(F)(F)F,Active,,,,0.072,161,SRMS Inhibition Activity,NP_543013.1
269,50100088,11409972,CCN1CCN(CC1)CC2=C(C=C(C=C2)NC(=O)NC3=CC=C(C=C3)OC4=NC=NC(=C4)NC)C(F)(F)F,Active,,,,1.3,162,STK36 Inhibition Activity,NP_056505.2
270,50100088,11409972,CCN1CCN(CC1)CC2=C(C=C(C=C2)NC(=O)NC3=CC=C(C=C3)OC4=NC=NC(=C4)NC)C(F)(F)F,Active,,,,0.6,163,SYK Inhibition Activity,NP_003168.2
271,50100088,11409972,CCN1CCN(CC1)CC2=C(C=C(C=C2)NC(=O)NC3=CC=C(C=C3)OC4=NC=NC(=C4)NC)C(F)(F)F,Active,,,,2.4,164,TESK1 Inhibition Activity,NP_006276.2
272,50100088,11409972,CCN1CCN(CC1)CC2=C(C=C(C=C2)NC(=O)NC3=CC=C(C=C3)OC4=NC=NC(=C4)NC)C(F)(F)F,Active,,,,0.26,165,TGFBR2 Inhibition Activity,NP_003233.4
273,50100088,11409972,CCN1CCN(CC1)CC2=C(C=C(C=C2)NC(=O)NC3=CC=C(C=C3)OC4=NC=NC(=C4)NC)C(F)(F)F,Active,,,,0.069,166,TNIK Inhibition Activity,NP_055843.1
274,50100088,11409972,CCN1CCN(CC1)CC2=C(C=C(C=C2)NC(=O)NC3=CC=C(C=C3)OC4=NC=NC(=C4)NC)C(F)(F)F,Active,,,,0.06,167,TNK1 Inhibition Activity,AAH35782.1
275,50100088,11409972,CCN1CCN(CC1)CC2=C(C=C(C=C2)NC(=O)NC3=CC=C(C=C3)OC4=NC=NC(=C4)NC)C(F)(F)F,Active,,,,0.23,168,TTK Inhibition Activity,NP_003309.2
276,50100088,11409972,CCN1CCN(CC1)CC2=C(C=C(C=C2)NC(=O)NC3=CC=C(C=C3)OC4=NC=NC(=C4)NC)C(F)(F)F,Active,,,,2.1,169,TYK2(Kin.Dom.2/JH1 - catalytic) Inhibition Activity,CAA38449.1
277,50100088,11409972,CCN1CCN(CC1)CC2=C(C=C(C=C2)NC(=O)NC3=CC=C(C=C3)OC4=NC=NC(=C4)NC)C(F)(F)F,Active,,,,0.26,170,YES Inhibition Activity,NP_005424.1
278,50100088,11409972,CCN1CCN(CC1)CC2=C(C=C(C=C2)NC(=O)NC3=CC=C(C=C3)OC4=NC=NC(=C4)NC)C(F)(F)F,Active,,,,1.2,171,YSK1 Inhibition Activity,NP_006365.2
279,50100088,11409972,CCN1CCN(CC1)CC2=C(C=C(C=C2)NC(=O)NC3=CC=C(C=C3)OC4=NC=NC(=C4)NC)C(F)(F)F,Active,,,,0.073,172,p38-alpha Inhibition Activity,NP_620581.1
280,50100088,11409972,CCN1CCN(CC1)CC2=C(C=C(C=C2)NC(=O)NC3=CC=C(C=C3)OC4=NC=NC(=C4)NC)C(F)(F)F,Active,,,,0.43,173,p38-beta Inhibition Activity,NP_002742.3
281,50100088,11409972,CCN1CCN(CC1)CC2=C(C=C(C=C2)NC(=O)NC3=CC=C(C=C3)OC4=NC=NC(=C4)NC)C(F)(F)F,Active,,,,0.029,174,p38-gamma Inhibition Activity,AAB40118.1
282,50100089,16007391,CCN(CCCOC1=CC2=C(C=C1)C(=NC=N2)NC3=NNC(=C3)CC(=O)NC4=CC(=CC=C4)F)CCO,Active,,,,2.8,1,ABL1(T315I) Inhibition Activity,NP_005148.2
283,50100089,16007391,CCN(CCCOC1=CC2=C(C=C1)C(=NC=N2)NC3=NNC(=C3)CC(=O)NC4=CC(=CC=C4)F)CCO,Active,,,,0.59,3,AURKA Inhibition Activity,NP_003591.2
284,50100089,16007391,CCN(CCCOC1=CC2=C(C=C1)C(=NC=N2)NC3=NNC(=C3)CC(=O)NC4=CC(=CC=C4)F)CCO,Active,,,,0.0072,4,AURKB Inhibition Activity,AAH00442.3
285,50100089,16007391,CCN(CCCOC1=CC2=C(C=C1)C(=NC=N2)NC3=NNC(=C3)CC(=O)NC4=CC(=CC=C4)F)CCO,Active,,,,0.0044,5,AURKC Inhibition Activity,AAC77369.1
286,50100089,16007391,CCN(CCCOC1=CC2=C(C=C1)C(=NC=N2)NC3=NNC(=C3)CC(=O)NC4=CC(=CC=C4)F)CCO,Active,,,,0.39,6,AXL Inhibition Activity,NP_001690.2
287,50100089,16007391,CCN(CCCOC1=CC2=C(C=C1)C(=NC=N2)NC3=NNC(=C3)CC(=O)NC4=CC(=CC=C4)F)CCO,Active,,,,1.2,8,CDC2L1 Inhibition Activity,NP_277023.1
288,50100089,16007391,CCN(CCCOC1=CC2=C(C=C1)C(=NC=N2)NC3=NNC(=C3)CC(=O)NC4=CC(=CC=C4)F)CCO,Active,,,,1,9,CDC2L2 Inhibition Activity,NP_076916.2
289,50100089,16007391,CCN(CCCOC1=CC2=C(C=C1)C(=NC=N2)NC3=NNC(=C3)CC(=O)NC4=CC(=CC=C4)F)CCO,Inactive,,,,6.2,11,CDK7 Inhibition Activity,NP_001790.1
290,50100089,16007391,CCN(CCCOC1=CC2=C(C=C1)C(=NC=N2)NC3=NNC(=C3)CC(=O)NC4=CC(=CC=C4)F)CCO,Active,,,,1.4,16,CSF1R Inhibition Activity,NP_005202.2
291,50100089,16007391,CCN(CCCOC1=CC2=C(C=C1)C(=NC=N2)NC3=NNC(=C3)CC(=O)NC4=CC(=CC=C4)F)CCO,Active,,,,1.8,17,DDR1 Inhibition Activity,NP_001945.3
292,50100089,16007391,CCN(CCCOC1=CC2=C(C=C1)C(=NC=N2)NC3=NNC(=C3)CC(=O)NC4=CC(=CC=C4)F)CCO,Active,,,,0.12,19,EGFR(G719C) Inhibition Activity,NP_005219.2
293,50100089,16007391,CCN(CCCOC1=CC2=C(C=C1)C(=NC=N2)NC3=NNC(=C3)CC(=O)NC4=CC(=CC=C4)F)CCO,Active,,,,0.11,26,FLT1 Inhibition Activity,NP_002010.2
294,50100089,16007391,CCN(CCCOC1=CC2=C(C=C1)C(=NC=N2)NC3=NNC(=C3)CC(=O)NC4=CC(=CC=C4)F)CCO,Active,,,,0.0082,27,FLT3 Inhibition Activity,NP_004110.2
295,50100089,16007391,CCN(CCCOC1=CC2=C(C=C1)C(=NC=N2)NC3=NNC(=C3)CC(=O)NC4=CC(=CC=C4)F)CCO,Active,,,,0.21,28,FLT3(D835H) Inhibition Activity,NP_004110.2
296,50100089,16007391,CCN(CCCOC1=CC2=C(C=C1)C(=NC=N2)NC3=NNC(=C3)CC(=O)NC4=CC(=CC=C4)F)CCO,Active,,,,0.67,29,FLT3(D835Y) Inhibition Activity,NP_004110.2
297,50100089,16007391,CCN(CCCOC1=CC2=C(C=C1)C(=NC=N2)NC3=NNC(=C3)CC(=O)NC4=CC(=CC=C4)F)CCO,Active,,,,0.14,30,FLT3(ITD) Inhibition Activity,NP_004110.2
298,50100089,16007391,CCN(CCCOC1=CC2=C(C=C1)C(=NC=N2)NC3=NNC(=C3)CC(=O)NC4=CC(=CC=C4)F)CCO,Active,,,,0.043,31,FLT3(N841I) Inhibition Activity,NP_004110.2
299,50100089,16007391,CCN(CCCOC1=CC2=C(C=C1)C(=NC=N2)NC3=NNC(=C3)CC(=O)NC4=CC(=CC=C4)F)CCO,Active,,,,0.017,36,KIT Inhibition Activity,NP_000213.1
300,50100089,16007391,CCN(CCCOC1=CC2=C(C=C1)C(=NC=N2)NC3=NNC(=C3)CC(=O)NC4=CC(=CC=C4)F)CCO,Inactive,,,,4.6,37,KIT(D816V) Inhibition Activity,NP_000213.1
301,50100089,16007391,CCN(CCCOC1=CC2=C(C=C1)C(=NC=N2)NC3=NNC(=C3)CC(=O)NC4=CC(=CC=C4)F)CCO,Active,,,,0.0079,38,KIT(V559D T670I) Inhibition Activity,NP_000213.1
302,50100089,16007391,CCN(CCCOC1=CC2=C(C=C1)C(=NC=N2)NC3=NNC(=C3)CC(=O)NC4=CC(=CC=C4)F)CCO,Active,,,,0.48,39,KIT(V559D V654A) Inhibition Activity,NP_000213.1
303,50100089,16007391,CCN(CCCOC1=CC2=C(C=C1)C(=NC=N2)NC3=NNC(=C3)CC(=O)NC4=CC(=CC=C4)F)CCO,Active,,,,0.015,40,KIT(V559D) Inhibition Activity,NP_000213.1
304,50100089,16007391,CCN(CCCOC1=CC2=C(C=C1)C(=NC=N2)NC3=NNC(=C3)CC(=O)NC4=CC(=CC=C4)F)CCO,Active,,,,2.8,43,LOK Inhibition Activity,BAA35073.1
305,50100089,16007391,CCN(CCCOC1=CC2=C(C=C1)C(=NC=N2)NC3=NNC(=C3)CC(=O)NC4=CC(=CC=C4)F)CCO,Inactive,,,,3.2,44,LTK Inhibition Activity,NP_996844.1
306,50100089,16007391,CCN(CCCOC1=CC2=C(C=C1)C(=NC=N2)NC3=NNC(=C3)CC(=O)NC4=CC(=CC=C4)F)CCO,Active,,,,0.16,47,MAP4K5 Inhibition Activity,NP_006566.2
307,50100089,16007391,CCN(CCCOC1=CC2=C(C=C1)C(=NC=N2)NC3=NNC(=C3)CC(=O)NC4=CC(=CC=C4)F)CCO,Active,,,,1.5,54,MUSK Inhibition Activity,NP_005583.1
308,50100089,16007391,CCN(CCCOC1=CC2=C(C=C1)C(=NC=N2)NC3=NNC(=C3)CC(=O)NC4=CC(=CC=C4)F)CCO,Active,,,,0.038,55,PDGFRA Inhibition Activity,NP_006197.1
309,50100089,16007391,CCN(CCCOC1=CC2=C(C=C1)C(=NC=N2)NC3=NNC(=C3)CC(=O)NC4=CC(=CC=C4)F)CCO,Active,,,,0.041,56,PDGFRB Inhibition Activity,NP_002600.1
310,50100089,16007391,CCN(CCCOC1=CC2=C(C=C1)C(=NC=N2)NC3=NNC(=C3)CC(=O)NC4=CC(=CC=C4)F)CCO,Active,,,,0.08,59,RET Inhibition Activity,NP_065681.1
311,50100089,16007391,CCN(CCCOC1=CC2=C(C=C1)C(=NC=N2)NC3=NNC(=C3)CC(=O)NC4=CC(=CC=C4)F)CCO,Active,,,,0.12,60,RET(M918T) Inhibition Activity,NP_065681.1
312,50100089,16007391,CCN(CCCOC1=CC2=C(C=C1)C(=NC=N2)NC3=NNC(=C3)CC(=O)NC4=CC(=CC=C4)F)CCO,Active,,,,0.35,66,TIE1 Inhibition Activity,NP_005415.1
313,50100089,16007391,CCN(CCCOC1=CC2=C(C=C1)C(=NC=N2)NC3=NNC(=C3)CC(=O)NC4=CC(=CC=C4)F)CCO,Active,,,,1.9,67,TIE2 Inhibition Activity,NP_000450.2
314,50100089,16007391,CCN(CCCOC1=CC2=C(C=C1)C(=NC=N2)NC3=NNC(=C3)CC(=O)NC4=CC(=CC=C4)F)CCO,Active,,,,0.5,71,VEGFR2 Inhibition Activity,NP_002244.1
315,50100089,16007391,CCN(CCCOC1=CC2=C(C=C1)C(=NC=N2)NC3=NNC(=C3)CC(=O)NC4=CC(=CC=C4)F)CCO,Active,,,,1.5,74,BLK Inhibition Activity,NP_001706.2
316,50100089,16007391,CCN(CCCOC1=CC2=C(C=C1)C(=NC=N2)NC3=NNC(=C3)CC(=O)NC4=CC(=CC=C4)F)CCO,Inactive,,,,5.7,77,CIT Inhibition Activity,NP_009105.1
317,50100089,16007391,CCN(CCCOC1=CC2=C(C=C1)C(=NC=N2)NC3=NNC(=C3)CC(=O)NC4=CC(=CC=C4)F)CCO,Active,,,,0.45,78,EGFR Inhibition Activity,NP_005219.2
318,50100089,16007391,CCN(CCCOC1=CC2=C(C=C1)C(=NC=N2)NC3=NNC(=C3)CC(=O)NC4=CC(=CC=C4)F)CCO,Active,,,,0.17,79,EGFR(G719S) Inhibition Activity,NP_005219.2
319,50100089,16007391,CCN(CCCOC1=CC2=C(C=C1)C(=NC=N2)NC3=NNC(=C3)CC(=O)NC4=CC(=CC=C4)F)CCO,Active,,,,2.9,80,EGFR(L747-E749del  A750P) Inhibition Activity,NP_005219.2
320,50100089,16007391,CCN(CCCOC1=CC2=C(C=C1)C(=NC=N2)NC3=NNC(=C3)CC(=O)NC4=CC(=CC=C4)F)CCO,Inactive,,,,8.8,81,EGFR(L747-S752del  P753S) Inhibition Activity,NP_005219.2
321,50100089,16007391,CCN(CCCOC1=CC2=C(C=C1)C(=NC=N2)NC3=NNC(=C3)CC(=O)NC4=CC(=CC=C4)F)CCO,Inactive,,,,3.5,82,EGFR(L747-T751del Sins) Inhibition Activity,NP_005219.2
322,50100089,16007391,CCN(CCCOC1=CC2=C(C=C1)C(=NC=N2)NC3=NNC(=C3)CC(=O)NC4=CC(=CC=C4)F)CCO,Active,,,,0.51,83,EGFR(L861Q) Inhibition Activity,NP_005219.2
323,50100089,16007391,CCN(CCCOC1=CC2=C(C=C1)C(=NC=N2)NC3=NNC(=C3)CC(=O)NC4=CC(=CC=C4)F)CCO,Active,,,,0.38,89,LCK Inhibition Activity,NP_005347.3
324,50100089,16007391,CCN(CCCOC1=CC2=C(C=C1)C(=NC=N2)NC3=NNC(=C3)CC(=O)NC4=CC(=CC=C4)F)CCO,Active,,,,1.6,90,LYN Inhibition Activity,NP_002341.1
325,50100089,16007391,CCN(CCCOC1=CC2=C(C=C1)C(=NC=N2)NC3=NNC(=C3)CC(=O)NC4=CC(=CC=C4)F)CCO,Active,,,,1.7,94,ZAK Inhibition Activity,NP_598407.1
326,50100089,16007391,CCN(CCCOC1=CC2=C(C=C1)C(=NC=N2)NC3=NNC(=C3)CC(=O)NC4=CC(=CC=C4)F)CCO,Active,,,,1.5,102,ANKK1 Inhibition Activity,NP_848605.1
327,50100089,16007391,CCN(CCCOC1=CC2=C(C=C1)C(=NC=N2)NC3=NNC(=C3)CC(=O)NC4=CC(=CC=C4)F)CCO,Active,,,,0.98,119,EGFR(L858R) Inhibition Activity,NP_005219.2
328,50100089,16007391,CCN(CCCOC1=CC2=C(C=C1)C(=NC=N2)NC3=NNC(=C3)CC(=O)NC4=CC(=CC=C4)F)CCO,Inactive,,,,3.9,130,HCK Inhibition Activity,NP_002101.2
329,50100089,16007391,CCN(CCCOC1=CC2=C(C=C1)C(=NC=N2)NC3=NNC(=C3)CC(=O)NC4=CC(=CC=C4)F)CCO,Inactive,,,,6.3,144,PCTK1 Inhibition Activity,NP_006192.1
330,50100089,16007391,CCN(CCCOC1=CC2=C(C=C1)C(=NC=N2)NC3=NNC(=C3)CC(=O)NC4=CC(=CC=C4)F)CCO,Active,,,,1.8,155,RIPK2 Inhibition Activity,NP_003812.1
331,50100089,16007391,CCN(CCCOC1=CC2=C(C=C1)C(=NC=N2)NC3=NNC(=C3)CC(=O)NC4=CC(=CC=C4)F)CCO,Inactive,,,,7.9,161,SRMS Inhibition Activity,NP_543013.1
332,50100089,16007391,CCN(CCCOC1=CC2=C(C=C1)C(=NC=N2)NC3=NNC(=C3)CC(=O)NC4=CC(=CC=C4)F)CCO,Inactive,,,,4.6,162,STK36 Inhibition Activity,NP_056505.2
333,50100089,16007391,CCN(CCCOC1=CC2=C(C=C1)C(=NC=N2)NC3=NNC(=C3)CC(=O)NC4=CC(=CC=C4)F)CCO,Inactive,,,,8.5,168,TTK Inhibition Activity,NP_003309.2
334,50100089,16007391,CCN(CCCOC1=CC2=C(C=C1)C(=NC=N2)NC3=NNC(=C3)CC(=O)NC4=CC(=CC=C4)F)CCO,Inactive,,,,3.8,170,YES Inhibition Activity,NP_005424.1
335,50100089,16007391,CCN(CCCOC1=CC2=C(C=C1)C(=NC=N2)NC3=NNC(=C3)CC(=O)NC4=CC(=CC=C4)F)CCO,Inactive,,,,5.2,175,EGFR(S752-I759del) Inhibition Activity,NP_005219.2
336,50100089,16007391,CCN(CCCOC1=CC2=C(C=C1)C(=NC=N2)NC3=NNC(=C3)CC(=O)NC4=CC(=CC=C4)F)CCO,Inactive,,,,4.3,176,ERBB2 Inhibition Activity,NP_001005862.1
337,50100089,16007391,CCN(CCCOC1=CC2=C(C=C1)C(=NC=N2)NC3=NNC(=C3)CC(=O)NC4=CC(=CC=C4)F)CCO,Active,,,,0.47,177,ERBB4 Inhibition Activity,NP_001036064.1
338,50100089,16007391,CCN(CCCOC1=CC2=C(C=C1)C(=NC=N2)NC3=NNC(=C3)CC(=O)NC4=CC(=CC=C4)F)CCO,Inactive,,,,5.7,178,MEK2 Inhibition Activity,NP_109587.1
339,50100089,16007391,CCN(CCCOC1=CC2=C(C=C1)C(=NC=N2)NC3=NNC(=C3)CC(=O)NC4=CC(=CC=C4)F)CCO,Inactive,,,,4.7,179,PLK4 Inhibition Activity,BAB69958.1
340,50100090,156422,CC1=CC=C(C=C1)N2C(=CC(=N2)C(C)(C)C)NC(=O)NC3=CC=C(C4=CC=CC=C43)OCCN5CCOCC5,Active,,,,0.042,1,ABL1(T315I) Inhibition Activity,NP_005148.2
341,50100090,156422,CC1=CC=C(C=C1)N2C(=CC(=N2)C(C)(C)C)NC(=O)NC3=CC=C(C4=CC=CC=C43)OCCN5CCOCC5,Active,,,,0.2,10,CDK11 Inhibition Activity,NP_055891.1
342,50100090,156422,CC1=CC=C(C=C1)N2C(=CC(=N2)C(C)(C)C)NC(=O)NC3=CC=C(C4=CC=CC=C43)OCCN5CCOCC5,Active,,,,0.22,12,CDK8 Inhibition Activity,NP_001251.1
343,50100090,156422,CC1=CC=C(C=C1)N2C(=CC(=N2)C(C)(C)C)NC(=O)NC3=CC=C(C4=CC=CC=C43)OCCN5CCOCC5,Inactive,,,,8.1,16,CSF1R Inhibition Activity,NP_005202.2
344,50100090,156422,CC1=CC=C(C=C1)N2C(=CC(=N2)C(C)(C)C)NC(=O)NC3=CC=C(C4=CC=CC=C43)OCCN5CCOCC5,Active,,,,0.0019,17,DDR1 Inhibition Activity,NP_001945.3
345,50100090,156422,CC1=CC=C(C=C1)N2C(=CC(=N2)C(C)(C)C)NC(=O)NC3=CC=C(C4=CC=CC=C43)OCCN5CCOCC5,Active,,,,0.033,18,DDR2 Inhibition Activity,CAA52777.1
346,50100090,156422,CC1=CC=C(C=C1)N2C(=CC(=N2)C(C)(C)C)NC(=O)NC3=CC=C(C4=CC=CC=C43)OCCN5CCOCC5,Inactive,,,,6,19,EGFR(G719C) Inhibition Activity,NP_005219.2
347,50100090,156422,CC1=CC=C(C=C1)N2C(=CC(=N2)C(C)(C)C)NC(=O)NC3=CC=C(C4=CC=CC=C43)OCCN5CCOCC5,Active,,,,0.88,20,EPHA3 Inhibition Activity,NP_005224.2
348,50100090,156422,CC1=CC=C(C=C1)N2C(=CC(=N2)C(C)(C)C)NC(=O)NC3=CC=C(C4=CC=CC=C43)OCCN5CCOCC5,Active,,,,2,21,EPHA6 Inhibition Activity,NP_001073917.2
349,50100090,156422,CC1=CC=C(C=C1)N2C(=CC(=N2)C(C)(C)C)NC(=O)NC3=CC=C(C4=CC=CC=C43)OCCN5CCOCC5,Active,,,,0.86,22,EPHA7 Inhibition Activity,NP_004431.1
350,50100090,156422,CC1=CC=C(C=C1)N2C(=CC(=N2)C(C)(C)C)NC(=O)NC3=CC=C(C4=CC=CC=C43)OCCN5CCOCC5,Active,,,,3,25,ERK8 Inhibition Activity,NP_620590.2
351,50100090,156422,CC1=CC=C(C=C1)N2C(=CC(=N2)C(C)(C)C)NC(=O)NC3=CC=C(C4=CC=CC=C43)OCCN5CCOCC5,Active,,,,0.41,26,FLT1 Inhibition Activity,NP_002010.2
352,50100090,156422,CC1=CC=C(C=C1)N2C(=CC(=N2)C(C)(C)C)NC(=O)NC3=CC=C(C4=CC=CC=C43)OCCN5CCOCC5,Active,,,,2.3,27,FLT3 Inhibition Activity,NP_004110.2
353,50100090,156422,CC1=CC=C(C=C1)N2C(=CC(=N2)C(C)(C)C)NC(=O)NC3=CC=C(C4=CC=CC=C43)OCCN5CCOCC5,Inactive,,,,5,31,FLT3(N841I) Inhibition Activity,NP_004110.2
354,50100090,156422,CC1=CC=C(C=C1)N2C(=CC(=N2)C(C)(C)C)NC(=O)NC3=CC=C(C4=CC=CC=C43)OCCN5CCOCC5,Inactive,,,,7.1,32,FLT4 Inhibition Activity,CAA49505.1
355,50100090,156422,CC1=CC=C(C=C1)N2C(=CC(=N2)C(C)(C)C)NC(=O)NC3=CC=C(C4=CC=CC=C43)OCCN5CCOCC5,Active,,,,1.2,33,FRK Inhibition Activity,NP_002022.1
356,50100090,156422,CC1=CC=C(C=C1)N2C(=CC(=N2)C(C)(C)C)NC(=O)NC3=CC=C(C4=CC=CC=C43)OCCN5CCOCC5,Active,,,,0.0073,35,JNK2 Inhibition Activity,NP_620707.1
357,50100090,156422,CC1=CC=C(C=C1)N2C(=CC(=N2)C(C)(C)C)NC(=O)NC3=CC=C(C4=CC=CC=C43)OCCN5CCOCC5,Active,,,,0.17,36,KIT Inhibition Activity,NP_000213.1
358,50100090,156422,CC1=CC=C(C=C1)N2C(=CC(=N2)C(C)(C)C)NC(=O)NC3=CC=C(C4=CC=CC=C43)OCCN5CCOCC5,Active,,,,0.26,38,KIT(V559D T670I) Inhibition Activity,NP_000213.1
359,50100090,156422,CC1=CC=C(C=C1)N2C(=CC(=N2)C(C)(C)C)NC(=O)NC3=CC=C(C4=CC=CC=C43)OCCN5CCOCC5,Active,,,,2.4,39,KIT(V559D V654A) Inhibition Activity,NP_000213.1
360,50100090,156422,CC1=CC=C(C=C1)N2C(=CC(=N2)C(C)(C)C)NC(=O)NC3=CC=C(C4=CC=CC=C43)OCCN5CCOCC5,Active,,,,0.23,40,KIT(V559D) Inhibition Activity,NP_000213.1
361,50100090,156422,CC1=CC=C(C=C1)N2C(=CC(=N2)C(C)(C)C)NC(=O)NC3=CC=C(C4=CC=CC=C43)OCCN5CCOCC5,Active,,,,0.012,43,LOK Inhibition Activity,BAA35073.1
362,50100090,156422,CC1=CC=C(C=C1)N2C(=CC(=N2)C(C)(C)C)NC(=O)NC3=CC=C(C4=CC=CC=C43)OCCN5CCOCC5,Active,,,,1.4,44,LTK Inhibition Activity,NP_996844.1
363,50100090,156422,CC1=CC=C(C=C1)N2C(=CC(=N2)C(C)(C)C)NC(=O)NC3=CC=C(C4=CC=CC=C43)OCCN5CCOCC5,Inactive,,,,3.7,48,MERTK Inhibition Activity,AAB60430.1
364,50100090,156422,CC1=CC=C(C=C1)N2C(=CC(=N2)C(C)(C)C)NC(=O)NC3=CC=C(C4=CC=CC=C43)OCCN5CCOCC5,Active,,,,1.6,51,MKNK2 Inhibition Activity,AAF17226.1
365,50100090,156422,CC1=CC=C(C=C1)N2C(=CC(=N2)C(C)(C)C)NC(=O)NC3=CC=C(C4=CC=CC=C43)OCCN5CCOCC5,Active,,,,1.9,54,MUSK Inhibition Activity,NP_005583.1
366,50100090,156422,CC1=CC=C(C=C1)N2C(=CC(=N2)C(C)(C)C)NC(=O)NC3=CC=C(C4=CC=CC=C43)OCCN5CCOCC5,Active,,,,1.2,55,PDGFRA Inhibition Activity,NP_006197.1
367,50100090,156422,CC1=CC=C(C=C1)N2C(=CC(=N2)C(C)(C)C)NC(=O)NC3=CC=C(C4=CC=CC=C43)OCCN5CCOCC5,Active,,,,1.1,56,PDGFRB Inhibition Activity,NP_002600.1
368,50100090,156422,CC1=CC=C(C=C1)N2C(=CC(=N2)C(C)(C)C)NC(=O)NC3=CC=C(C4=CC=CC=C43)OCCN5CCOCC5,Active,,,,0.5,59,RET Inhibition Activity,NP_065681.1
369,50100090,156422,CC1=CC=C(C=C1)N2C(=CC(=N2)C(C)(C)C)NC(=O)NC3=CC=C(C4=CC=CC=C43)OCCN5CCOCC5,Active,,,,0.24,60,RET(M918T) Inhibition Activity,NP_065681.1
370,50100090,156422,CC1=CC=C(C=C1)N2C(=CC(=N2)C(C)(C)C)NC(=O)NC3=CC=C(C4=CC=CC=C43)OCCN5CCOCC5,Active,,,,0.15,64,SLK Inhibition Activity,NP_055535.2
371,50100090,156422,CC1=CC=C(C=C1)N2C(=CC(=N2)C(C)(C)C)NC(=O)NC3=CC=C(C4=CC=CC=C43)OCCN5CCOCC5,Active,,,,0.0083,66,TIE1 Inhibition Activity,NP_005415.1
372,50100090,156422,CC1=CC=C(C=C1)N2C(=CC(=N2)C(C)(C)C)NC(=O)NC3=CC=C(C4=CC=CC=C43)OCCN5CCOCC5,Active,,,,0.02,67,TIE2 Inhibition Activity,NP_000450.2
373,50100090,156422,CC1=CC=C(C=C1)N2C(=CC(=N2)C(C)(C)C)NC(=O)NC3=CC=C(C4=CC=CC=C43)OCCN5CCOCC5,Active,,,,1,68,TRKA Inhibition Activity,NP_001012331.1
374,50100090,156422,CC1=CC=C(C=C1)N2C(=CC(=N2)C(C)(C)C)NC(=O)NC3=CC=C(C4=CC=CC=C43)OCCN5CCOCC5,Active,,,,0.57,69,TRKB Inhibition Activity,NP_006171.2
375,50100090,156422,CC1=CC=C(C=C1)N2C(=CC(=N2)C(C)(C)C)NC(=O)NC3=CC=C(C4=CC=CC=C43)OCCN5CCOCC5,Active,,,,0.19,70,TRKC Inhibition Activity,AAA75374.1
376,50100090,156422,CC1=CC=C(C=C1)N2C(=CC(=N2)C(C)(C)C)NC(=O)NC3=CC=C(C4=CC=CC=C43)OCCN5CCOCC5,Inactive,,,,3.9,71,VEGFR2 Inhibition Activity,NP_002244.1
377,50100090,156422,CC1=CC=C(C=C1)N2C(=CC(=N2)C(C)(C)C)NC(=O)NC3=CC=C(C4=CC=CC=C43)OCCN5CCOCC5,Inactive,,,,3.4,73,ABL1 Inhibition Activity,NP_005148.2
378,50100090,156422,CC1=CC=C(C=C1)N2C(=CC(=N2)C(C)(C)C)NC(=O)NC3=CC=C(C4=CC=CC=C43)OCCN5CCOCC5,Active,,,,0.68,74,BLK Inhibition Activity,NP_001706.2
379,50100090,156422,CC1=CC=C(C=C1)N2C(=CC(=N2)C(C)(C)C)NC(=O)NC3=CC=C(C4=CC=CC=C43)OCCN5CCOCC5,Active,,,,2.7,75,BRAF Inhibition Activity,NP_004324.2
380,50100090,156422,CC1=CC=C(C=C1)N2C(=CC(=N2)C(C)(C)C)NC(=O)NC3=CC=C(C4=CC=CC=C43)OCCN5CCOCC5,Active,,,,2.1,77,CIT Inhibition Activity,NP_009105.1
381,50100090,156422,CC1=CC=C(C=C1)N2C(=CC(=N2)C(C)(C)C)NC(=O)NC3=CC=C(C4=CC=CC=C43)OCCN5CCOCC5,Inactive,,,,7,78,EGFR Inhibition Activity,NP_005219.2
382,50100090,156422,CC1=CC=C(C=C1)N2C(=CC(=N2)C(C)(C)C)NC(=O)NC3=CC=C(C4=CC=CC=C43)OCCN5CCOCC5,Inactive,,,,9.1,79,EGFR(G719S) Inhibition Activity,NP_005219.2
383,50100090,156422,CC1=CC=C(C=C1)N2C(=CC(=N2)C(C)(C)C)NC(=O)NC3=CC=C(C4=CC=CC=C43)OCCN5CCOCC5,Inactive,,,,5.3,80,EGFR(L747-E749del  A750P) Inhibition Activity,NP_005219.2
384,50100090,156422,CC1=CC=C(C=C1)N2C(=CC(=N2)C(C)(C)C)NC(=O)NC3=CC=C(C4=CC=CC=C43)OCCN5CCOCC5,Inactive,,,,6.8,82,EGFR(L747-T751del Sins) Inhibition Activity,NP_005219.2
385,50100090,156422,CC1=CC=C(C=C1)N2C(=CC(=N2)C(C)(C)C)NC(=O)NC3=CC=C(C4=CC=CC=C43)OCCN5CCOCC5,Inactive,,,,4.3,84,FGFR1 Inhibition Activity,NP_075593.1
386,50100090,156422,CC1=CC=C(C=C1)N2C(=CC(=N2)C(C)(C)C)NC(=O)NC3=CC=C(C4=CC=CC=C43)OCCN5CCOCC5,Active,,,,1.2,89,LCK Inhibition Activity,NP_005347.3
387,50100090,156422,CC1=CC=C(C=C1)N2C(=CC(=N2)C(C)(C)C)NC(=O)NC3=CC=C(C4=CC=CC=C43)OCCN5CCOCC5,Active,,,,2.7,90,LYN Inhibition Activity,NP_002341.1
388,50100090,156422,CC1=CC=C(C=C1)N2C(=CC(=N2)C(C)(C)C)NC(=O)NC3=CC=C(C4=CC=CC=C43)OCCN5CCOCC5,Active,,,,0.86,94,ZAK Inhibition Activity,NP_598407.1
389,50100090,156422,CC1=CC=C(C=C1)N2C(=CC(=N2)C(C)(C)C)NC(=O)NC3=CC=C(C4=CC=CC=C43)OCCN5CCOCC5,Inactive,,,,3.7,97,ABL1(M351T) Inhibition Activity,NP_005148.2
390,50100090,156422,CC1=CC=C(C=C1)N2C(=CC(=N2)C(C)(C)C)NC(=O)NC3=CC=C(C4=CC=CC=C43)OCCN5CCOCC5,Inactive,,,,6.9,98,ABL1(Q252H) Inhibition Activity,NP_005148.2
391,50100090,156422,CC1=CC=C(C=C1)N2C(=CC(=N2)C(C)(C)C)NC(=O)NC3=CC=C(C4=CC=CC=C43)OCCN5CCOCC5,Inactive,,,,5.7,99,ABL1(Y253F) Inhibition Activity,NP_005148.2
392,50100090,156422,CC1=CC=C(C=C1)N2C(=CC(=N2)C(C)(C)C)NC(=O)NC3=CC=C(C4=CC=CC=C43)OCCN5CCOCC5,Active,,,,1,102,ANKK1 Inhibition Activity,NP_848605.1
393,50100090,156422,CC1=CC=C(C=C1)N2C(=CC(=N2)C(C)(C)C)NC(=O)NC3=CC=C(C4=CC=CC=C43)OCCN5CCOCC5,Active,,,,2,109,CDK5 Inhibition Activity,NP_004926.1
394,50100090,156422,CC1=CC=C(C=C1)N2C(=CC(=N2)C(C)(C)C)NC(=O)NC3=CC=C(C4=CC=CC=C43)OCCN5CCOCC5,Inactive,,,,6.2,120,EPHA2 Inhibition Activity,NP_004422.2
395,50100090,156422,CC1=CC=C(C=C1)N2C(=CC(=N2)C(C)(C)C)NC(=O)NC3=CC=C(C4=CC=CC=C43)OCCN5CCOCC5,Active,,,,2.9,121,EPHA4 Inhibition Activity,NP_004429.1
396,50100090,156422,CC1=CC=C(C=C1)N2C(=CC(=N2)C(C)(C)C)NC(=O)NC3=CC=C(C4=CC=CC=C43)OCCN5CCOCC5,Active,,,,1.4,122,EPHA5 Inhibition Activity,NP_004430.4
397,50100090,156422,CC1=CC=C(C=C1)N2C(=CC(=N2)C(C)(C)C)NC(=O)NC3=CC=C(C4=CC=CC=C43)OCCN5CCOCC5,Active,,,,0.27,123,EPHA8 Inhibition Activity,NP_065387.1
398,50100090,156422,CC1=CC=C(C=C1)N2C(=CC(=N2)C(C)(C)C)NC(=O)NC3=CC=C(C4=CC=CC=C43)OCCN5CCOCC5,Inactive,,,,4.9,124,EPHB1 Inhibition Activity,NP_004432.1
399,50100090,156422,CC1=CC=C(C=C1)N2C(=CC(=N2)C(C)(C)C)NC(=O)NC3=CC=C(C4=CC=CC=C43)OCCN5CCOCC5,Active,,,,0.44,125,EPHB2 Inhibition Activity,NP_059145.2
400,50100090,156422,CC1=CC=C(C=C1)N2C(=CC(=N2)C(C)(C)C)NC(=O)NC3=CC=C(C4=CC=CC=C43)OCCN5CCOCC5,Active,,,,0.11,135,JNK3 Inhibition Activity,NP_002744.1
401,50100090,156422,CC1=CC=C(C=C1)N2C(=CC(=N2)C(C)(C)C)NC(=O)NC3=CC=C(C4=CC=CC=C43)OCCN5CCOCC5,Active,,,,0.09,137,MAP4K4 Inhibition Activity,NP_663719.2
402,50100090,156422,CC1=CC=C(C=C1)N2C(=CC(=N2)C(C)(C)C)NC(=O)NC3=CC=C(C4=CC=CC=C43)OCCN5CCOCC5,Active,,,,1,143,NLK Inhibition Activity,NP_057315.3
403,50100090,156422,CC1=CC=C(C=C1)N2C(=CC(=N2)C(C)(C)C)NC(=O)NC3=CC=C(C4=CC=CC=C43)OCCN5CCOCC5,Active,,,,0.99,154,PTK2B Inhibition Activity,NP_775267.1
404,50100090,156422,CC1=CC=C(C=C1)N2C(=CC(=N2)C(C)(C)C)NC(=O)NC3=CC=C(C4=CC=CC=C43)OCCN5CCOCC5,Active,,,,0.14,166,TNIK Inhibition Activity,NP_055843.1
405,50100090,156422,CC1=CC=C(C=C1)N2C(=CC(=N2)C(C)(C)C)NC(=O)NC3=CC=C(C4=CC=CC=C43)OCCN5CCOCC5,Inactive,,,,3.3,168,TTK Inhibition Activity,NP_003309.2
406,50100090,156422,CC1=CC=C(C=C1)N2C(=CC(=N2)C(C)(C)C)NC(=O)NC3=CC=C(C4=CC=CC=C43)OCCN5CCOCC5,Inactive,,,,4.9,170,YES Inhibition Activity,NP_005424.1
407,50100090,156422,CC1=CC=C(C=C1)N2C(=CC(=N2)C(C)(C)C)NC(=O)NC3=CC=C(C4=CC=CC=C43)OCCN5CCOCC5,Active,,,,0.00037,172,p38-alpha Inhibition Activity,NP_620581.1
408,50100090,156422,CC1=CC=C(C=C1)N2C(=CC(=N2)C(C)(C)C)NC(=O)NC3=CC=C(C4=CC=CC=C43)OCCN5CCOCC5,Active,,,,1.5,173,p38-beta Inhibition Activity,NP_002742.3
409,50100090,156422,CC1=CC=C(C=C1)N2C(=CC(=N2)C(C)(C)C)NC(=O)NC3=CC=C(C4=CC=CC=C43)OCCN5CCOCC5,Active,,,,0.019,174,p38-gamma Inhibition Activity,AAB40118.1
410,50100090,156422,CC1=CC=C(C=C1)N2C(=CC(=N2)C(C)(C)C)NC(=O)NC3=CC=C(C4=CC=CC=C43)OCCN5CCOCC5,Active,,,,1.2,180,DMPK2 Inhibition Activity,NP_059995.2
411,50100090,156422,CC1=CC=C(C=C1)N2C(=CC(=N2)C(C)(C)C)NC(=O)NC3=CC=C(C4=CC=CC=C43)OCCN5CCOCC5,Inactive,,,,9.8,181,EPHA1 Inhibition Activity,NP_005223.4
412,50100090,156422,CC1=CC=C(C=C1)N2C(=CC(=N2)C(C)(C)C)NC(=O)NC3=CC=C(C4=CC=CC=C43)OCCN5CCOCC5,Inactive,,,,9.4,182,MRCKA Inhibition Activity,NP_003598.2
413,50100090,156422,CC1=CC=C(C=C1)N2C(=CC(=N2)C(C)(C)C)NC(=O)NC3=CC=C(C4=CC=CC=C43)OCCN5CCOCC5,Active,,,,0.91,183,MRCKB Inhibition Activity,NP_006026.3
414,50100090,156422,CC1=CC=C(C=C1)N2C(=CC(=N2)C(C)(C)C)NC(=O)NC3=CC=C(C4=CC=CC=C43)OCCN5CCOCC5,Inactive,,,,7.1,184,PTK2 Inhibition Activity,NP_722560.1
415,50100091,3025986,CC(C)(C)C1=CN=C(O1)CSC2=CN=C(S2)NC(=O)C3CCNCC3,Inactive,,,,7.4,3,AURKA Inhibition Activity,NP_003591.2
416,50100091,3025986,CC(C)(C)C1=CN=C(O1)CSC2=CN=C(S2)NC(=O)C3CCNCC3,Active,,,,0.098,8,CDC2L1 Inhibition Activity,NP_277023.1
417,50100091,3025986,CC(C)(C)C1=CN=C(O1)CSC2=CN=C(S2)NC(=O)C3CCNCC3,Active,,,,0.048,9,CDC2L2 Inhibition Activity,NP_076916.2
418,50100091,3025986,CC(C)(C)C1=CN=C(O1)CSC2=CN=C(S2)NC(=O)C3CCNCC3,Active,,,,0.95,10,CDK11 Inhibition Activity,NP_055891.1
419,50100091,3025986,CC(C)(C)C1=CN=C(O1)CSC2=CN=C(S2)NC(=O)C3CCNCC3,Active,,,,0.031,11,CDK7 Inhibition Activity,NP_001790.1
420,50100091,3025986,CC(C)(C)C1=CN=C(O1)CSC2=CN=C(S2)NC(=O)C3CCNCC3,Active,,,,1.2,12,CDK8 Inhibition Activity,NP_001251.1
421,50100091,3025986,CC(C)(C)C1=CN=C(O1)CSC2=CN=C(S2)NC(=O)C3CCNCC3,Active,,,,0.076,13,CDK9 Inhibition Activity,NP_001252.1
422,50100091,3025986,CC(C)(C)C1=CN=C(O1)CSC2=CN=C(S2)NC(=O)C3CCNCC3,Active,,,,0.41,14,CLK1 Inhibition Activity,AAA61480.1
423,50100091,3025986,CC(C)(C)C1=CN=C(O1)CSC2=CN=C(S2)NC(=O)C3CCNCC3,Active,,,,0.8,15,CLK4 Inhibition Activity,NP_065717.1
424,50100091,3025986,CC(C)(C)C1=CN=C(O1)CSC2=CN=C(S2)NC(=O)C3CCNCC3,Active,,,,0.12,25,ERK8 Inhibition Activity,NP_620590.2
425,50100091,3025986,CC(C)(C)C1=CN=C(O1)CSC2=CN=C(S2)NC(=O)C3CCNCC3,Inactive,,,,7.4,28,FLT3(D835H) Inhibition Activity,NP_004110.2
426,50100091,3025986,CC(C)(C)C1=CN=C(O1)CSC2=CN=C(S2)NC(=O)C3CCNCC3,Active,,,,3,29,FLT3(D835Y) Inhibition Activity,NP_004110.2
427,50100091,3025986,CC(C)(C)C1=CN=C(O1)CSC2=CN=C(S2)NC(=O)C3CCNCC3,Inactive,,,,3.8,50,MKNK1 Inhibition Activity,CAI14764.1
428,50100091,3025986,CC(C)(C)C1=CN=C(O1)CSC2=CN=C(S2)NC(=O)C3CCNCC3,Active,,,,0.069,107,CDK2 Inhibition Activity,NP_001789.2
429,50100091,3025986,CC(C)(C)C1=CN=C(O1)CSC2=CN=C(S2)NC(=O)C3CCNCC3,Active,,,,0.056,108,CDK3 Inhibition Activity,NP_001249.1
430,50100091,3025986,CC(C)(C)C1=CN=C(O1)CSC2=CN=C(S2)NC(=O)C3CCNCC3,Active,,,,0.74,109,CDK5 Inhibition Activity,NP_004926.1
431,50100091,3025986,CC(C)(C)C1=CN=C(O1)CSC2=CN=C(S2)NC(=O)C3CCNCC3,Active,,,,1.1,110,CLK2 Inhibition Activity,NP_003984.2
432,50100091,3025986,CC(C)(C)C1=CN=C(O1)CSC2=CN=C(S2)NC(=O)C3CCNCC3,Active,,,,1.8,112,CSNK1D Inhibition Activity,NP_620693.1
433,50100091,3025986,CC(C)(C)C1=CN=C(O1)CSC2=CN=C(S2)NC(=O)C3CCNCC3,Active,,,,0.95,113,CSNK1E Inhibition Activity,NP_001885.1
434,50100091,3025986,CC(C)(C)C1=CN=C(O1)CSC2=CN=C(S2)NC(=O)C3CCNCC3,Active,,,,1.8,129,GAK Inhibition Activity,NP_005246.2
435,50100091,3025986,CC(C)(C)C1=CN=C(O1)CSC2=CN=C(S2)NC(=O)C3CCNCC3,Inactive,,,,5.6,138,MELK Inhibition Activity,NP_055606.1
436,50100091,3025986,CC(C)(C)C1=CN=C(O1)CSC2=CN=C(S2)NC(=O)C3CCNCC3,Active,,,,0.98,139,MYLK2 Inhibition Activity,NP_149109.1
437,50100091,3025986,CC(C)(C)C1=CN=C(O1)CSC2=CN=C(S2)NC(=O)C3CCNCC3,Active,,,,0.0071,144,PCTK1 Inhibition Activity,NP_006192.1
438,50100091,3025986,CC(C)(C)C1=CN=C(O1)CSC2=CN=C(S2)NC(=O)C3CCNCC3,Active,,,,0.013,145,PCTK2 Inhibition Activity,CAA47004.1
439,50100091,3025986,CC(C)(C)C1=CN=C(O1)CSC2=CN=C(S2)NC(=O)C3CCNCC3,Active,,,,0.044,146,PCTK3 Inhibition Activity,NP_002587.2
440,50100091,3025986,CC(C)(C)C1=CN=C(O1)CSC2=CN=C(S2)NC(=O)C3CCNCC3,Active,,,,0.69,147,PFTK1 Inhibition Activity,NP_036527.1
441,50100091,3025986,CC(C)(C)C1=CN=C(O1)CSC2=CN=C(S2)NC(=O)C3CCNCC3,Active,,,,1.2,150,PRKD1 Inhibition Activity,NP_002733.2
442,50100091,3025986,CC(C)(C)C1=CN=C(O1)CSC2=CN=C(S2)NC(=O)C3CCNCC3,Inactive,,,,3.9,151,PRKD2 Inhibition Activity,NP_057541.2
443,50100091,3025986,CC(C)(C)C1=CN=C(O1)CSC2=CN=C(S2)NC(=O)C3CCNCC3,Active,,,,0.75,152,PRKD3 Inhibition Activity,NP_005804.1
444,50100091,3025986,CC(C)(C)C1=CN=C(O1)CSC2=CN=C(S2)NC(=O)C3CCNCC3,Active,,,,0.26,162,STK36 Inhibition Activity,NP_056505.2
445,50100091,3025986,CC(C)(C)C1=CN=C(O1)CSC2=CN=C(S2)NC(=O)C3CCNCC3,Active,,,,2.4,165,TGFBR2 Inhibition Activity,NP_003233.4
446,50100091,3025986,CC(C)(C)C1=CN=C(O1)CSC2=CN=C(S2)NC(=O)C3CCNCC3,Active,,,,1.6,185,DCAMKL1 Inhibition Activity,NP_004725.1
447,50100091,3025986,CC(C)(C)C1=CN=C(O1)CSC2=CN=C(S2)NC(=O)C3CCNCC3,Active,,,,1,186,DCAMKL2 Inhibition Activity,NP_001035351.4
448,50100091,3025986,CC(C)(C)C1=CN=C(O1)CSC2=CN=C(S2)NC(=O)C3CCNCC3,Active,,,,1.6,187,DCAMKL3 Inhibition Activity,NP_208382.1
449,50100091,3025986,CC(C)(C)C1=CN=C(O1)CSC2=CN=C(S2)NC(=O)C3CCNCC3,Active,,,,0.44,188,DRAK1 Inhibition Activity,NP_004751.2
450,50100091,3025986,CC(C)(C)C1=CN=C(O1)CSC2=CN=C(S2)NC(=O)C3CCNCC3,Active,,,,0.2,189,DYRK1B Inhibition Activity,NP_004705.1
451,50100091,3025986,CC(C)(C)C1=CN=C(O1)CSC2=CN=C(S2)NC(=O)C3CCNCC3,Active,,,,0.5,190,ERK3 Inhibition Activity,NP_002739.1
452,50100091,3025986,CC(C)(C)C1=CN=C(O1)CSC2=CN=C(S2)NC(=O)C3CCNCC3,Inactive,,,,4.1,191,ERK4 Inhibition Activity,NP_002738.2
453,50100091,3025986,CC(C)(C)C1=CN=C(O1)CSC2=CN=C(S2)NC(=O)C3CCNCC3,Active,,,,0.65,192,ERK5 Inhibition Activity,NP_002740.2
454,50100091,3025986,CC(C)(C)C1=CN=C(O1)CSC2=CN=C(S2)NC(=O)C3CCNCC3,Active,,,,0.028,193,GSK3A Inhibition Activity,NP_063937.2
455,50100091,3025986,CC(C)(C)C1=CN=C(O1)CSC2=CN=C(S2)NC(=O)C3CCNCC3,Active,,,,0.037,194,GSK3B Inhibition Activity,NP_002084.2
456,50100091,3025986,CC(C)(C)C1=CN=C(O1)CSC2=CN=C(S2)NC(=O)C3CCNCC3,Active,,,,2.9,195,IRAK3 Inhibition Activity,NP_009130.2
457,50100091,3025986,CC(C)(C)C1=CN=C(O1)CSC2=CN=C(S2)NC(=O)C3CCNCC3,Active,,,,1.7,196,MLCK Inhibition Activity,NP_872299.2
458,50100091,3025986,CC(C)(C)C1=CN=C(O1)CSC2=CN=C(S2)NC(=O)C3CCNCC3,Inactive,,,,3.5,197,PAK3 Inhibition Activity,NP_002569.1
459,50100091,3025986,CC(C)(C)C1=CN=C(O1)CSC2=CN=C(S2)NC(=O)C3CCNCC3,Inactive,,,,3.8,198,PHKG1 Inhibition Activity,NP_006204.1
460,50100091,3025986,CC(C)(C)C1=CN=C(O1)CSC2=CN=C(S2)NC(=O)C3CCNCC3,Active,,,,1.7,199,SNARK Inhibition Activity,NP_112214.2
461,50100092,135398510,CN1CCN(CC1)C2=CC3=C(C=C2)N=C(N3)C4=C(C5=C(C=CC=C5F)NC4=O)N,Active,,,,0.63,1,ABL1(T315I) Inhibition Activity,NP_005148.2
462,50100092,135398510,CN1CCN(CC1)C2=CC3=C(C=C2)N=C(N3)C4=C(C5=C(C=CC=C5F)NC4=O)N,Inactive,,,,3.5,2,ALK Inhibition Activity,NP_004295.2
463,50100092,135398510,CN1CCN(CC1)C2=CC3=C(C=C2)N=C(N3)C4=C(C5=C(C=CC=C5F)NC4=O)N,Active,,,,0.28,4,AURKB Inhibition Activity,AAH00442.3
464,50100092,135398510,CN1CCN(CC1)C2=CC3=C(C=C2)N=C(N3)C4=C(C5=C(C=CC=C5F)NC4=O)N,Active,,,,1.1,5,AURKC Inhibition Activity,AAC77369.1
465,50100092,135398510,CN1CCN(CC1)C2=CC3=C(C=C2)N=C(N3)C4=C(C5=C(C=CC=C5F)NC4=O)N,Inactive,,,,3.8,6,AXL Inhibition Activity,NP_001690.2
466,50100092,135398510,CN1CCN(CC1)C2=CC3=C(C=C2)N=C(N3)C4=C(C5=C(C=CC=C5F)NC4=O)N,Inactive,,,,3.1,7,BMPR2 Inhibition Activity,NP_001195.2
467,50100092,135398510,CN1CCN(CC1)C2=CC3=C(C=C2)N=C(N3)C4=C(C5=C(C=CC=C5F)NC4=O)N,Active,,,,2.6,11,CDK7 Inhibition Activity,NP_001790.1
468,50100092,135398510,CN1CCN(CC1)C2=CC3=C(C=C2)N=C(N3)C4=C(C5=C(C=CC=C5F)NC4=O)N,Inactive,,,,6.8,14,CLK1 Inhibition Activity,AAA61480.1
469,50100092,135398510,CN1CCN(CC1)C2=CC3=C(C=C2)N=C(N3)C4=C(C5=C(C=CC=C5F)NC4=O)N,Inactive,,,,6.5,15,CLK4 Inhibition Activity,NP_065717.1
470,50100092,135398510,CN1CCN(CC1)C2=CC3=C(C=C2)N=C(N3)C4=C(C5=C(C=CC=C5F)NC4=O)N,Active,,,,0.06,16,CSF1R Inhibition Activity,NP_005202.2
471,50100092,135398510,CN1CCN(CC1)C2=CC3=C(C=C2)N=C(N3)C4=C(C5=C(C=CC=C5F)NC4=O)N,Active,,,,2.5,17,DDR1 Inhibition Activity,NP_001945.3
472,50100092,135398510,CN1CCN(CC1)C2=CC3=C(C=C2)N=C(N3)C4=C(C5=C(C=CC=C5F)NC4=O)N,Active,,,,0.069,26,FLT1 Inhibition Activity,NP_002010.2
473,50100092,135398510,CN1CCN(CC1)C2=CC3=C(C=C2)N=C(N3)C4=C(C5=C(C=CC=C5F)NC4=O)N,Active,,,,0.00064,27,FLT3 Inhibition Activity,NP_004110.2
474,50100092,135398510,CN1CCN(CC1)C2=CC3=C(C=C2)N=C(N3)C4=C(C5=C(C=CC=C5F)NC4=O)N,Active,,,,0.0061,28,FLT3(D835H) Inhibition Activity,NP_004110.2
475,50100092,135398510,CN1CCN(CC1)C2=CC3=C(C=C2)N=C(N3)C4=C(C5=C(C=CC=C5F)NC4=O)N,Active,,,,0.0052,29,FLT3(D835Y) Inhibition Activity,NP_004110.2
476,50100092,135398510,CN1CCN(CC1)C2=CC3=C(C=C2)N=C(N3)C4=C(C5=C(C=CC=C5F)NC4=O)N,Active,,,,0.0036,30,FLT3(ITD) Inhibition Activity,NP_004110.2
477,50100092,135398510,CN1CCN(CC1)C2=CC3=C(C=C2)N=C(N3)C4=C(C5=C(C=CC=C5F)NC4=O)N,Active,,,,0.0048,31,FLT3(N841I) Inhibition Activity,NP_004110.2
478,50100092,135398510,CN1CCN(CC1)C2=CC3=C(C=C2)N=C(N3)C4=C(C5=C(C=CC=C5F)NC4=O)N,Active,,,,0.58,32,FLT4 Inhibition Activity,CAA49505.1
479,50100092,135398510,CN1CCN(CC1)C2=CC3=C(C=C2)N=C(N3)C4=C(C5=C(C=CC=C5F)NC4=O)N,Active,,,,2.3,33,FRK Inhibition Activity,NP_002022.1
480,50100092,135398510,CN1CCN(CC1)C2=CC3=C(C=C2)N=C(N3)C4=C(C5=C(C=CC=C5F)NC4=O)N,Active,,,,0.0075,36,KIT Inhibition Activity,NP_000213.1
481,50100092,135398510,CN1CCN(CC1)C2=CC3=C(C=C2)N=C(N3)C4=C(C5=C(C=CC=C5F)NC4=O)N,Active,,,,1.4,37,KIT(D816V) Inhibition Activity,NP_000213.1
482,50100092,135398510,CN1CCN(CC1)C2=CC3=C(C=C2)N=C(N3)C4=C(C5=C(C=CC=C5F)NC4=O)N,Active,,,,0.026,38,KIT(V559D T670I) Inhibition Activity,NP_000213.1
483,50100092,135398510,CN1CCN(CC1)C2=CC3=C(C=C2)N=C(N3)C4=C(C5=C(C=CC=C5F)NC4=O)N,Active,,,,0.0031,39,KIT(V559D V654A) Inhibition Activity,NP_000213.1
484,50100092,135398510,CN1CCN(CC1)C2=CC3=C(C=C2)N=C(N3)C4=C(C5=C(C=CC=C5F)NC4=O)N,Active,,,,0.0072,40,KIT(V559D) Inhibition Activity,NP_000213.1
485,50100092,135398510,CN1CCN(CC1)C2=CC3=C(C=C2)N=C(N3)C4=C(C5=C(C=CC=C5F)NC4=O)N,Active,,,,0.53,41,LATS2 Inhibition Activity,NP_055387.2
486,50100092,135398510,CN1CCN(CC1)C2=CC3=C(C=C2)N=C(N3)C4=C(C5=C(C=CC=C5F)NC4=O)N,Active,,,,0.55,43,LOK Inhibition Activity,BAA35073.1
487,50100092,135398510,CN1CCN(CC1)C2=CC3=C(C=C2)N=C(N3)C4=C(C5=C(C=CC=C5F)NC4=O)N,Active,,,,0.044,45,MAP4K1 Inhibition Activity,NP_001036065.1
488,50100092,135398510,CN1CCN(CC1)C2=CC3=C(C=C2)N=C(N3)C4=C(C5=C(C=CC=C5F)NC4=O)N,Active,,,,0.56,46,MAP4K3 Inhibition Activity,NP_003609.2
489,50100092,135398510,CN1CCN(CC1)C2=CC3=C(C=C2)N=C(N3)C4=C(C5=C(C=CC=C5F)NC4=O)N,Active,,,,0.62,47,MAP4K5 Inhibition Activity,NP_006566.2
490,50100092,135398510,CN1CCN(CC1)C2=CC3=C(C=C2)N=C(N3)C4=C(C5=C(C=CC=C5F)NC4=O)N,Active,,,,1.8,48,MERTK Inhibition Activity,AAB60430.1
491,50100092,135398510,CN1CCN(CC1)C2=CC3=C(C=C2)N=C(N3)C4=C(C5=C(C=CC=C5F)NC4=O)N,Active,,,,0.2,52,MST1 Inhibition Activity,NP_006273.1
492,50100092,135398510,CN1CCN(CC1)C2=CC3=C(C=C2)N=C(N3)C4=C(C5=C(C=CC=C5F)NC4=O)N,Active,,,,0.48,53,MST2 Inhibition Activity,NP_006272.2
493,50100092,135398510,CN1CCN(CC1)C2=CC3=C(C=C2)N=C(N3)C4=C(C5=C(C=CC=C5F)NC4=O)N,Active,,,,0.83,54,MUSK Inhibition Activity,NP_005583.1
494,50100092,135398510,CN1CCN(CC1)C2=CC3=C(C=C2)N=C(N3)C4=C(C5=C(C=CC=C5F)NC4=O)N,Active,,,,0.054,55,PDGFRA Inhibition Activity,NP_006197.1
495,50100092,135398510,CN1CCN(CC1)C2=CC3=C(C=C2)N=C(N3)C4=C(C5=C(C=CC=C5F)NC4=O)N,Active,,,,0.0038,56,PDGFRB Inhibition Activity,NP_002600.1
496,50100092,135398510,CN1CCN(CC1)C2=CC3=C(C=C2)N=C(N3)C4=C(C5=C(C=CC=C5F)NC4=O)N,Active,,,,0.071,59,RET Inhibition Activity,NP_065681.1
497,50100092,135398510,CN1CCN(CC1)C2=CC3=C(C=C2)N=C(N3)C4=C(C5=C(C=CC=C5F)NC4=O)N,Active,,,,0.047,60,RET(M918T) Inhibition Activity,NP_065681.1
498,50100092,135398510,CN1CCN(CC1)C2=CC3=C(C=C2)N=C(N3)C4=C(C5=C(C=CC=C5F)NC4=O)N,Active,,,,0.32,61,RIPK1 Inhibition Activity,NP_003795.2
499,50100092,135398510,CN1CCN(CC1)C2=CC3=C(C=C2)N=C(N3)C4=C(C5=C(C=CC=C5F)NC4=O)N,Active,,,,0.59,62,RPS6KA4(Kin.Dom.1 - N-terminal) Inhibition Activity,NP_001006945.1
500,50100092,135398510,CN1CCN(CC1)C2=CC3=C(C=C2)N=C(N3)C4=C(C5=C(C=CC=C5F)NC4=O)N,Active,,,,0.68,63,RPS6KA5(Kin.Dom.1 - N-terminal) Inhibition Activity,NP_872198.1
501,50100092,135398510,CN1CCN(CC1)C2=CC3=C(C=C2)N=C(N3)C4=C(C5=C(C=CC=C5F)NC4=O)N,Active,,,,0.3,64,SLK Inhibition Activity,NP_055535.2
502,50100092,135398510,CN1CCN(CC1)C2=CC3=C(C=C2)N=C(N3)C4=C(C5=C(C=CC=C5F)NC4=O)N,Inactive,,,,4,66,TIE1 Inhibition Activity,NP_005415.1
503,50100092,135398510,CN1CCN(CC1)C2=CC3=C(C=C2)N=C(N3)C4=C(C5=C(C=CC=C5F)NC4=O)N,Active,,,,0.1,68,TRKA Inhibition Activity,NP_001012331.1
504,50100092,135398510,CN1CCN(CC1)C2=CC3=C(C=C2)N=C(N3)C4=C(C5=C(C=CC=C5F)NC4=O)N,Active,,,,0.72,69,TRKB Inhibition Activity,NP_006171.2
505,50100092,135398510,CN1CCN(CC1)C2=CC3=C(C=C2)N=C(N3)C4=C(C5=C(C=CC=C5F)NC4=O)N,Active,,,,0.19,70,TRKC Inhibition Activity,AAA75374.1
506,50100092,135398510,CN1CCN(CC1)C2=CC3=C(C=C2)N=C(N3)C4=C(C5=C(C=CC=C5F)NC4=O)N,Active,,,,0.068,71,VEGFR2 Inhibition Activity,NP_002244.1
507,50100092,135398510,CN1CCN(CC1)C2=CC3=C(C=C2)N=C(N3)C4=C(C5=C(C=CC=C5F)NC4=O)N,Active,,,,0.87,73,ABL1 Inhibition Activity,NP_005148.2
508,50100092,135398510,CN1CCN(CC1)C2=CC3=C(C=C2)N=C(N3)C4=C(C5=C(C=CC=C5F)NC4=O)N,Active,,,,0.19,74,BLK Inhibition Activity,NP_001706.2
509,50100092,135398510,CN1CCN(CC1)C2=CC3=C(C=C2)N=C(N3)C4=C(C5=C(C=CC=C5F)NC4=O)N,Inactive,,,,8.2,77,CIT Inhibition Activity,NP_009105.1
510,50100092,135398510,CN1CCN(CC1)C2=CC3=C(C=C2)N=C(N3)C4=C(C5=C(C=CC=C5F)NC4=O)N,Active,,,,0.15,84,FGFR1 Inhibition Activity,NP_075593.1
511,50100092,135398510,CN1CCN(CC1)C2=CC3=C(C=C2)N=C(N3)C4=C(C5=C(C=CC=C5F)NC4=O)N,Inactive,,,,4.3,85,FGFR4 Inhibition Activity,NP_075252.2
512,50100092,135398510,CN1CCN(CC1)C2=CC3=C(C=C2)N=C(N3)C4=C(C5=C(C=CC=C5F)NC4=O)N,Active,,,,0.19,86,FGR Inhibition Activity,NP_005239.1
513,50100092,135398510,CN1CCN(CC1)C2=CC3=C(C=C2)N=C(N3)C4=C(C5=C(C=CC=C5F)NC4=O)N,Active,,,,0.44,87,FYN Inhibition Activity,NP_694592.1
514,50100092,135398510,CN1CCN(CC1)C2=CC3=C(C=C2)N=C(N3)C4=C(C5=C(C=CC=C5F)NC4=O)N,Active,,,,0.25,88,GCN2(Kin.Dom.2 S808G) Inhibition Activity,NP_001013725.2
515,50100092,135398510,CN1CCN(CC1)C2=CC3=C(C=C2)N=C(N3)C4=C(C5=C(C=CC=C5F)NC4=O)N,Active,,,,0.25,89,LCK Inhibition Activity,NP_005347.3
516,50100092,135398510,CN1CCN(CC1)C2=CC3=C(C=C2)N=C(N3)C4=C(C5=C(C=CC=C5F)NC4=O)N,Active,,,,0.75,90,LYN Inhibition Activity,NP_002341.1
517,50100092,135398510,CN1CCN(CC1)C2=CC3=C(C=C2)N=C(N3)C4=C(C5=C(C=CC=C5F)NC4=O)N,Inactive,,,,6.2,95,ABL1(E255K) Inhibition Activity,NP_005148.2
518,50100092,135398510,CN1CCN(CC1)C2=CC3=C(C=C2)N=C(N3)C4=C(C5=C(C=CC=C5F)NC4=O)N,Active,,,,0.91,96,ABL1(H396P) Inhibition Activity,NP_005148.2
519,50100092,135398510,CN1CCN(CC1)C2=CC3=C(C=C2)N=C(N3)C4=C(C5=C(C=CC=C5F)NC4=O)N,Active,,,,0.67,97,ABL1(M351T) Inhibition Activity,NP_005148.2
520,50100092,135398510,CN1CCN(CC1)C2=CC3=C(C=C2)N=C(N3)C4=C(C5=C(C=CC=C5F)NC4=O)N,Active,,,,2.7,98,ABL1(Q252H) Inhibition Activity,NP_005148.2
521,50100092,135398510,CN1CCN(CC1)C2=CC3=C(C=C2)N=C(N3)C4=C(C5=C(C=CC=C5F)NC4=O)N,Active,,,,2,99,ABL1(Y253F) Inhibition Activity,NP_005148.2
522,50100092,135398510,CN1CCN(CC1)C2=CC3=C(C=C2)N=C(N3)C4=C(C5=C(C=CC=C5F)NC4=O)N,Active,,,,0.52,101,AMPK-alpha1 Inhibition Activity,BAA36547.1
523,50100092,135398510,CN1CCN(CC1)C2=CC3=C(C=C2)N=C(N3)C4=C(C5=C(C=CC=C5F)NC4=O)N,Active,,,,0.079,102,ANKK1 Inhibition Activity,NP_848605.1
524,50100092,135398510,CN1CCN(CC1)C2=CC3=C(C=C2)N=C(N3)C4=C(C5=C(C=CC=C5F)NC4=O)N,Inactive,,,,3.1,105,CAMKK1 Inhibition Activity,NP_115670.1
525,50100092,135398510,CN1CCN(CC1)C2=CC3=C(C=C2)N=C(N3)C4=C(C5=C(C=CC=C5F)NC4=O)N,Active,,,,1.7,110,CLK2 Inhibition Activity,NP_003984.2
526,50100092,135398510,CN1CCN(CC1)C2=CC3=C(C=C2)N=C(N3)C4=C(C5=C(C=CC=C5F)NC4=O)N,Active,,,,2.1,117,DLK Inhibition Activity,NP_006292.3
527,50100092,135398510,CN1CCN(CC1)C2=CC3=C(C=C2)N=C(N3)C4=C(C5=C(C=CC=C5F)NC4=O)N,Active,,,,0.41,128,FGFR2 Inhibition Activity,NP_075259.4
528,50100092,135398510,CN1CCN(CC1)C2=CC3=C(C=C2)N=C(N3)C4=C(C5=C(C=CC=C5F)NC4=O)N,Active,,,,0.49,129,GAK Inhibition Activity,NP_005246.2
529,50100092,135398510,CN1CCN(CC1)C2=CC3=C(C=C2)N=C(N3)C4=C(C5=C(C=CC=C5F)NC4=O)N,Inactive,,,,3.3,130,HCK Inhibition Activity,NP_002101.2
530,50100092,135398510,CN1CCN(CC1)C2=CC3=C(C=C2)N=C(N3)C4=C(C5=C(C=CC=C5F)NC4=O)N,Active,,,,0.53,131,ITK Inhibition Activity,NP_005537.3
531,50100092,135398510,CN1CCN(CC1)C2=CC3=C(C=C2)N=C(N3)C4=C(C5=C(C=CC=C5F)NC4=O)N,Inactive,,,,7,132,JAK2(Kin.Dom.2/JH1 - catalytic) Inhibition Activity,NP_004963.1
532,50100092,135398510,CN1CCN(CC1)C2=CC3=C(C=C2)N=C(N3)C4=C(C5=C(C=CC=C5F)NC4=O)N,Inactive,,,,8.7,133,JAK3(Kin.Dom.2/JH1 - catalytic) Inhibition Activity,NP_000206.2
533,50100092,135398510,CN1CCN(CC1)C2=CC3=C(C=C2)N=C(N3)C4=C(C5=C(C=CC=C5F)NC4=O)N,Active,,,,1.7,136,LATS1 Inhibition Activity,NP_004681.1
534,50100092,135398510,CN1CCN(CC1)C2=CC3=C(C=C2)N=C(N3)C4=C(C5=C(C=CC=C5F)NC4=O)N,Active,,,,0.16,137,MAP4K4 Inhibition Activity,NP_663719.2
535,50100092,135398510,CN1CCN(CC1)C2=CC3=C(C=C2)N=C(N3)C4=C(C5=C(C=CC=C5F)NC4=O)N,Active,,,,1.6,138,MELK Inhibition Activity,NP_055606.1
536,50100092,135398510,CN1CCN(CC1)C2=CC3=C(C=C2)N=C(N3)C4=C(C5=C(C=CC=C5F)NC4=O)N,Active,,,,0.092,139,MYLK2 Inhibition Activity,NP_149109.1
537,50100092,135398510,CN1CCN(CC1)C2=CC3=C(C=C2)N=C(N3)C4=C(C5=C(C=CC=C5F)NC4=O)N,Active,,,,2.3,142,NEK5 Inhibition Activity,NP_954983.1
538,50100092,135398510,CN1CCN(CC1)C2=CC3=C(C=C2)N=C(N3)C4=C(C5=C(C=CC=C5F)NC4=O)N,Active,,,,0.43,144,PCTK1 Inhibition Activity,NP_006192.1
539,50100092,135398510,CN1CCN(CC1)C2=CC3=C(C=C2)N=C(N3)C4=C(C5=C(C=CC=C5F)NC4=O)N,Active,,,,3,145,PCTK2 Inhibition Activity,CAA47004.1
540,50100092,135398510,CN1CCN(CC1)C2=CC3=C(C=C2)N=C(N3)C4=C(C5=C(C=CC=C5F)NC4=O)N,Inactive,,,,3.2,149,PRKCQ Inhibition Activity,NP_006248.1
541,50100092,135398510,CN1CCN(CC1)C2=CC3=C(C=C2)N=C(N3)C4=C(C5=C(C=CC=C5F)NC4=O)N,Active,,,,2.8,153,PRKR Inhibition Activity,NP_002750.1
542,50100092,135398510,CN1CCN(CC1)C2=CC3=C(C=C2)N=C(N3)C4=C(C5=C(C=CC=C5F)NC4=O)N,Active,,,,1.8,160,SRC Inhibition Activity,NP_005408.1
543,50100092,135398510,CN1CCN(CC1)C2=CC3=C(C=C2)N=C(N3)C4=C(C5=C(C=CC=C5F)NC4=O)N,Active,,,,0.024,166,TNIK Inhibition Activity,NP_055843.1
544,50100092,135398510,CN1CCN(CC1)C2=CC3=C(C=C2)N=C(N3)C4=C(C5=C(C=CC=C5F)NC4=O)N,Active,,,,0.58,170,YES Inhibition Activity,NP_005424.1
545,50100092,135398510,CN1CCN(CC1)C2=CC3=C(C=C2)N=C(N3)C4=C(C5=C(C=CC=C5F)NC4=O)N,Active,,,,1.2,171,YSK1 Inhibition Activity,NP_006365.2
546,50100092,135398510,CN1CCN(CC1)C2=CC3=C(C=C2)N=C(N3)C4=C(C5=C(C=CC=C5F)NC4=O)N,Active,,,,0.35,178,MEK2 Inhibition Activity,NP_109587.1
547,50100092,135398510,CN1CCN(CC1)C2=CC3=C(C=C2)N=C(N3)C4=C(C5=C(C=CC=C5F)NC4=O)N,Active,,,,1.3,187,DCAMKL3 Inhibition Activity,NP_208382.1
548,50100092,135398510,CN1CCN(CC1)C2=CC3=C(C=C2)N=C(N3)C4=C(C5=C(C=CC=C5F)NC4=O)N,Active,,,,0.83,188,DRAK1 Inhibition Activity,NP_004751.2
549,50100092,135398510,CN1CCN(CC1)C2=CC3=C(C=C2)N=C(N3)C4=C(C5=C(C=CC=C5F)NC4=O)N,Active,,,,0.35,194,GSK3B Inhibition Activity,NP_002084.2
550,50100092,135398510,CN1CCN(CC1)C2=CC3=C(C=C2)N=C(N3)C4=C(C5=C(C=CC=C5F)NC4=O)N,Active,,,,0.002,196,MLCK Inhibition Activity,NP_872299.2
551,50100092,135398510,CN1CCN(CC1)C2=CC3=C(C=C2)N=C(N3)C4=C(C5=C(C=CC=C5F)NC4=O)N,Active,,,,0.77,197,PAK3 Inhibition Activity,NP_002569.1
552,50100092,135398510,CN1CCN(CC1)C2=CC3=C(C=C2)N=C(N3)C4=C(C5=C(C=CC=C5F)NC4=O)N,Active,,,,0.64,198,PHKG1 Inhibition Activity,NP_006204.1
553,50100092,135398510,CN1CCN(CC1)C2=CC3=C(C=C2)N=C(N3)C4=C(C5=C(C=CC=C5F)NC4=O)N,Active,,,,0.13,199,SNARK Inhibition Activity,NP_112214.2
554,50100092,135398510,CN1CCN(CC1)C2=CC3=C(C=C2)N=C(N3)C4=C(C5=C(C=CC=C5F)NC4=O)N,Active,,,,0.17,200,AAK1 Inhibition Activity,NP_055726.3
555,50100092,135398510,CN1CCN(CC1)C2=CC3=C(C=C2)N=C(N3)C4=C(C5=C(C=CC=C5F)NC4=O)N,Active,,,,0.82,201,AMPK-alpha2 Inhibition Activity,NP_006243.2
556,50100092,135398510,CN1CCN(CC1)C2=CC3=C(C=C2)N=C(N3)C4=C(C5=C(C=CC=C5F)NC4=O)N,Active,,,,0.24,202,ARK5 Inhibition Activity,NP_055655.1
557,50100092,135398510,CN1CCN(CC1)C2=CC3=C(C=C2)N=C(N3)C4=C(C5=C(C=CC=C5F)NC4=O)N,Active,,,,0.054,203,BIKE Inhibition Activity,NP_060063.2
558,50100092,135398510,CN1CCN(CC1)C2=CC3=C(C=C2)N=C(N3)C4=C(C5=C(C=CC=C5F)NC4=O)N,Active,,,,1.2,204,CHEK1 Inhibition Activity,NP_001265.2
559,50100092,135398510,CN1CCN(CC1)C2=CC3=C(C=C2)N=C(N3)C4=C(C5=C(C=CC=C5F)NC4=O)N,Active,,,,1.4,205,CSNK2A1 Inhibition Activity,NP_001886.1
560,50100092,135398510,CN1CCN(CC1)C2=CC3=C(C=C2)N=C(N3)C4=C(C5=C(C=CC=C5F)NC4=O)N,Active,,,,1.6,206,CSNK2A2 Inhibition Activity,NP_001887.1
561,50100092,135398510,CN1CCN(CC1)C2=CC3=C(C=C2)N=C(N3)C4=C(C5=C(C=CC=C5F)NC4=O)N,Active,,,,1.8,207,DRAK2 Inhibition Activity,NP_004217.1
562,50100092,135398510,CN1CCN(CC1)C2=CC3=C(C=C2)N=C(N3)C4=C(C5=C(C=CC=C5F)NC4=O)N,Active,,,,0.23,208,FGFR3 Inhibition Activity,NP_000133.1
563,50100092,135398510,CN1CCN(CC1)C2=CC3=C(C=C2)N=C(N3)C4=C(C5=C(C=CC=C5F)NC4=O)N,Active,,,,0.37,209,FGFR3(G697C) Inhibition Activity,NP_000133.1
564,50100092,135398510,CN1CCN(CC1)C2=CC3=C(C=C2)N=C(N3)C4=C(C5=C(C=CC=C5F)NC4=O)N,Active,,,,0.48,210,IKK-epsilon Inhibition Activity,NP_054721.1
565,50100092,135398510,CN1CCN(CC1)C2=CC3=C(C=C2)N=C(N3)C4=C(C5=C(C=CC=C5F)NC4=O)N,Active,,,,0.38,211,JAK1(Kin.Dom.1/JH2 - pseudokinase) Inhibition Activity,NP_002218.2
566,50100092,135398510,CN1CCN(CC1)C2=CC3=C(C=C2)N=C(N3)C4=C(C5=C(C=CC=C5F)NC4=O)N,Inactive,,,,3.7,212,LKB1 Inhibition Activity,NP_000446.1
567,50100092,135398510,CN1CCN(CC1)C2=CC3=C(C=C2)N=C(N3)C4=C(C5=C(C=CC=C5F)NC4=O)N,Inactive,,,,5.5,213,MAP3K4 Inhibition Activity,NP_005913.2
568,50100092,135398510,CN1CCN(CC1)C2=CC3=C(C=C2)N=C(N3)C4=C(C5=C(C=CC=C5F)NC4=O)N,Active,,,,2.3,214,MARK1 Inhibition Activity,CAH72463.1
569,50100092,135398510,CN1CCN(CC1)C2=CC3=C(C=C2)N=C(N3)C4=C(C5=C(C=CC=C5F)NC4=O)N,Active,,,,1.5,215,MARK2 Inhibition Activity,NP_059672.2
570,50100092,135398510,CN1CCN(CC1)C2=CC3=C(C=C2)N=C(N3)C4=C(C5=C(C=CC=C5F)NC4=O)N,Inactive,,,,3.4,216,MARK3 Inhibition Activity,NP_002367.5
571,50100092,135398510,CN1CCN(CC1)C2=CC3=C(C=C2)N=C(N3)C4=C(C5=C(C=CC=C5F)NC4=O)N,Active,,,,1.7,217,MARK4 Inhibition Activity,NP_113605.2
572,50100092,135398510,CN1CCN(CC1)C2=CC3=C(C=C2)N=C(N3)C4=C(C5=C(C=CC=C5F)NC4=O)N,Active,,,,0.52,218,MEK1 Inhibition Activity,NP_002746.1
573,50100092,135398510,CN1CCN(CC1)C2=CC3=C(C=C2)N=C(N3)C4=C(C5=C(C=CC=C5F)NC4=O)N,Inactive,,,,9.9,219,MLK1 Inhibition Activity,NP_149132.2
574,50100092,135398510,CN1CCN(CC1)C2=CC3=C(C=C2)N=C(N3)C4=C(C5=C(C=CC=C5F)NC4=O)N,Active,,,,2.2,220,MLK3 Inhibition Activity,NP_002410.1
575,50100092,135398510,CN1CCN(CC1)C2=CC3=C(C=C2)N=C(N3)C4=C(C5=C(C=CC=C5F)NC4=O)N,Active,,,,0.43,221,MST3 Inhibition Activity,NP_003567.2
576,50100092,135398510,CN1CCN(CC1)C2=CC3=C(C=C2)N=C(N3)C4=C(C5=C(C=CC=C5F)NC4=O)N,Active,,,,0.54,222,MST4 Inhibition Activity,NP_057626.2
577,50100092,135398510,CN1CCN(CC1)C2=CC3=C(C=C2)N=C(N3)C4=C(C5=C(C=CC=C5F)NC4=O)N,Inactive,,,,3.5,223,MYLK Inhibition Activity,NP_444254.3
578,50100092,135398510,CN1CCN(CC1)C2=CC3=C(C=C2)N=C(N3)C4=C(C5=C(C=CC=C5F)NC4=O)N,Active,,,,2,224,NEK2 Inhibition Activity,NP_002488.1
579,50100092,135398510,CN1CCN(CC1)C2=CC3=C(C=C2)N=C(N3)C4=C(C5=C(C=CC=C5F)NC4=O)N,Active,,,,1.5,225,NEK6 Inhibition Activity,NP_055212.2
580,50100092,135398510,CN1CCN(CC1)C2=CC3=C(C=C2)N=C(N3)C4=C(C5=C(C=CC=C5F)NC4=O)N,Inactive,,,,5.6,226,NEK7 Inhibition Activity,NP_598001.1
581,50100092,135398510,CN1CCN(CC1)C2=CC3=C(C=C2)N=C(N3)C4=C(C5=C(C=CC=C5F)NC4=O)N,Inactive,,,,9.1,227,NEK9 Inhibition Activity,NP_149107.4
582,50100092,135398510,CN1CCN(CC1)C2=CC3=C(C=C2)N=C(N3)C4=C(C5=C(C=CC=C5F)NC4=O)N,Inactive,,,,9,228,PHKG2 Inhibition Activity,NP_000285.1
583,50100092,135398510,CN1CCN(CC1)C2=CC3=C(C=C2)N=C(N3)C4=C(C5=C(C=CC=C5F)NC4=O)N,Active,,,,1.9,229,PIP5K1A Inhibition Activity,AAC50911.1
584,50100092,135398510,CN1CCN(CC1)C2=CC3=C(C=C2)N=C(N3)C4=C(C5=C(C=CC=C5F)NC4=O)N,Active,,,,0.26,230,PIP5K2B Inhibition Activity,NP_003550.1
585,50100092,135398510,CN1CCN(CC1)C2=CC3=C(C=C2)N=C(N3)C4=C(C5=C(C=CC=C5F)NC4=O)N,Active,,,,0.18,231,PKN1 Inhibition Activity,NP_998725.1
586,50100092,135398510,CN1CCN(CC1)C2=CC3=C(C=C2)N=C(N3)C4=C(C5=C(C=CC=C5F)NC4=O)N,Inactive,,,,9.9,232,PKN2 Inhibition Activity,NP_006247.1
587,50100092,135398510,CN1CCN(CC1)C2=CC3=C(C=C2)N=C(N3)C4=C(C5=C(C=CC=C5F)NC4=O)N,Active,,,,0.42,233,RIOK1 Inhibition Activity,NP_113668.2
588,50100092,135398510,CN1CCN(CC1)C2=CC3=C(C=C2)N=C(N3)C4=C(C5=C(C=CC=C5F)NC4=O)N,Active,,,,0.69,234,RIOK3 Inhibition Activity,NP_003822.2
589,50100092,135398510,CN1CCN(CC1)C2=CC3=C(C=C2)N=C(N3)C4=C(C5=C(C=CC=C5F)NC4=O)N,Active,,,,0.45,235,RPS6KA1(Kin.Dom.1 - N-terminal) Inhibition Activity,NP_002944.2
590,50100092,135398510,CN1CCN(CC1)C2=CC3=C(C=C2)N=C(N3)C4=C(C5=C(C=CC=C5F)NC4=O)N,Active,,,,0.31,236,RPS6KA2(Kin.Dom.1 - N-terminal) Inhibition Activity,NP_066958.2
591,50100092,135398510,CN1CCN(CC1)C2=CC3=C(C=C2)N=C(N3)C4=C(C5=C(C=CC=C5F)NC4=O)N,Inactive,,,,5.6,237,RPS6KA3(Kin.Dom.1 - N-terminal) Inhibition Activity,NP_004577.1
592,50100092,135398510,CN1CCN(CC1)C2=CC3=C(C=C2)N=C(N3)C4=C(C5=C(C=CC=C5F)NC4=O)N,Inactive,,,,4.6,238,RPS6KA6(Kin.Dom.1 - N-terminal) Inhibition Activity,NP_055311.1
593,50100092,135398510,CN1CCN(CC1)C2=CC3=C(C=C2)N=C(N3)C4=C(C5=C(C=CC=C5F)NC4=O)N,Inactive,,,,3.7,239,SNF1LK2 Inhibition Activity,NP_056006.1
594,50100092,135398510,CN1CCN(CC1)C2=CC3=C(C=C2)N=C(N3)C4=C(C5=C(C=CC=C5F)NC4=O)N,Active,,,,0.42,240,SRPK1 Inhibition Activity,NP_003128.3
595,50100092,135398510,CN1CCN(CC1)C2=CC3=C(C=C2)N=C(N3)C4=C(C5=C(C=CC=C5F)NC4=O)N,Active,,,,0.29,241,SRPK2 Inhibition Activity,AAC05299.1
596,50100092,135398510,CN1CCN(CC1)C2=CC3=C(C=C2)N=C(N3)C4=C(C5=C(C=CC=C5F)NC4=O)N,Active,,,,0.08,242,SgK085 Inhibition Activity,NP_001012418.2
597,50100092,135398510,CN1CCN(CC1)C2=CC3=C(C=C2)N=C(N3)C4=C(C5=C(C=CC=C5F)NC4=O)N,Active,,,,2.6,243,TLK2 Inhibition Activity,AAF03095.1
598,50100092,135398510,CN1CCN(CC1)C2=CC3=C(C=C2)N=C(N3)C4=C(C5=C(C=CC=C5F)NC4=O)N,Inactive,,,,9.3,244,TYRO3 Inhibition Activity,NP_006284.2
599,50100092,135398510,CN1CCN(CC1)C2=CC3=C(C=C2)N=C(N3)C4=C(C5=C(C=CC=C5F)NC4=O)N,Active,,,,1.2,245,WEE1 Inhibition Activity,NP_003381.1
600,50100093,11656518,CN1C2=C(C=C(C=C2)OC3=CC(=NC=C3)C4=NC=C(N4)C(F)(F)F)N=C1NC5=CC=C(C=C5)C(F)(F)F,Active,,,,1.8,1,ABL1(T315I) Inhibition Activity,NP_005148.2
601,50100093,11656518,CN1C2=C(C=C(C=C2)OC3=CC(=NC=C3)C4=NC=C(N4)C(F)(F)F)N=C1NC5=CC=C(C=C5)C(F)(F)F,Inactive,,,,5.1,10,CDK11 Inhibition Activity,NP_055891.1
602,50100093,11656518,CN1C2=C(C=C(C=C2)OC3=CC(=NC=C3)C4=NC=C(N4)C(F)(F)F)N=C1NC5=CC=C(C=C5)C(F)(F)F,Active,,,,0.25,16,CSF1R Inhibition Activity,NP_005202.2
603,50100093,11656518,CN1C2=C(C=C(C=C2)OC3=CC(=NC=C3)C4=NC=C(N4)C(F)(F)F)N=C1NC5=CC=C(C=C5)C(F)(F)F,Active,,,,0.013,17,DDR1 Inhibition Activity,NP_001945.3
604,50100093,11656518,CN1C2=C(C=C(C=C2)OC3=CC(=NC=C3)C4=NC=C(N4)C(F)(F)F)N=C1NC5=CC=C(C=C5)C(F)(F)F,Active,,,,0.96,18,DDR2 Inhibition Activity,CAA52777.1
605,50100093,11656518,CN1C2=C(C=C(C=C2)OC3=CC(=NC=C3)C4=NC=C(N4)C(F)(F)F)N=C1NC5=CC=C(C=C5)C(F)(F)F,Active,,,,1.5,21,EPHA6 Inhibition Activity,NP_001073917.2
606,50100093,11656518,CN1C2=C(C=C(C=C2)OC3=CC(=NC=C3)C4=NC=C(N4)C(F)(F)F)N=C1NC5=CC=C(C=C5)C(F)(F)F,Active,,,,0.8,26,FLT1 Inhibition Activity,NP_002010.2
607,50100093,11656518,CN1C2=C(C=C(C=C2)OC3=CC(=NC=C3)C4=NC=C(N4)C(F)(F)F)N=C1NC5=CC=C(C=C5)C(F)(F)F,Active,,,,1.4,27,FLT3 Inhibition Activity,NP_004110.2
608,50100093,11656518,CN1C2=C(C=C(C=C2)OC3=CC(=NC=C3)C4=NC=C(N4)C(F)(F)F)N=C1NC5=CC=C(C=C5)C(F)(F)F,Active,,,,2,32,FLT4 Inhibition Activity,CAA49505.1
609,50100093,11656518,CN1C2=C(C=C(C=C2)OC3=CC(=NC=C3)C4=NC=C(N4)C(F)(F)F)N=C1NC5=CC=C(C=C5)C(F)(F)F,Active,,,,0.59,33,FRK Inhibition Activity,NP_002022.1
610,50100093,11656518,CN1C2=C(C=C(C=C2)OC3=CC(=NC=C3)C4=NC=C(N4)C(F)(F)F)N=C1NC5=CC=C(C=C5)C(F)(F)F,Active,,,,0.2,36,KIT Inhibition Activity,NP_000213.1
611,50100093,11656518,CN1C2=C(C=C(C=C2)OC3=CC(=NC=C3)C4=NC=C(N4)C(F)(F)F)N=C1NC5=CC=C(C=C5)C(F)(F)F,Inactive,,,,6.2,37,KIT(D816V) Inhibition Activity,NP_000213.1
612,50100093,11656518,CN1C2=C(C=C(C=C2)OC3=CC(=NC=C3)C4=NC=C(N4)C(F)(F)F)N=C1NC5=CC=C(C=C5)C(F)(F)F,Active,,,,0.24,38,KIT(V559D T670I) Inhibition Activity,NP_000213.1
613,50100093,11656518,CN1C2=C(C=C(C=C2)OC3=CC(=NC=C3)C4=NC=C(N4)C(F)(F)F)N=C1NC5=CC=C(C=C5)C(F)(F)F,Active,,,,0.85,39,KIT(V559D V654A) Inhibition Activity,NP_000213.1
614,50100093,11656518,CN1C2=C(C=C(C=C2)OC3=CC(=NC=C3)C4=NC=C(N4)C(F)(F)F)N=C1NC5=CC=C(C=C5)C(F)(F)F,Active,,,,0.17,40,KIT(V559D) Inhibition Activity,NP_000213.1
615,50100093,11656518,CN1C2=C(C=C(C=C2)OC3=CC(=NC=C3)C4=NC=C(N4)C(F)(F)F)N=C1NC5=CC=C(C=C5)C(F)(F)F,Active,,,,0.06,43,LOK Inhibition Activity,BAA35073.1
616,50100093,11656518,CN1C2=C(C=C(C=C2)OC3=CC(=NC=C3)C4=NC=C(N4)C(F)(F)F)N=C1NC5=CC=C(C=C5)C(F)(F)F,Active,,,,0.83,47,MAP4K5 Inhibition Activity,NP_006566.2
617,50100093,11656518,CN1C2=C(C=C(C=C2)OC3=CC(=NC=C3)C4=NC=C(N4)C(F)(F)F)N=C1NC5=CC=C(C=C5)C(F)(F)F,Active,,,,1.1,55,PDGFRA Inhibition Activity,NP_006197.1
618,50100093,11656518,CN1C2=C(C=C(C=C2)OC3=CC(=NC=C3)C4=NC=C(N4)C(F)(F)F)N=C1NC5=CC=C(C=C5)C(F)(F)F,Active,,,,0.24,56,PDGFRB Inhibition Activity,NP_002600.1
619,50100093,11656518,CN1C2=C(C=C(C=C2)OC3=CC(=NC=C3)C4=NC=C(N4)C(F)(F)F)N=C1NC5=CC=C(C=C5)C(F)(F)F,Active,,,,0.15,59,RET Inhibition Activity,NP_065681.1
620,50100093,11656518,CN1C2=C(C=C(C=C2)OC3=CC(=NC=C3)C4=NC=C(N4)C(F)(F)F)N=C1NC5=CC=C(C=C5)C(F)(F)F,Active,,,,0.072,60,RET(M918T) Inhibition Activity,NP_065681.1
621,50100093,11656518,CN1C2=C(C=C(C=C2)OC3=CC(=NC=C3)C4=NC=C(N4)C(F)(F)F)N=C1NC5=CC=C(C=C5)C(F)(F)F,Active,,,,0.51,64,SLK Inhibition Activity,NP_055535.2
622,50100093,11656518,CN1C2=C(C=C(C=C2)OC3=CC(=NC=C3)C4=NC=C(N4)C(F)(F)F)N=C1NC5=CC=C(C=C5)C(F)(F)F,Active,,,,0.15,66,TIE1 Inhibition Activity,NP_005415.1
623,50100093,11656518,CN1C2=C(C=C(C=C2)OC3=CC(=NC=C3)C4=NC=C(N4)C(F)(F)F)N=C1NC5=CC=C(C=C5)C(F)(F)F,Active,,,,1.3,67,TIE2 Inhibition Activity,NP_000450.2
624,50100093,11656518,CN1C2=C(C=C(C=C2)OC3=CC(=NC=C3)C4=NC=C(N4)C(F)(F)F)N=C1NC5=CC=C(C=C5)C(F)(F)F,Active,,,,1.3,71,VEGFR2 Inhibition Activity,NP_002244.1
625,50100093,11656518,CN1C2=C(C=C(C=C2)OC3=CC(=NC=C3)C4=NC=C(N4)C(F)(F)F)N=C1NC5=CC=C(C=C5)C(F)(F)F,Active,,,,0.31,73,ABL1 Inhibition Activity,NP_005148.2
626,50100093,11656518,CN1C2=C(C=C(C=C2)OC3=CC(=NC=C3)C4=NC=C(N4)C(F)(F)F)N=C1NC5=CC=C(C=C5)C(F)(F)F,Active,,,,1.2,75,BRAF Inhibition Activity,NP_004324.2
627,50100093,11656518,CN1C2=C(C=C(C=C2)OC3=CC(=NC=C3)C4=NC=C(N4)C(F)(F)F)N=C1NC5=CC=C(C=C5)C(F)(F)F,Active,,,,0.33,76,BRAF(V600E) Inhibition Activity,NP_004324.2
628,50100093,11656518,CN1C2=C(C=C(C=C2)OC3=CC(=NC=C3)C4=NC=C(N4)C(F)(F)F)N=C1NC5=CC=C(C=C5)C(F)(F)F,Active,,,,0.087,77,CIT Inhibition Activity,NP_009105.1
629,50100093,11656518,CN1C2=C(C=C(C=C2)OC3=CC(=NC=C3)C4=NC=C(N4)C(F)(F)F)N=C1NC5=CC=C(C=C5)C(F)(F)F,Inactive,,,,4.7,84,FGFR1 Inhibition Activity,NP_075593.1
630,50100093,11656518,CN1C2=C(C=C(C=C2)OC3=CC(=NC=C3)C4=NC=C(N4)C(F)(F)F)N=C1NC5=CC=C(C=C5)C(F)(F)F,Active,,,,2.1,87,FYN Inhibition Activity,NP_694592.1
631,50100093,11656518,CN1C2=C(C=C(C=C2)OC3=CC(=NC=C3)C4=NC=C(N4)C(F)(F)F)N=C1NC5=CC=C(C=C5)C(F)(F)F,Active,,,,0.055,88,GCN2(Kin.Dom.2 S808G) Inhibition Activity,NP_001013725.2
632,50100093,11656518,CN1C2=C(C=C(C=C2)OC3=CC(=NC=C3)C4=NC=C(N4)C(F)(F)F)N=C1NC5=CC=C(C=C5)C(F)(F)F,Active,,,,0.64,89,LCK Inhibition Activity,NP_005347.3
633,50100093,11656518,CN1C2=C(C=C(C=C2)OC3=CC(=NC=C3)C4=NC=C(N4)C(F)(F)F)N=C1NC5=CC=C(C=C5)C(F)(F)F,Active,,,,0.37,90,LYN Inhibition Activity,NP_002341.1
634,50100093,11656518,CN1C2=C(C=C(C=C2)OC3=CC(=NC=C3)C4=NC=C(N4)C(F)(F)F)N=C1NC5=CC=C(C=C5)C(F)(F)F,Inactive,,,,3.6,91,PTK6 Inhibition Activity,NP_005966.1
635,50100093,11656518,CN1C2=C(C=C(C=C2)OC3=CC(=NC=C3)C4=NC=C(N4)C(F)(F)F)N=C1NC5=CC=C(C=C5)C(F)(F)F,Active,,,,0.39,92,RAF1 Inhibition Activity,NP_002871.1
636,50100093,11656518,CN1C2=C(C=C(C=C2)OC3=CC(=NC=C3)C4=NC=C(N4)C(F)(F)F)N=C1NC5=CC=C(C=C5)C(F)(F)F,Inactive,,,,5.9,93,TNNI3K Inhibition Activity,NP_057062.1
637,50100093,11656518,CN1C2=C(C=C(C=C2)OC3=CC(=NC=C3)C4=NC=C(N4)C(F)(F)F)N=C1NC5=CC=C(C=C5)C(F)(F)F,Active,,,,0.063,94,ZAK Inhibition Activity,NP_598407.1
638,50100093,11656518,CN1C2=C(C=C(C=C2)OC3=CC(=NC=C3)C4=NC=C(N4)C(F)(F)F)N=C1NC5=CC=C(C=C5)C(F)(F)F,Active,,,,1.1,95,ABL1(E255K) Inhibition Activity,NP_005148.2
639,50100093,11656518,CN1C2=C(C=C(C=C2)OC3=CC(=NC=C3)C4=NC=C(N4)C(F)(F)F)N=C1NC5=CC=C(C=C5)C(F)(F)F,Active,,,,0.97,96,ABL1(H396P) Inhibition Activity,NP_005148.2
640,50100093,11656518,CN1C2=C(C=C(C=C2)OC3=CC(=NC=C3)C4=NC=C(N4)C(F)(F)F)N=C1NC5=CC=C(C=C5)C(F)(F)F,Active,,,,0.21,97,ABL1(M351T) Inhibition Activity,NP_005148.2
641,50100093,11656518,CN1C2=C(C=C(C=C2)OC3=CC(=NC=C3)C4=NC=C(N4)C(F)(F)F)N=C1NC5=CC=C(C=C5)C(F)(F)F,Active,,,,0.58,98,ABL1(Q252H) Inhibition Activity,NP_005148.2
642,50100093,11656518,CN1C2=C(C=C(C=C2)OC3=CC(=NC=C3)C4=NC=C(N4)C(F)(F)F)N=C1NC5=CC=C(C=C5)C(F)(F)F,Active,,,,0.35,99,ABL1(Y253F) Inhibition Activity,NP_005148.2
643,50100093,11656518,CN1C2=C(C=C(C=C2)OC3=CC(=NC=C3)C4=NC=C(N4)C(F)(F)F)N=C1NC5=CC=C(C=C5)C(F)(F)F,Active,,,,1.9,100,ABL2 Inhibition Activity,NP_005149.4
644,50100093,11656518,CN1C2=C(C=C(C=C2)OC3=CC(=NC=C3)C4=NC=C(N4)C(F)(F)F)N=C1NC5=CC=C(C=C5)C(F)(F)F,Inactive,,,,4.5,101,AMPK-alpha1 Inhibition Activity,BAA36547.1
645,50100093,11656518,CN1C2=C(C=C(C=C2)OC3=CC(=NC=C3)C4=NC=C(N4)C(F)(F)F)N=C1NC5=CC=C(C=C5)C(F)(F)F,Active,,,,2.9,120,EPHA2 Inhibition Activity,NP_004422.2
646,50100093,11656518,CN1C2=C(C=C(C=C2)OC3=CC(=NC=C3)C4=NC=C(N4)C(F)(F)F)N=C1NC5=CC=C(C=C5)C(F)(F)F,Active,,,,1.1,123,EPHA8 Inhibition Activity,NP_065387.1
647,50100093,11656518,CN1C2=C(C=C(C=C2)OC3=CC(=NC=C3)C4=NC=C(N4)C(F)(F)F)N=C1NC5=CC=C(C=C5)C(F)(F)F,Active,,,,1.2,130,HCK Inhibition Activity,NP_002101.2
648,50100093,11656518,CN1C2=C(C=C(C=C2)OC3=CC(=NC=C3)C4=NC=C(N4)C(F)(F)F)N=C1NC5=CC=C(C=C5)C(F)(F)F,Active,,,,1.3,137,MAP4K4 Inhibition Activity,NP_663719.2
649,50100093,11656518,CN1C2=C(C=C(C=C2)OC3=CC(=NC=C3)C4=NC=C(N4)C(F)(F)F)N=C1NC5=CC=C(C=C5)C(F)(F)F,Inactive,,,,3.2,142,NEK5 Inhibition Activity,NP_954983.1
650,50100093,11656518,CN1C2=C(C=C(C=C2)OC3=CC(=NC=C3)C4=NC=C(N4)C(F)(F)F)N=C1NC5=CC=C(C=C5)C(F)(F)F,Active,,,,0.95,153,PRKR Inhibition Activity,NP_002750.1
651,50100093,11656518,CN1C2=C(C=C(C=C2)OC3=CC(=NC=C3)C4=NC=C(N4)C(F)(F)F)N=C1NC5=CC=C(C=C5)C(F)(F)F,Active,,,,0.95,155,RIPK2 Inhibition Activity,NP_003812.1
652,50100093,11656518,CN1C2=C(C=C(C=C2)OC3=CC(=NC=C3)C4=NC=C(N4)C(F)(F)F)N=C1NC5=CC=C(C=C5)C(F)(F)F,Active,,,,1.1,160,SRC Inhibition Activity,NP_005408.1
653,50100093,11656518,CN1C2=C(C=C(C=C2)OC3=CC(=NC=C3)C4=NC=C(N4)C(F)(F)F)N=C1NC5=CC=C(C=C5)C(F)(F)F,Active,,,,1.5,166,TNIK Inhibition Activity,NP_055843.1
654,50100093,11656518,CN1C2=C(C=C(C=C2)OC3=CC(=NC=C3)C4=NC=C(N4)C(F)(F)F)N=C1NC5=CC=C(C=C5)C(F)(F)F,Active,,,,0.94,170,YES Inhibition Activity,NP_005424.1
655,50100094,156414,C=CC(=O)NC1=C(C=C2C(=C1)C(=NC=N2)NC3=CC(=C(C=C3)F)Cl)OCCCN4CCOCC4,Active,,,,0.55,1,ABL1(T315I) Inhibition Activity,NP_005148.2
656,50100094,156414,C=CC(=O)NC1=C(C=C2C(=C1)C(=NC=N2)NC3=CC(=C(C=C3)F)Cl)OCCCN4CCOCC4,Inactive,,,,4.2,4,AURKB Inhibition Activity,AAH00442.3
657,50100094,156414,C=CC(=O)NC1=C(C=C2C(=C1)C(=NC=N2)NC3=CC(=C(C=C3)F)Cl)OCCCN4CCOCC4,Active,,,,2.8,5,AURKC Inhibition Activity,AAC77369.1
658,50100094,156414,C=CC(=O)NC1=C(C=C2C(=C1)C(=NC=N2)NC3=CC(=C(C=C3)F)Cl)OCCCN4CCOCC4,Inactive,,,,5.7,6,AXL Inhibition Activity,NP_001690.2
659,50100094,156414,C=CC(=O)NC1=C(C=C2C(=C1)C(=NC=N2)NC3=CC(=C(C=C3)F)Cl)OCCCN4CCOCC4,Active,,,,0.4,17,DDR1 Inhibition Activity,NP_001945.3
660,50100094,156414,C=CC(=O)NC1=C(C=C2C(=C1)C(=NC=N2)NC3=CC(=C(C=C3)F)Cl)OCCCN4CCOCC4,Active,,,,0.00013,19,EGFR(G719C) Inhibition Activity,NP_005219.2
661,50100094,156414,C=CC(=O)NC1=C(C=C2C(=C1)C(=NC=N2)NC3=CC(=C(C=C3)F)Cl)OCCCN4CCOCC4,Active,,,,2.1,20,EPHA3 Inhibition Activity,NP_005224.2
662,50100094,156414,C=CC(=O)NC1=C(C=C2C(=C1)C(=NC=N2)NC3=CC(=C(C=C3)F)Cl)OCCCN4CCOCC4,Active,,,,0.27,21,EPHA6 Inhibition Activity,NP_001073917.2
663,50100094,156414,C=CC(=O)NC1=C(C=C2C(=C1)C(=NC=N2)NC3=CC(=C(C=C3)F)Cl)OCCCN4CCOCC4,Active,,,,1.8,24,EPHB4 Inhibition Activity,NP_004435.3
664,50100094,156414,C=CC(=O)NC1=C(C=C2C(=C1)C(=NC=N2)NC3=CC(=C(C=C3)F)Cl)OCCCN4CCOCC4,Active,,,,2.7,27,FLT3 Inhibition Activity,NP_004110.2
665,50100094,156414,C=CC(=O)NC1=C(C=C2C(=C1)C(=NC=N2)NC3=CC(=C(C=C3)F)Cl)OCCCN4CCOCC4,Active,,,,1.2,28,FLT3(D835H) Inhibition Activity,NP_004110.2
666,50100094,156414,C=CC(=O)NC1=C(C=C2C(=C1)C(=NC=N2)NC3=CC(=C(C=C3)F)Cl)OCCCN4CCOCC4,Active,,,,0.73,29,FLT3(D835Y) Inhibition Activity,NP_004110.2
667,50100094,156414,C=CC(=O)NC1=C(C=C2C(=C1)C(=NC=N2)NC3=CC(=C(C=C3)F)Cl)OCCCN4CCOCC4,Active,,,,3,30,FLT3(ITD) Inhibition Activity,NP_004110.2
668,50100094,156414,C=CC(=O)NC1=C(C=C2C(=C1)C(=NC=N2)NC3=CC(=C(C=C3)F)Cl)OCCCN4CCOCC4,Active,,,,2.4,31,FLT3(N841I) Inhibition Activity,NP_004110.2
669,50100094,156414,C=CC(=O)NC1=C(C=C2C(=C1)C(=NC=N2)NC3=CC(=C(C=C3)F)Cl)OCCCN4CCOCC4,Inactive,,,,3.4,33,FRK Inhibition Activity,NP_002022.1
670,50100094,156414,C=CC(=O)NC1=C(C=C2C(=C1)C(=NC=N2)NC3=CC(=C(C=C3)F)Cl)OCCCN4CCOCC4,Inactive,,,,7.8,36,KIT Inhibition Activity,NP_000213.1
671,50100094,156414,C=CC(=O)NC1=C(C=C2C(=C1)C(=NC=N2)NC3=CC(=C(C=C3)F)Cl)OCCCN4CCOCC4,Inactive,,,,3.9,37,KIT(D816V) Inhibition Activity,NP_000213.1
672,50100094,156414,C=CC(=O)NC1=C(C=C2C(=C1)C(=NC=N2)NC3=CC(=C(C=C3)F)Cl)OCCCN4CCOCC4,Inactive,,,,7.9,40,KIT(V559D) Inhibition Activity,NP_000213.1
673,50100094,156414,C=CC(=O)NC1=C(C=C2C(=C1)C(=NC=N2)NC3=CC(=C(C=C3)F)Cl)OCCCN4CCOCC4,Active,,,,1.9,43,LOK Inhibition Activity,BAA35073.1
674,50100094,156414,C=CC(=O)NC1=C(C=C2C(=C1)C(=NC=N2)NC3=CC(=C(C=C3)F)Cl)OCCCN4CCOCC4,Active,,,,2.6,47,MAP4K5 Inhibition Activity,NP_006566.2
675,50100094,156414,C=CC(=O)NC1=C(C=C2C(=C1)C(=NC=N2)NC3=CC(=C(C=C3)F)Cl)OCCCN4CCOCC4,Inactive,,,,5.6,49,MET Inhibition Activity,NP_000236.2
676,50100094,156414,C=CC(=O)NC1=C(C=C2C(=C1)C(=NC=N2)NC3=CC(=C(C=C3)F)Cl)OCCCN4CCOCC4,Active,,,,0.26,50,MKNK1 Inhibition Activity,CAI14764.1
677,50100094,156414,C=CC(=O)NC1=C(C=C2C(=C1)C(=NC=N2)NC3=CC(=C(C=C3)F)Cl)OCCCN4CCOCC4,Active,,,,1.8,51,MKNK2 Inhibition Activity,AAF17226.1
678,50100094,156414,C=CC(=O)NC1=C(C=C2C(=C1)C(=NC=N2)NC3=CC(=C(C=C3)F)Cl)OCCCN4CCOCC4,Inactive,,,,5.2,55,PDGFRA Inhibition Activity,NP_006197.1
679,50100094,156414,C=CC(=O)NC1=C(C=C2C(=C1)C(=NC=N2)NC3=CC(=C(C=C3)F)Cl)OCCCN4CCOCC4,Inactive,,,,7.5,56,PDGFRB Inhibition Activity,NP_002600.1
680,50100094,156414,C=CC(=O)NC1=C(C=C2C(=C1)C(=NC=N2)NC3=CC(=C(C=C3)F)Cl)OCCCN4CCOCC4,Inactive,,,,4.2,59,RET Inhibition Activity,NP_065681.1
681,50100094,156414,C=CC(=O)NC1=C(C=C2C(=C1)C(=NC=N2)NC3=CC(=C(C=C3)F)Cl)OCCCN4CCOCC4,Active,,,,0.84,60,RET(M918T) Inhibition Activity,NP_065681.1
682,50100094,156414,C=CC(=O)NC1=C(C=C2C(=C1)C(=NC=N2)NC3=CC(=C(C=C3)F)Cl)OCCCN4CCOCC4,Active,,,,1.8,64,SLK Inhibition Activity,NP_055535.2
683,50100094,156414,C=CC(=O)NC1=C(C=C2C(=C1)C(=NC=N2)NC3=CC(=C(C=C3)F)Cl)OCCCN4CCOCC4,Active,,,,2.2,66,TIE1 Inhibition Activity,NP_005415.1
684,50100094,156414,C=CC(=O)NC1=C(C=C2C(=C1)C(=NC=N2)NC3=CC(=C(C=C3)F)Cl)OCCCN4CCOCC4,Active,,,,1.4,73,ABL1 Inhibition Activity,NP_005148.2
685,50100094,156414,C=CC(=O)NC1=C(C=C2C(=C1)C(=NC=N2)NC3=CC(=C(C=C3)F)Cl)OCCCN4CCOCC4,Active,,,,0.045,74,BLK Inhibition Activity,NP_001706.2
686,50100094,156414,C=CC(=O)NC1=C(C=C2C(=C1)C(=NC=N2)NC3=CC(=C(C=C3)F)Cl)OCCCN4CCOCC4,Active,,,,1.3,77,CIT Inhibition Activity,NP_009105.1
687,50100094,156414,C=CC(=O)NC1=C(C=C2C(=C1)C(=NC=N2)NC3=CC(=C(C=C3)F)Cl)OCCCN4CCOCC4,Active,,,,0.00019,78,EGFR Inhibition Activity,NP_005219.2
688,50100094,156414,C=CC(=O)NC1=C(C=C2C(=C1)C(=NC=N2)NC3=CC(=C(C=C3)F)Cl)OCCCN4CCOCC4,Active,,,,0.00019,79,EGFR(G719S) Inhibition Activity,NP_005219.2
689,50100094,156414,C=CC(=O)NC1=C(C=C2C(=C1)C(=NC=N2)NC3=CC(=C(C=C3)F)Cl)OCCCN4CCOCC4,Active,,,,0.00017,80,EGFR(L747-E749del  A750P) Inhibition Activity,NP_005219.2
690,50100094,156414,C=CC(=O)NC1=C(C=C2C(=C1)C(=NC=N2)NC3=CC(=C(C=C3)F)Cl)OCCCN4CCOCC4,Active,,,,0.00026,81,EGFR(L747-S752del  P753S) Inhibition Activity,NP_005219.2
691,50100094,156414,C=CC(=O)NC1=C(C=C2C(=C1)C(=NC=N2)NC3=CC(=C(C=C3)F)Cl)OCCCN4CCOCC4,Active,,,,0.00026,82,EGFR(L747-T751del Sins) Inhibition Activity,NP_005219.2
692,50100094,156414,C=CC(=O)NC1=C(C=C2C(=C1)C(=NC=N2)NC3=CC(=C(C=C3)F)Cl)OCCCN4CCOCC4,Active,,,,0.00022,83,EGFR(L861Q) Inhibition Activity,NP_005219.2
693,50100094,156414,C=CC(=O)NC1=C(C=C2C(=C1)C(=NC=N2)NC3=CC(=C(C=C3)F)Cl)OCCCN4CCOCC4,Active,,,,2.8,86,FGR Inhibition Activity,NP_005239.1
694,50100094,156414,C=CC(=O)NC1=C(C=C2C(=C1)C(=NC=N2)NC3=CC(=C(C=C3)F)Cl)OCCCN4CCOCC4,Active,,,,0.32,89,LCK Inhibition Activity,NP_005347.3
695,50100094,156414,C=CC(=O)NC1=C(C=C2C(=C1)C(=NC=N2)NC3=CC(=C(C=C3)F)Cl)OCCCN4CCOCC4,Active,,,,0.81,90,LYN Inhibition Activity,NP_002341.1
696,50100094,156414,C=CC(=O)NC1=C(C=C2C(=C1)C(=NC=N2)NC3=CC(=C(C=C3)F)Cl)OCCCN4CCOCC4,Inactive,,,,3.8,91,PTK6 Inhibition Activity,NP_005966.1
697,50100094,156414,C=CC(=O)NC1=C(C=C2C(=C1)C(=NC=N2)NC3=CC(=C(C=C3)F)Cl)OCCCN4CCOCC4,Inactive,,,,5.6,93,TNNI3K Inhibition Activity,NP_057062.1
698,50100094,156414,C=CC(=O)NC1=C(C=C2C(=C1)C(=NC=N2)NC3=CC(=C(C=C3)F)Cl)OCCCN4CCOCC4,Active,,,,1.2,94,ZAK Inhibition Activity,NP_598407.1
699,50100094,156414,C=CC(=O)NC1=C(C=C2C(=C1)C(=NC=N2)NC3=CC(=C(C=C3)F)Cl)OCCCN4CCOCC4,Active,,,,1,95,ABL1(E255K) Inhibition Activity,NP_005148.2
700,50100094,156414,C=CC(=O)NC1=C(C=C2C(=C1)C(=NC=N2)NC3=CC(=C(C=C3)F)Cl)OCCCN4CCOCC4,Active,,,,0.5,96,ABL1(H396P) Inhibition Activity,NP_005148.2
701,50100094,156414,C=CC(=O)NC1=C(C=C2C(=C1)C(=NC=N2)NC3=CC(=C(C=C3)F)Cl)OCCCN4CCOCC4,Active,,,,0.64,97,ABL1(M351T) Inhibition Activity,NP_005148.2
702,50100094,156414,C=CC(=O)NC1=C(C=C2C(=C1)C(=NC=N2)NC3=CC(=C(C=C3)F)Cl)OCCCN4CCOCC4,Active,,,,0.2,98,ABL1(Q252H) Inhibition Activity,NP_005148.2
703,50100094,156414,C=CC(=O)NC1=C(C=C2C(=C1)C(=NC=N2)NC3=CC(=C(C=C3)F)Cl)OCCCN4CCOCC4,Active,,,,0.73,99,ABL1(Y253F) Inhibition Activity,NP_005148.2
704,50100094,156414,C=CC(=O)NC1=C(C=C2C(=C1)C(=NC=N2)NC3=CC(=C(C=C3)F)Cl)OCCCN4CCOCC4,Active,,,,0.87,100,ABL2 Inhibition Activity,NP_005149.4
705,50100094,156414,C=CC(=O)NC1=C(C=C2C(=C1)C(=NC=N2)NC3=CC(=C(C=C3)F)Cl)OCCCN4CCOCC4,Inactive,,,,6.1,111,CSK Inhibition Activity,NP_004374.1
706,50100094,156414,C=CC(=O)NC1=C(C=C2C(=C1)C(=NC=N2)NC3=CC(=C(C=C3)F)Cl)OCCCN4CCOCC4,Active,,,,0.00026,118,EGFR(E746-A750del) Inhibition Activity,NP_005219.2
707,50100094,156414,C=CC(=O)NC1=C(C=C2C(=C1)C(=NC=N2)NC3=CC(=C(C=C3)F)Cl)OCCCN4CCOCC4,Active,,,,0.00024,119,EGFR(L858R) Inhibition Activity,NP_005219.2
708,50100094,156414,C=CC(=O)NC1=C(C=C2C(=C1)C(=NC=N2)NC3=CC(=C(C=C3)F)Cl)OCCCN4CCOCC4,Inactive,,,,3.6,121,EPHA4 Inhibition Activity,NP_004429.1
709,50100094,156414,C=CC(=O)NC1=C(C=C2C(=C1)C(=NC=N2)NC3=CC(=C(C=C3)F)Cl)OCCCN4CCOCC4,Active,,,,1.2,122,EPHA5 Inhibition Activity,NP_004430.4
710,50100094,156414,C=CC(=O)NC1=C(C=C2C(=C1)C(=NC=N2)NC3=CC(=C(C=C3)F)Cl)OCCCN4CCOCC4,Active,,,,2,123,EPHA8 Inhibition Activity,NP_065387.1
711,50100094,156414,C=CC(=O)NC1=C(C=C2C(=C1)C(=NC=N2)NC3=CC(=C(C=C3)F)Cl)OCCCN4CCOCC4,Active,,,,2.7,125,EPHB2 Inhibition Activity,NP_059145.2
712,50100094,156414,C=CC(=O)NC1=C(C=C2C(=C1)C(=NC=N2)NC3=CC(=C(C=C3)F)Cl)OCCCN4CCOCC4,Active,,,,0.1,129,GAK Inhibition Activity,NP_005246.2
713,50100094,156414,C=CC(=O)NC1=C(C=C2C(=C1)C(=NC=N2)NC3=CC(=C(C=C3)F)Cl)OCCCN4CCOCC4,Inactive,,,,4.2,130,HCK Inhibition Activity,NP_002101.2
714,50100094,156414,C=CC(=O)NC1=C(C=C2C(=C1)C(=NC=N2)NC3=CC(=C(C=C3)F)Cl)OCCCN4CCOCC4,Inactive,,,,5.6,131,ITK Inhibition Activity,NP_005537.3
715,50100094,156414,C=CC(=O)NC1=C(C=C2C(=C1)C(=NC=N2)NC3=CC(=C(C=C3)F)Cl)OCCCN4CCOCC4,Active,,,,0.63,133,JAK3(Kin.Dom.2/JH1 - catalytic) Inhibition Activity,NP_000206.2
716,50100094,156414,C=CC(=O)NC1=C(C=C2C(=C1)C(=NC=N2)NC3=CC(=C(C=C3)F)Cl)OCCCN4CCOCC4,Inactive,,,,5.5,135,JNK3 Inhibition Activity,NP_002744.1
717,50100094,156414,C=CC(=O)NC1=C(C=C2C(=C1)C(=NC=N2)NC3=CC(=C(C=C3)F)Cl)OCCCN4CCOCC4,Active,,,,0.3,155,RIPK2 Inhibition Activity,NP_003812.1
718,50100094,156414,C=CC(=O)NC1=C(C=C2C(=C1)C(=NC=N2)NC3=CC(=C(C=C3)F)Cl)OCCCN4CCOCC4,Active,,,,1.1,160,SRC Inhibition Activity,NP_005408.1
719,50100094,156414,C=CC(=O)NC1=C(C=C2C(=C1)C(=NC=N2)NC3=CC(=C(C=C3)F)Cl)OCCCN4CCOCC4,Inactive,,,,6.7,161,SRMS Inhibition Activity,NP_543013.1
720,50100094,156414,C=CC(=O)NC1=C(C=C2C(=C1)C(=NC=N2)NC3=CC(=C(C=C3)F)Cl)OCCCN4CCOCC4,Inactive,,,,4.5,162,STK36 Inhibition Activity,NP_056505.2
721,50100094,156414,C=CC(=O)NC1=C(C=C2C(=C1)C(=NC=N2)NC3=CC(=C(C=C3)F)Cl)OCCCN4CCOCC4,Inactive,,,,3.2,164,TESK1 Inhibition Activity,NP_006276.2
722,50100094,156414,C=CC(=O)NC1=C(C=C2C(=C1)C(=NC=N2)NC3=CC(=C(C=C3)F)Cl)OCCCN4CCOCC4,Active,,,,0.8,165,TGFBR2 Inhibition Activity,NP_003233.4
723,50100094,156414,C=CC(=O)NC1=C(C=C2C(=C1)C(=NC=N2)NC3=CC(=C(C=C3)F)Cl)OCCCN4CCOCC4,Active,,,,1.6,170,YES Inhibition Activity,NP_005424.1
724,50100094,156414,C=CC(=O)NC1=C(C=C2C(=C1)C(=NC=N2)NC3=CC(=C(C=C3)F)Cl)OCCCN4CCOCC4,Active,,,,0.00019,175,EGFR(S752-I759del) Inhibition Activity,NP_005219.2
725,50100094,156414,C=CC(=O)NC1=C(C=C2C(=C1)C(=NC=N2)NC3=CC(=C(C=C3)F)Cl)OCCCN4CCOCC4,Active,,,,0.087,176,ERBB2 Inhibition Activity,NP_001005862.1
726,50100094,156414,C=CC(=O)NC1=C(C=C2C(=C1)C(=NC=N2)NC3=CC(=C(C=C3)F)Cl)OCCCN4CCOCC4,Active,,,,0.029,177,ERBB4 Inhibition Activity,NP_001036064.1
727,50100094,156414,C=CC(=O)NC1=C(C=C2C(=C1)C(=NC=N2)NC3=CC(=C(C=C3)F)Cl)OCCCN4CCOCC4,Active,,,,1.6,178,MEK2 Inhibition Activity,NP_109587.1
728,50100094,156414,C=CC(=O)NC1=C(C=C2C(=C1)C(=NC=N2)NC3=CC(=C(C=C3)F)Cl)OCCCN4CCOCC4,Active,,,,2.5,181,EPHA1 Inhibition Activity,NP_005223.4
729,50100094,156414,C=CC(=O)NC1=C(C=C2C(=C1)C(=NC=N2)NC3=CC(=C(C=C3)F)Cl)OCCCN4CCOCC4,Active,,,,1.7,190,ERK3 Inhibition Activity,NP_002739.1
730,50100094,156414,C=CC(=O)NC1=C(C=C2C(=C1)C(=NC=N2)NC3=CC(=C(C=C3)F)Cl)OCCCN4CCOCC4,Active,,,,3,195,IRAK3 Inhibition Activity,NP_009130.2
731,50100094,156414,C=CC(=O)NC1=C(C=C2C(=C1)C(=NC=N2)NC3=CC(=C(C=C3)F)Cl)OCCCN4CCOCC4,Inactive,,,,3.8,203,BIKE Inhibition Activity,NP_060063.2
732,50100094,156414,C=CC(=O)NC1=C(C=C2C(=C1)C(=NC=N2)NC3=CC(=C(C=C3)F)Cl)OCCCN4CCOCC4,Inactive,,,,8.4,213,MAP3K4 Inhibition Activity,NP_005913.2
733,50100094,156414,C=CC(=O)NC1=C(C=C2C(=C1)C(=NC=N2)NC3=CC(=C(C=C3)F)Cl)OCCCN4CCOCC4,Active,,,,1.8,218,MEK1 Inhibition Activity,NP_002746.1
734,50100094,156414,C=CC(=O)NC1=C(C=C2C(=C1)C(=NC=N2)NC3=CC(=C(C=C3)F)Cl)OCCCN4CCOCC4,Inactive,,,,4.9,239,SNF1LK2 Inhibition Activity,NP_056006.1
735,50100094,156414,C=CC(=O)NC1=C(C=C2C(=C1)C(=NC=N2)NC3=CC(=C(C=C3)F)Cl)OCCCN4CCOCC4,Active,,,,1,244,TYRO3 Inhibition Activity,NP_006284.2
736,50100094,156414,C=CC(=O)NC1=C(C=C2C(=C1)C(=NC=N2)NC3=CC(=C(C=C3)F)Cl)OCCCN4CCOCC4,Active,,,,1.7,246,ACVR1 Inhibition Activity,NP_001096.1
737,50100094,156414,C=CC(=O)NC1=C(C=C2C(=C1)C(=NC=N2)NC3=CC(=C(C=C3)F)Cl)OCCCN4CCOCC4,Active,,,,1.5,247,ADCK3 Inhibition Activity,NP_064632.2
738,50100094,156414,C=CC(=O)NC1=C(C=C2C(=C1)C(=NC=N2)NC3=CC(=C(C=C3)F)Cl)OCCCN4CCOCC4,Inactive,,,,3.4,248,ADCK4 Inhibition Activity,NP_079152.3
739,50100094,156414,C=CC(=O)NC1=C(C=C2C(=C1)C(=NC=N2)NC3=CC(=C(C=C3)F)Cl)OCCCN4CCOCC4,Active,,,,2.6,249,BMX Inhibition Activity,NP_001712.1
740,50100094,156414,C=CC(=O)NC1=C(C=C2C(=C1)C(=NC=N2)NC3=CC(=C(C=C3)F)Cl)OCCCN4CCOCC4,Active,,,,1.6,250,BTK Inhibition Activity,NP_000052.1
741,50100094,156414,C=CC(=O)NC1=C(C=C2C(=C1)C(=NC=N2)NC3=CC(=C(C=C3)F)Cl)OCCCN4CCOCC4,Inactive,,,,6.2,251,RPS6KA1(Kin.Dom.2 - C-terminal) Inhibition Activity,NP_002944.2
742,50100094,156414,C=CC(=O)NC1=C(C=C2C(=C1)C(=NC=N2)NC3=CC(=C(C=C3)F)Cl)OCCCN4CCOCC4,Active,,,,1.5,252,TEC Inhibition Activity,NP_003206.2
743,50100094,156414,C=CC(=O)NC1=C(C=C2C(=C1)C(=NC=N2)NC3=CC(=C(C=C3)F)Cl)OCCCN4CCOCC4,Inactive,,,,9.6,253,TGFBR1 Inhibition Activity,NP_004603.1
744,50100094,156414,C=CC(=O)NC1=C(C=C2C(=C1)C(=NC=N2)NC3=CC(=C(C=C3)F)Cl)OCCCN4CCOCC4,Active,,,,0.7,254,TXK Inhibition Activity,NP_003319.2
745,50100095,9926791,C[C@@H]1CCN(C[C@@H]1N(C)C2=NC=NC3=C2C=CN3)C(=O)CC#N,Inactive,,,,4.3,53,MST2 Inhibition Activity,NP_006272.2
746,50100095,9926791,C[C@@H]1CCN(C[C@@H]1N(C)C2=NC=NC3=C2C=CN3)C(=O)CC#N,Active,,,,1.8,89,LCK Inhibition Activity,NP_005347.3
747,50100095,9926791,C[C@@H]1CCN(C[C@@H]1N(C)C2=NC=NC3=C2C=CN3)C(=O)CC#N,Inactive,,,,5,103,CAMK1 Inhibition Activity,NP_003647.1
748,50100095,9926791,C[C@@H]1CCN(C[C@@H]1N(C)C2=NC=NC3=C2C=CN3)C(=O)CC#N,Active,,,,0.005,132,JAK2(Kin.Dom.2/JH1 - catalytic) Inhibition Activity,NP_004963.1
749,50100095,9926791,C[C@@H]1CCN(C[C@@H]1N(C)C2=NC=NC3=C2C=CN3)C(=O)CC#N,Active,,,,0.0022,133,JAK3(Kin.Dom.2/JH1 - catalytic) Inhibition Activity,NP_000206.2
750,50100095,9926791,C[C@@H]1CCN(C[C@@H]1N(C)C2=NC=NC3=C2C=CN3)C(=O)CC#N,Active,,,,1.4,157,RPS6KA2(Kin.Dom.2 - C-terminal) Inhibition Activity,NP_001006933.2
751,50100095,9926791,C[C@@H]1CCN(C[C@@H]1N(C)C2=NC=NC3=C2C=CN3)C(=O)CC#N,Active,,,,1.2,158,RPS6KA6(Kin.Dom.2 - C-terminal) Inhibition Activity,NP_055311.1
752,50100095,9926791,C[C@@H]1CCN(C[C@@H]1N(C)C2=NC=NC3=C2C=CN3)C(=O)CC#N,Active,,,,0.64,167,TNK1 Inhibition Activity,AAH35782.1
753,50100095,9926791,C[C@@H]1CCN(C[C@@H]1N(C)C2=NC=NC3=C2C=CN3)C(=O)CC#N,Active,,,,0.62,169,TYK2(Kin.Dom.2/JH1 - catalytic) Inhibition Activity,CAA38449.1
754,50100095,9926791,C[C@@H]1CCN(C[C@@H]1N(C)C2=NC=NC3=C2C=CN3)C(=O)CC#N,Active,,,,0.0045,187,DCAMKL3 Inhibition Activity,NP_208382.1
755,50100095,9926791,C[C@@H]1CCN(C[C@@H]1N(C)C2=NC=NC3=C2C=CN3)C(=O)CC#N,Active,,,,0.42,199,SNARK Inhibition Activity,NP_112214.2
756,50100095,9926791,C[C@@H]1CCN(C[C@@H]1N(C)C2=NC=NC3=C2C=CN3)C(=O)CC#N,Active,,,,0.2,231,PKN1 Inhibition Activity,NP_998725.1
757,50100096,9874913,CC1=NC=C(C=C1)OC2=C(C=C(C=C2)NC3=NC=NC4=C3C=C(C=C4)/C=C/CNC(=O)COC)C,Active,,,,1.1,10,CDK11 Inhibition Activity,NP_055891.1
758,50100096,9874913,CC1=NC=C(C=C1)OC2=C(C=C(C=C2)NC3=NC=NC4=C3C=C(C=C4)/C=C/CNC(=O)COC)C,Active,,,,2.3,12,CDK8 Inhibition Activity,NP_001251.1
759,50100096,9874913,CC1=NC=C(C=C1)OC2=C(C=C(C=C2)NC3=NC=NC4=C3C=C(C=C4)/C=C/CNC(=O)COC)C,Active,,,,0.01,19,EGFR(G719C) Inhibition Activity,NP_005219.2
760,50100096,9874913,CC1=NC=C(C=C1)OC2=C(C=C(C=C2)NC3=NC=NC4=C3C=C(C=C4)/C=C/CNC(=O)COC)C,Active,,,,0.84,51,MKNK2 Inhibition Activity,AAF17226.1
761,50100096,9874913,CC1=NC=C(C=C1)OC2=C(C=C(C=C2)NC3=NC=NC4=C3C=C(C=C4)/C=C/CNC(=O)COC)C,Active,,,,0.042,78,EGFR Inhibition Activity,NP_005219.2
762,50100096,9874913,CC1=NC=C(C=C1)OC2=C(C=C(C=C2)NC3=NC=NC4=C3C=C(C=C4)/C=C/CNC(=O)COC)C,Active,,,,0.017,79,EGFR(G719S) Inhibition Activity,NP_005219.2
763,50100096,9874913,CC1=NC=C(C=C1)OC2=C(C=C(C=C2)NC3=NC=NC4=C3C=C(C=C4)/C=C/CNC(=O)COC)C,Active,,,,0.72,80,EGFR(L747-E749del  A750P) Inhibition Activity,NP_005219.2
764,50100096,9874913,CC1=NC=C(C=C1)OC2=C(C=C(C=C2)NC3=NC=NC4=C3C=C(C=C4)/C=C/CNC(=O)COC)C,Active,,,,1.8,81,EGFR(L747-S752del  P753S) Inhibition Activity,NP_005219.2
765,50100096,9874913,CC1=NC=C(C=C1)OC2=C(C=C(C=C2)NC3=NC=NC4=C3C=C(C=C4)/C=C/CNC(=O)COC)C,Active,,,,0.56,82,EGFR(L747-T751del Sins) Inhibition Activity,NP_005219.2
766,50100096,9874913,CC1=NC=C(C=C1)OC2=C(C=C(C=C2)NC3=NC=NC4=C3C=C(C=C4)/C=C/CNC(=O)COC)C,Active,,,,0.036,83,EGFR(L861Q) Inhibition Activity,NP_005219.2
767,50100096,9874913,CC1=NC=C(C=C1)OC2=C(C=C(C=C2)NC3=NC=NC4=C3C=C(C=C4)/C=C/CNC(=O)COC)C,Active,,,,2,118,EGFR(E746-A750del) Inhibition Activity,NP_005219.2
768,50100096,9874913,CC1=NC=C(C=C1)OC2=C(C=C(C=C2)NC3=NC=NC4=C3C=C(C=C4)/C=C/CNC(=O)COC)C,Active,,,,0.11,119,EGFR(L858R) Inhibition Activity,NP_005219.2
769,50100096,9874913,CC1=NC=C(C=C1)OC2=C(C=C(C=C2)NC3=NC=NC4=C3C=C(C=C4)/C=C/CNC(=O)COC)C,Active,,,,1,175,EGFR(S752-I759del) Inhibition Activity,NP_005219.2
770,50100096,9874913,CC1=NC=C(C=C1)OC2=C(C=C(C=C2)NC3=NC=NC4=C3C=C(C=C4)/C=C/CNC(=O)COC)C,Active,,,,0.043,176,ERBB2 Inhibition Activity,NP_001005862.1
771,50100096,9874913,CC1=NC=C(C=C1)OC2=C(C=C(C=C2)NC3=NC=NC4=C3C=C(C=C4)/C=C/CNC(=O)COC)C,Active,,,,0.26,177,ERBB4 Inhibition Activity,NP_001036064.1
772,50100097,3062316,CC1=C(C(=CC=C1)Cl)NC(=O)C2=CN=C(S2)NC3=CC(=NC(=N3)C)N4CCN(CC4)CCO,Active,,,,0.59,1,ABL1(T315I) Inhibition Activity,NP_005148.2
773,50100097,3062316,CC1=C(C(=CC=C1)Cl)NC(=O)C2=CN=C(S2)NC3=CC(=NC(=N3)C)N4CCN(CC4)CCO,Active,,,,0.00058,16,CSF1R Inhibition Activity,NP_005202.2
774,50100097,3062316,CC1=C(C(=CC=C1)Cl)NC(=O)C2=CN=C(S2)NC3=CC(=NC(=N3)C)N4CCN(CC4)CCO,Active,,,,0.00069,17,DDR1 Inhibition Activity,NP_001945.3
775,50100097,3062316,CC1=C(C(=CC=C1)Cl)NC(=O)C2=CN=C(S2)NC3=CC(=NC(=N3)C)N4CCN(CC4)CCO,Active,,,,0.0032,18,DDR2 Inhibition Activity,CAA52777.1
776,50100097,3062316,CC1=C(C(=CC=C1)Cl)NC(=O)C2=CN=C(S2)NC3=CC(=NC(=N3)C)N4CCN(CC4)CCO,Active,,,,0.17,19,EGFR(G719C) Inhibition Activity,NP_005219.2
777,50100097,3062316,CC1=C(C(=CC=C1)Cl)NC(=O)C2=CN=C(S2)NC3=CC(=NC(=N3)C)N4CCN(CC4)CCO,Active,,,,9.3e-05,20,EPHA3 Inhibition Activity,NP_005224.2
778,50100097,3062316,CC1=C(C(=CC=C1)Cl)NC(=O)C2=CN=C(S2)NC3=CC(=NC(=N3)C)N4CCN(CC4)CCO,Active,,,,0.0069,23,EPHB3 Inhibition Activity,NP_004434.2
779,50100097,3062316,CC1=C(C(=CC=C1)Cl)NC(=O)C2=CN=C(S2)NC3=CC(=NC(=N3)C)N4CCN(CC4)CCO,Active,,,,0.00034,24,EPHB4 Inhibition Activity,NP_004435.3
780,50100097,3062316,CC1=C(C(=CC=C1)Cl)NC(=O)C2=CN=C(S2)NC3=CC(=NC(=N3)C)N4CCN(CC4)CCO,Inactive,,,,5,26,FLT1 Inhibition Activity,NP_002010.2
781,50100097,3062316,CC1=C(C(=CC=C1)Cl)NC(=O)C2=CN=C(S2)NC3=CC(=NC(=N3)C)N4CCN(CC4)CCO,Inactive,,,,8.1,28,FLT3(D835H) Inhibition Activity,NP_004110.2
782,50100097,3062316,CC1=C(C(=CC=C1)Cl)NC(=O)C2=CN=C(S2)NC3=CC(=NC(=N3)C)N4CCN(CC4)CCO,Active,,,,0.00031,33,FRK Inhibition Activity,NP_002022.1
783,50100097,3062316,CC1=C(C(=CC=C1)Cl)NC(=O)C2=CN=C(S2)NC3=CC(=NC(=N3)C)N4CCN(CC4)CCO,Active,,,,0.00062,36,KIT Inhibition Activity,NP_000213.1
784,50100097,3062316,CC1=C(C(=CC=C1)Cl)NC(=O)C2=CN=C(S2)NC3=CC(=NC(=N3)C)N4CCN(CC4)CCO,Active,,,,0.0026,37,KIT(D816V) Inhibition Activity,NP_000213.1
785,50100097,3062316,CC1=C(C(=CC=C1)Cl)NC(=O)C2=CN=C(S2)NC3=CC(=NC(=N3)C)N4CCN(CC4)CCO,Active,,,,0.0027,39,KIT(V559D V654A) Inhibition Activity,NP_000213.1
786,50100097,3062316,CC1=C(C(=CC=C1)Cl)NC(=O)C2=CN=C(S2)NC3=CC(=NC(=N3)C)N4CCN(CC4)CCO,Active,,,,0.00068,40,KIT(V559D) Inhibition Activity,NP_000213.1
787,50100097,3062316,CC1=C(C(=CC=C1)Cl)NC(=O)C2=CN=C(S2)NC3=CC(=NC(=N3)C)N4CCN(CC4)CCO,Active,,,,0.086,42,LIMK2 Inhibition Activity,NP_005560.1
788,50100097,3062316,CC1=C(C(=CC=C1)Cl)NC(=O)C2=CN=C(S2)NC3=CC(=NC(=N3)C)N4CCN(CC4)CCO,Active,,,,1.2,43,LOK Inhibition Activity,BAA35073.1
789,50100097,3062316,CC1=C(C(=CC=C1)Cl)NC(=O)C2=CN=C(S2)NC3=CC(=NC(=N3)C)N4CCN(CC4)CCO,Active,,,,0.98,45,MAP4K1 Inhibition Activity,NP_001036065.1
790,50100097,3062316,CC1=C(C(=CC=C1)Cl)NC(=O)C2=CN=C(S2)NC3=CC(=NC(=N3)C)N4CCN(CC4)CCO,Active,,,,0.64,46,MAP4K3 Inhibition Activity,NP_003609.2
791,50100097,3062316,CC1=C(C(=CC=C1)Cl)NC(=O)C2=CN=C(S2)NC3=CC(=NC(=N3)C)N4CCN(CC4)CCO,Active,,,,0.045,47,MAP4K5 Inhibition Activity,NP_006566.2
792,50100097,3062316,CC1=C(C(=CC=C1)Cl)NC(=O)C2=CN=C(S2)NC3=CC(=NC(=N3)C)N4CCN(CC4)CCO,Active,,,,0.00047,55,PDGFRA Inhibition Activity,NP_006197.1
793,50100097,3062316,CC1=C(C(=CC=C1)Cl)NC(=O)C2=CN=C(S2)NC3=CC(=NC(=N3)C)N4CCN(CC4)CCO,Active,,,,0.00063,56,PDGFRB Inhibition Activity,NP_002600.1
794,50100097,3062316,CC1=C(C(=CC=C1)Cl)NC(=O)C2=CN=C(S2)NC3=CC(=NC(=N3)C)N4CCN(CC4)CCO,Active,,,,0.73,59,RET Inhibition Activity,NP_065681.1
795,50100097,3062316,CC1=C(C(=CC=C1)Cl)NC(=O)C2=CN=C(S2)NC3=CC(=NC(=N3)C)N4CCN(CC4)CCO,Active,,,,0.39,60,RET(M918T) Inhibition Activity,NP_065681.1
796,50100097,3062316,CC1=C(C(=CC=C1)Cl)NC(=O)C2=CN=C(S2)NC3=CC(=NC(=N3)C)N4CCN(CC4)CCO,Active,,,,0.72,64,SLK Inhibition Activity,NP_055535.2
797,50100097,3062316,CC1=C(C(=CC=C1)Cl)NC(=O)C2=CN=C(S2)NC3=CC(=NC(=N3)C)N4CCN(CC4)CCO,Active,,,,0.00053,73,ABL1 Inhibition Activity,NP_005148.2
798,50100097,3062316,CC1=C(C(=CC=C1)Cl)NC(=O)C2=CN=C(S2)NC3=CC(=NC(=N3)C)N4CCN(CC4)CCO,Active,,,,0.00021,74,BLK Inhibition Activity,NP_001706.2
799,50100097,3062316,CC1=C(C(=CC=C1)Cl)NC(=O)C2=CN=C(S2)NC3=CC(=NC(=N3)C)N4CCN(CC4)CCO,Active,,,,0.5,75,BRAF Inhibition Activity,NP_004324.2
800,50100097,3062316,CC1=C(C(=CC=C1)Cl)NC(=O)C2=CN=C(S2)NC3=CC(=NC(=N3)C)N4CCN(CC4)CCO,Active,,,,0.57,76,BRAF(V600E) Inhibition Activity,NP_004324.2
801,50100097,3062316,CC1=C(C(=CC=C1)Cl)NC(=O)C2=CN=C(S2)NC3=CC(=NC(=N3)C)N4CCN(CC4)CCO,Active,,,,0.12,78,EGFR Inhibition Activity,NP_005219.2
802,50100097,3062316,CC1=C(C(=CC=C1)Cl)NC(=O)C2=CN=C(S2)NC3=CC(=NC(=N3)C)N4CCN(CC4)CCO,Active,,,,0.079,79,EGFR(G719S) Inhibition Activity,NP_005219.2
803,50100097,3062316,CC1=C(C(=CC=C1)Cl)NC(=O)C2=CN=C(S2)NC3=CC(=NC(=N3)C)N4CCN(CC4)CCO,Active,,,,0.11,80,EGFR(L747-E749del  A750P) Inhibition Activity,NP_005219.2
804,50100097,3062316,CC1=C(C(=CC=C1)Cl)NC(=O)C2=CN=C(S2)NC3=CC(=NC(=N3)C)N4CCN(CC4)CCO,Active,,,,0.32,81,EGFR(L747-S752del  P753S) Inhibition Activity,NP_005219.2
805,50100097,3062316,CC1=C(C(=CC=C1)Cl)NC(=O)C2=CN=C(S2)NC3=CC(=NC(=N3)C)N4CCN(CC4)CCO,Active,,,,0.16,82,EGFR(L747-T751del Sins) Inhibition Activity,NP_005219.2
806,50100097,3062316,CC1=C(C(=CC=C1)Cl)NC(=O)C2=CN=C(S2)NC3=CC(=NC(=N3)C)N4CCN(CC4)CCO,Active,,,,0.11,83,EGFR(L861Q) Inhibition Activity,NP_005219.2
807,50100097,3062316,CC1=C(C(=CC=C1)Cl)NC(=O)C2=CN=C(S2)NC3=CC(=NC(=N3)C)N4CCN(CC4)CCO,Inactive,,,,3.7,84,FGFR1 Inhibition Activity,NP_075593.1
808,50100097,3062316,CC1=C(C(=CC=C1)Cl)NC(=O)C2=CN=C(S2)NC3=CC(=NC(=N3)C)N4CCN(CC4)CCO,Active,,,,0.0005,86,FGR Inhibition Activity,NP_005239.1
809,50100097,3062316,CC1=C(C(=CC=C1)Cl)NC(=O)C2=CN=C(S2)NC3=CC(=NC(=N3)C)N4CCN(CC4)CCO,Active,,,,0.00079,87,FYN Inhibition Activity,NP_694592.1
810,50100097,3062316,CC1=C(C(=CC=C1)Cl)NC(=O)C2=CN=C(S2)NC3=CC(=NC(=N3)C)N4CCN(CC4)CCO,Active,,,,1.6,88,GCN2(Kin.Dom.2 S808G) Inhibition Activity,NP_001013725.2
811,50100097,3062316,CC1=C(C(=CC=C1)Cl)NC(=O)C2=CN=C(S2)NC3=CC(=NC(=N3)C)N4CCN(CC4)CCO,Active,,,,0.0002,89,LCK Inhibition Activity,NP_005347.3
812,50100097,3062316,CC1=C(C(=CC=C1)Cl)NC(=O)C2=CN=C(S2)NC3=CC(=NC(=N3)C)N4CCN(CC4)CCO,Active,,,,0.00057,90,LYN Inhibition Activity,NP_002341.1
813,50100097,3062316,CC1=C(C(=CC=C1)Cl)NC(=O)C2=CN=C(S2)NC3=CC(=NC(=N3)C)N4CCN(CC4)CCO,Active,,,,0.0078,91,PTK6 Inhibition Activity,NP_005966.1
814,50100097,3062316,CC1=C(C(=CC=C1)Cl)NC(=O)C2=CN=C(S2)NC3=CC(=NC(=N3)C)N4CCN(CC4)CCO,Active,,,,0.57,92,RAF1 Inhibition Activity,NP_002871.1
815,50100097,3062316,CC1=C(C(=CC=C1)Cl)NC(=O)C2=CN=C(S2)NC3=CC(=NC(=N3)C)N4CCN(CC4)CCO,Active,,,,0.011,93,TNNI3K Inhibition Activity,NP_057062.1
816,50100097,3062316,CC1=C(C(=CC=C1)Cl)NC(=O)C2=CN=C(S2)NC3=CC(=NC(=N3)C)N4CCN(CC4)CCO,Active,,,,0.045,94,ZAK Inhibition Activity,NP_598407.1
817,50100097,3062316,CC1=C(C(=CC=C1)Cl)NC(=O)C2=CN=C(S2)NC3=CC(=NC(=N3)C)N4CCN(CC4)CCO,Active,,,,0.0021,95,ABL1(E255K) Inhibition Activity,NP_005148.2
818,50100097,3062316,CC1=C(C(=CC=C1)Cl)NC(=O)C2=CN=C(S2)NC3=CC(=NC(=N3)C)N4CCN(CC4)CCO,Active,,,,0.0012,96,ABL1(H396P) Inhibition Activity,NP_005148.2
819,50100097,3062316,CC1=C(C(=CC=C1)Cl)NC(=O)C2=CN=C(S2)NC3=CC(=NC(=N3)C)N4CCN(CC4)CCO,Active,,,,0.00072,97,ABL1(M351T) Inhibition Activity,NP_005148.2
820,50100097,3062316,CC1=C(C(=CC=C1)Cl)NC(=O)C2=CN=C(S2)NC3=CC(=NC(=N3)C)N4CCN(CC4)CCO,Active,,,,0.0011,98,ABL1(Q252H) Inhibition Activity,NP_005148.2
821,50100097,3062316,CC1=C(C(=CC=C1)Cl)NC(=O)C2=CN=C(S2)NC3=CC(=NC(=N3)C)N4CCN(CC4)CCO,Active,,,,0.00096,99,ABL1(Y253F) Inhibition Activity,NP_005148.2
822,50100097,3062316,CC1=C(C(=CC=C1)Cl)NC(=O)C2=CN=C(S2)NC3=CC(=NC(=N3)C)N4CCN(CC4)CCO,Active,,,,0.00017,100,ABL2 Inhibition Activity,NP_005149.4
823,50100097,3062316,CC1=C(C(=CC=C1)Cl)NC(=O)C2=CN=C(S2)NC3=CC(=NC(=N3)C)N4CCN(CC4)CCO,Active,,,,0.001,111,CSK Inhibition Activity,NP_004374.1
824,50100097,3062316,CC1=C(C(=CC=C1)Cl)NC(=O)C2=CN=C(S2)NC3=CC(=NC(=N3)C)N4CCN(CC4)CCO,Active,,,,1.5,113,CSNK1E Inhibition Activity,NP_001885.1
825,50100097,3062316,CC1=C(C(=CC=C1)Cl)NC(=O)C2=CN=C(S2)NC3=CC(=NC(=N3)C)N4CCN(CC4)CCO,Active,,,,0.13,118,EGFR(E746-A750del) Inhibition Activity,NP_005219.2
826,50100097,3062316,CC1=C(C(=CC=C1)Cl)NC(=O)C2=CN=C(S2)NC3=CC(=NC(=N3)C)N4CCN(CC4)CCO,Active,,,,0.12,119,EGFR(L858R) Inhibition Activity,NP_005219.2
827,50100097,3062316,CC1=C(C(=CC=C1)Cl)NC(=O)C2=CN=C(S2)NC3=CC(=NC(=N3)C)N4CCN(CC4)CCO,Active,,,,0.00085,120,EPHA2 Inhibition Activity,NP_004422.2
828,50100097,3062316,CC1=C(C(=CC=C1)Cl)NC(=O)C2=CN=C(S2)NC3=CC(=NC(=N3)C)N4CCN(CC4)CCO,Active,,,,0.0012,121,EPHA4 Inhibition Activity,NP_004429.1
829,50100097,3062316,CC1=C(C(=CC=C1)Cl)NC(=O)C2=CN=C(S2)NC3=CC(=NC(=N3)C)N4CCN(CC4)CCO,Active,,,,0.00024,122,EPHA5 Inhibition Activity,NP_004430.4
830,50100097,3062316,CC1=C(C(=CC=C1)Cl)NC(=O)C2=CN=C(S2)NC3=CC(=NC(=N3)C)N4CCN(CC4)CCO,Active,,,,0.00024,123,EPHA8 Inhibition Activity,NP_065387.1
831,50100097,3062316,CC1=C(C(=CC=C1)Cl)NC(=O)C2=CN=C(S2)NC3=CC(=NC(=N3)C)N4CCN(CC4)CCO,Active,,,,0.00045,124,EPHB1 Inhibition Activity,NP_004432.1
832,50100097,3062316,CC1=C(C(=CC=C1)Cl)NC(=O)C2=CN=C(S2)NC3=CC(=NC(=N3)C)N4CCN(CC4)CCO,Active,,,,0.00039,125,EPHB2 Inhibition Activity,NP_059145.2
833,50100097,3062316,CC1=C(C(=CC=C1)Cl)NC(=O)C2=CN=C(S2)NC3=CC(=NC(=N3)C)N4CCN(CC4)CCO,Active,,,,1.4,128,FGFR2 Inhibition Activity,NP_075259.4
834,50100097,3062316,CC1=C(C(=CC=C1)Cl)NC(=O)C2=CN=C(S2)NC3=CC(=NC(=N3)C)N4CCN(CC4)CCO,Active,,,,0.0026,129,GAK Inhibition Activity,NP_005246.2
835,50100097,3062316,CC1=C(C(=CC=C1)Cl)NC(=O)C2=CN=C(S2)NC3=CC(=NC(=N3)C)N4CCN(CC4)CCO,Active,,,,0.00035,130,HCK Inhibition Activity,NP_002101.2
836,50100097,3062316,CC1=C(C(=CC=C1)Cl)NC(=O)C2=CN=C(S2)NC3=CC(=NC(=N3)C)N4CCN(CC4)CCO,Active,,,,1,132,JAK2(Kin.Dom.2/JH1 - catalytic) Inhibition Activity,NP_004963.1
837,50100097,3062316,CC1=C(C(=CC=C1)Cl)NC(=O)C2=CN=C(S2)NC3=CC(=NC(=N3)C)N4CCN(CC4)CCO,Inactive,,,,3.1,137,MAP4K4 Inhibition Activity,NP_663719.2
838,50100097,3062316,CC1=C(C(=CC=C1)Cl)NC(=O)C2=CN=C(S2)NC3=CC(=NC(=N3)C)N4CCN(CC4)CCO,Active,,,,0.26,143,NLK Inhibition Activity,NP_057315.3
839,50100097,3062316,CC1=C(C(=CC=C1)Cl)NC(=O)C2=CN=C(S2)NC3=CC(=NC(=N3)C)N4CCN(CC4)CCO,Active,,,,0.031,155,RIPK2 Inhibition Activity,NP_003812.1
840,50100097,3062316,CC1=C(C(=CC=C1)Cl)NC(=O)C2=CN=C(S2)NC3=CC(=NC(=N3)C)N4CCN(CC4)CCO,Active,,,,0.0039,159,SNF1LK Inhibition Activity,NP_775490.2
841,50100097,3062316,CC1=C(C(=CC=C1)Cl)NC(=O)C2=CN=C(S2)NC3=CC(=NC(=N3)C)N4CCN(CC4)CCO,Active,,,,0.00021,160,SRC Inhibition Activity,NP_005408.1
842,50100097,3062316,CC1=C(C(=CC=C1)Cl)NC(=O)C2=CN=C(S2)NC3=CC(=NC(=N3)C)N4CCN(CC4)CCO,Active,,,,0.013,161,SRMS Inhibition Activity,NP_543013.1
843,50100097,3062316,CC1=C(C(=CC=C1)Cl)NC(=O)C2=CN=C(S2)NC3=CC(=NC(=N3)C)N4CCN(CC4)CCO,Active,,,,0.21,162,STK36 Inhibition Activity,NP_056505.2
844,50100097,3062316,CC1=C(C(=CC=C1)Cl)NC(=O)C2=CN=C(S2)NC3=CC(=NC(=N3)C)N4CCN(CC4)CCO,Active,,,,2.9,163,SYK Inhibition Activity,NP_003168.2
845,50100097,3062316,CC1=C(C(=CC=C1)Cl)NC(=O)C2=CN=C(S2)NC3=CC(=NC(=N3)C)N4CCN(CC4)CCO,Active,,,,0.033,164,TESK1 Inhibition Activity,NP_006276.2
846,50100097,3062316,CC1=C(C(=CC=C1)Cl)NC(=O)C2=CN=C(S2)NC3=CC(=NC(=N3)C)N4CCN(CC4)CCO,Active,,,,2.9,165,TGFBR2 Inhibition Activity,NP_003233.4
847,50100097,3062316,CC1=C(C(=CC=C1)Cl)NC(=O)C2=CN=C(S2)NC3=CC(=NC(=N3)C)N4CCN(CC4)CCO,Active,,,,2,166,TNIK Inhibition Activity,NP_055843.1
848,50100097,3062316,CC1=C(C(=CC=C1)Cl)NC(=O)C2=CN=C(S2)NC3=CC(=NC(=N3)C)N4CCN(CC4)CCO,Active,,,,0.0003,170,YES Inhibition Activity,NP_005424.1
849,50100097,3062316,CC1=C(C(=CC=C1)Cl)NC(=O)C2=CN=C(S2)NC3=CC(=NC(=N3)C)N4CCN(CC4)CCO,Active,,,,0.027,172,p38-alpha Inhibition Activity,NP_620581.1
850,50100097,3062316,CC1=C(C(=CC=C1)Cl)NC(=O)C2=CN=C(S2)NC3=CC(=NC(=N3)C)N4CCN(CC4)CCO,Active,,,,0.41,173,p38-beta Inhibition Activity,NP_002742.3
851,50100097,3062316,CC1=C(C(=CC=C1)Cl)NC(=O)C2=CN=C(S2)NC3=CC(=NC(=N3)C)N4CCN(CC4)CCO,Active,,,,0.33,175,EGFR(S752-I759del) Inhibition Activity,NP_005219.2
852,50100097,3062316,CC1=C(C(=CC=C1)Cl)NC(=O)C2=CN=C(S2)NC3=CC(=NC(=N3)C)N4CCN(CC4)CCO,Active,,,,1.4,176,ERBB2 Inhibition Activity,NP_001005862.1
853,50100097,3062316,CC1=C(C(=CC=C1)Cl)NC(=O)C2=CN=C(S2)NC3=CC(=NC(=N3)C)N4CCN(CC4)CCO,Active,,,,0.055,177,ERBB4 Inhibition Activity,NP_001036064.1
854,50100097,3062316,CC1=C(C(=CC=C1)Cl)NC(=O)C2=CN=C(S2)NC3=CC(=NC(=N3)C)N4CCN(CC4)CCO,Active,,,,1.4,178,MEK2 Inhibition Activity,NP_109587.1
855,50100097,3062316,CC1=C(C(=CC=C1)Cl)NC(=O)C2=CN=C(S2)NC3=CC(=NC(=N3)C)N4CCN(CC4)CCO,Active,,,,1.2,180,DMPK2 Inhibition Activity,NP_059995.2
856,50100097,3062316,CC1=C(C(=CC=C1)Cl)NC(=O)C2=CN=C(S2)NC3=CC(=NC(=N3)C)N4CCN(CC4)CCO,Active,,,,0.0041,181,EPHA1 Inhibition Activity,NP_005223.4
857,50100097,3062316,CC1=C(C(=CC=C1)Cl)NC(=O)C2=CN=C(S2)NC3=CC(=NC(=N3)C)N4CCN(CC4)CCO,Active,,,,2,182,MRCKA Inhibition Activity,NP_003598.2
858,50100097,3062316,CC1=C(C(=CC=C1)Cl)NC(=O)C2=CN=C(S2)NC3=CC(=NC(=N3)C)N4CCN(CC4)CCO,Active,,,,2.1,183,MRCKB Inhibition Activity,NP_006026.3
859,50100097,3062316,CC1=C(C(=CC=C1)Cl)NC(=O)C2=CN=C(S2)NC3=CC(=NC(=N3)C)N4CCN(CC4)CCO,Active,,,,0.31,213,MAP3K4 Inhibition Activity,NP_005913.2
860,50100097,3062316,CC1=C(C(=CC=C1)Cl)NC(=O)C2=CN=C(S2)NC3=CC(=NC(=N3)C)N4CCN(CC4)CCO,Active,,,,1,218,MEK1 Inhibition Activity,NP_002746.1
861,50100097,3062316,CC1=C(C(=CC=C1)Cl)NC(=O)C2=CN=C(S2)NC3=CC(=NC(=N3)C)N4CCN(CC4)CCO,Active,,,,1.9,222,MST4 Inhibition Activity,NP_057626.2
862,50100097,3062316,CC1=C(C(=CC=C1)Cl)NC(=O)C2=CN=C(S2)NC3=CC(=NC(=N3)C)N4CCN(CC4)CCO,Active,,,,0.0064,239,SNF1LK2 Inhibition Activity,NP_056006.1
863,50100097,3062316,CC1=C(C(=CC=C1)Cl)NC(=O)C2=CN=C(S2)NC3=CC(=NC(=N3)C)N4CCN(CC4)CCO,Inactive,,,,7,245,WEE1 Inhibition Activity,NP_003381.1
864,50100097,3062316,CC1=C(C(=CC=C1)Cl)NC(=O)C2=CN=C(S2)NC3=CC(=NC(=N3)C)N4CCN(CC4)CCO,Active,,,,0.62,246,ACVR1 Inhibition Activity,NP_001096.1
865,50100097,3062316,CC1=C(C(=CC=C1)Cl)NC(=O)C2=CN=C(S2)NC3=CC(=NC(=N3)C)N4CCN(CC4)CCO,Active,,,,0.19,247,ADCK3 Inhibition Activity,NP_064632.2
866,50100097,3062316,CC1=C(C(=CC=C1)Cl)NC(=O)C2=CN=C(S2)NC3=CC(=NC(=N3)C)N4CCN(CC4)CCO,Active,,,,0.0014,249,BMX Inhibition Activity,NP_001712.1
867,50100097,3062316,CC1=C(C(=CC=C1)Cl)NC(=O)C2=CN=C(S2)NC3=CC(=NC(=N3)C)N4CCN(CC4)CCO,Active,,,,0.0014,250,BTK Inhibition Activity,NP_000052.1
868,50100097,3062316,CC1=C(C(=CC=C1)Cl)NC(=O)C2=CN=C(S2)NC3=CC(=NC(=N3)C)N4CCN(CC4)CCO,Active,,,,0.013,252,TEC Inhibition Activity,NP_003206.2
869,50100097,3062316,CC1=C(C(=CC=C1)Cl)NC(=O)C2=CN=C(S2)NC3=CC(=NC(=N3)C)N4CCN(CC4)CCO,Active,,,,0.23,253,TGFBR1 Inhibition Activity,NP_004603.1
870,50100097,3062316,CC1=C(C(=CC=C1)Cl)NC(=O)C2=CN=C(S2)NC3=CC(=NC(=N3)C)N4CCN(CC4)CCO,Active,,,,0.0021,254,TXK Inhibition Activity,NP_003319.2
871,50100097,3062316,CC1=C(C(=CC=C1)Cl)NC(=O)C2=CN=C(S2)NC3=CC(=NC(=N3)C)N4CCN(CC4)CCO,Active,,,,0.33,255,ACVR1B Inhibition Activity,NP_004293.1
872,50100097,3062316,CC1=C(C(=CC=C1)Cl)NC(=O)C2=CN=C(S2)NC3=CC(=NC(=N3)C)N4CCN(CC4)CCO,Active,,,,0.21,256,ACVR2A Inhibition Activity,NP_001607.1
873,50100097,3062316,CC1=C(C(=CC=C1)Cl)NC(=O)C2=CN=C(S2)NC3=CC(=NC(=N3)C)N4CCN(CC4)CCO,Active,,,,0.57,257,ACVR2B Inhibition Activity,NP_001097.2
874,50100097,3062316,CC1=C(C(=CC=C1)Cl)NC(=O)C2=CN=C(S2)NC3=CC(=NC(=N3)C)N4CCN(CC4)CCO,Active,,,,0.46,258,ACVRL1 Inhibition Activity,NP_000011.2
875,50100097,3062316,CC1=C(C(=CC=C1)Cl)NC(=O)C2=CN=C(S2)NC3=CC(=NC(=N3)C)N4CCN(CC4)CCO,Active,,,,1.3,259,DMPK Inhibition Activity,NP_004400.4
876,50100097,3062316,CC1=C(C(=CC=C1)Cl)NC(=O)C2=CN=C(S2)NC3=CC(=NC(=N3)C)N4CCN(CC4)CCO,Active,,,,0.57,260,LIMK1 Inhibition Activity,NP_002305.1
877,50100097,3062316,CC1=C(C(=CC=C1)Cl)NC(=O)C2=CN=C(S2)NC3=CC(=NC(=N3)C)N4CCN(CC4)CCO,Active,,,,0.13,261,PKMYT1 Inhibition Activity,NP_872629.1
878,50100097,3062316,CC1=C(C(=CC=C1)Cl)NC(=O)C2=CN=C(S2)NC3=CC(=NC(=N3)C)N4CCN(CC4)CCO,Active,,,,0.0056,262,TNK2 Inhibition Activity,NP_001010938.1
879,50100098,6445562,CCOC1=C(C=C2C(=C1)N=CC(=C2NC3=CC(=C(C=C3)F)Cl)C#N)NC(=O)/C=C/CN(C)C,Active,,,,0.86,1,ABL1(T315I) Inhibition Activity,NP_005148.2
880,50100098,6445562,CCOC1=C(C=C2C(=C1)N=CC(=C2NC3=CC(=C(C=C3)F)Cl)C#N)NC(=O)/C=C/CN(C)C,Inactive,,,,7.1,2,ALK Inhibition Activity,NP_004295.2
881,50100098,6445562,CCOC1=C(C=C2C(=C1)N=CC(=C2NC3=CC(=C(C=C3)F)Cl)C#N)NC(=O)/C=C/CN(C)C,Active,,,,0.92,6,AXL Inhibition Activity,NP_001690.2
882,50100098,6445562,CCOC1=C(C=C2C(=C1)N=CC(=C2NC3=CC(=C(C=C3)F)Cl)C#N)NC(=O)/C=C/CN(C)C,Inactive,,,,3.3,14,CLK1 Inhibition Activity,AAA61480.1
883,50100098,6445562,CCOC1=C(C=C2C(=C1)N=CC(=C2NC3=CC(=C(C=C3)F)Cl)C#N)NC(=O)/C=C/CN(C)C,Inactive,,,,3.9,15,CLK4 Inhibition Activity,NP_065717.1
884,50100098,6445562,CCOC1=C(C=C2C(=C1)N=CC(=C2NC3=CC(=C(C=C3)F)Cl)C#N)NC(=O)/C=C/CN(C)C,Inactive,,,,4.3,16,CSF1R Inhibition Activity,NP_005202.2
885,50100098,6445562,CCOC1=C(C=C2C(=C1)N=CC(=C2NC3=CC(=C(C=C3)F)Cl)C#N)NC(=O)/C=C/CN(C)C,Active,,,,0.00024,19,EGFR(G719C) Inhibition Activity,NP_005219.2
886,50100098,6445562,CCOC1=C(C=C2C(=C1)N=CC(=C2NC3=CC(=C(C=C3)F)Cl)C#N)NC(=O)/C=C/CN(C)C,Inactive,,,,4,20,EPHA3 Inhibition Activity,NP_005224.2
887,50100098,6445562,CCOC1=C(C=C2C(=C1)N=CC(=C2NC3=CC(=C(C=C3)F)Cl)C#N)NC(=O)/C=C/CN(C)C,Active,,,,2.8,24,EPHB4 Inhibition Activity,NP_004435.3
888,50100098,6445562,CCOC1=C(C=C2C(=C1)N=CC(=C2NC3=CC(=C(C=C3)F)Cl)C#N)NC(=O)/C=C/CN(C)C,Inactive,,,,3.3,28,FLT3(D835H) Inhibition Activity,NP_004110.2
889,50100098,6445562,CCOC1=C(C=C2C(=C1)N=CC(=C2NC3=CC(=C(C=C3)F)Cl)C#N)NC(=O)/C=C/CN(C)C,Active,,,,2.8,29,FLT3(D835Y) Inhibition Activity,NP_004110.2
890,50100098,6445562,CCOC1=C(C=C2C(=C1)N=CC(=C2NC3=CC(=C(C=C3)F)Cl)C#N)NC(=O)/C=C/CN(C)C,Active,,,,2,31,FLT3(N841I) Inhibition Activity,NP_004110.2
891,50100098,6445562,CCOC1=C(C=C2C(=C1)N=CC(=C2NC3=CC(=C(C=C3)F)Cl)C#N)NC(=O)/C=C/CN(C)C,Active,,,,0.68,33,FRK Inhibition Activity,NP_002022.1
892,50100098,6445562,CCOC1=C(C=C2C(=C1)N=CC(=C2NC3=CC(=C(C=C3)F)Cl)C#N)NC(=O)/C=C/CN(C)C,Active,,,,0.33,43,LOK Inhibition Activity,BAA35073.1
893,50100098,6445562,CCOC1=C(C=C2C(=C1)N=CC(=C2NC3=CC(=C(C=C3)F)Cl)C#N)NC(=O)/C=C/CN(C)C,Active,,,,0.27,45,MAP4K1 Inhibition Activity,NP_001036065.1
894,50100098,6445562,CCOC1=C(C=C2C(=C1)N=CC(=C2NC3=CC(=C(C=C3)F)Cl)C#N)NC(=O)/C=C/CN(C)C,Active,,,,0.17,46,MAP4K3 Inhibition Activity,NP_003609.2
895,50100098,6445562,CCOC1=C(C=C2C(=C1)N=CC(=C2NC3=CC(=C(C=C3)F)Cl)C#N)NC(=O)/C=C/CN(C)C,Active,,,,0.01,47,MAP4K5 Inhibition Activity,NP_006566.2
896,50100098,6445562,CCOC1=C(C=C2C(=C1)N=CC(=C2NC3=CC(=C(C=C3)F)Cl)C#N)NC(=O)/C=C/CN(C)C,Active,,,,1.3,48,MERTK Inhibition Activity,AAB60430.1
897,50100098,6445562,CCOC1=C(C=C2C(=C1)N=CC(=C2NC3=CC(=C(C=C3)F)Cl)C#N)NC(=O)/C=C/CN(C)C,Inactive,,,,6.2,49,MET Inhibition Activity,NP_000236.2
898,50100098,6445562,CCOC1=C(C=C2C(=C1)N=CC(=C2NC3=CC(=C(C=C3)F)Cl)C#N)NC(=O)/C=C/CN(C)C,Inactive,,,,3.6,52,MST1 Inhibition Activity,NP_006273.1
899,50100098,6445562,CCOC1=C(C=C2C(=C1)N=CC(=C2NC3=CC(=C(C=C3)F)Cl)C#N)NC(=O)/C=C/CN(C)C,Active,,,,2.4,53,MST2 Inhibition Activity,NP_006272.2
900,50100098,6445562,CCOC1=C(C=C2C(=C1)N=CC(=C2NC3=CC(=C(C=C3)F)Cl)C#N)NC(=O)/C=C/CN(C)C,Active,,,,0.36,64,SLK Inhibition Activity,NP_055535.2
901,50100098,6445562,CCOC1=C(C=C2C(=C1)N=CC(=C2NC3=CC(=C(C=C3)F)Cl)C#N)NC(=O)/C=C/CN(C)C,Inactive,,,,4.5,65,STK33 Inhibition Activity,NP_112168.1
902,50100098,6445562,CCOC1=C(C=C2C(=C1)N=CC(=C2NC3=CC(=C(C=C3)F)Cl)C#N)NC(=O)/C=C/CN(C)C,Active,,,,1,66,TIE1 Inhibition Activity,NP_005415.1
903,50100098,6445562,CCOC1=C(C=C2C(=C1)N=CC(=C2NC3=CC(=C(C=C3)F)Cl)C#N)NC(=O)/C=C/CN(C)C,Inactive,,,,6,72,YANK2 Inhibition Activity,NP_060871.1
904,50100098,6445562,CCOC1=C(C=C2C(=C1)N=CC(=C2NC3=CC(=C(C=C3)F)Cl)C#N)NC(=O)/C=C/CN(C)C,Active,,,,0.56,73,ABL1 Inhibition Activity,NP_005148.2
905,50100098,6445562,CCOC1=C(C=C2C(=C1)N=CC(=C2NC3=CC(=C(C=C3)F)Cl)C#N)NC(=O)/C=C/CN(C)C,Active,,,,0.078,74,BLK Inhibition Activity,NP_001706.2
906,50100098,6445562,CCOC1=C(C=C2C(=C1)N=CC(=C2NC3=CC(=C(C=C3)F)Cl)C#N)NC(=O)/C=C/CN(C)C,Active,,,,0.31,77,CIT Inhibition Activity,NP_009105.1
907,50100098,6445562,CCOC1=C(C=C2C(=C1)N=CC(=C2NC3=CC(=C(C=C3)F)Cl)C#N)NC(=O)/C=C/CN(C)C,Active,,,,0.00044,78,EGFR Inhibition Activity,NP_005219.2
908,50100098,6445562,CCOC1=C(C=C2C(=C1)N=CC(=C2NC3=CC(=C(C=C3)F)Cl)C#N)NC(=O)/C=C/CN(C)C,Active,,,,0.00042,79,EGFR(G719S) Inhibition Activity,NP_005219.2
909,50100098,6445562,CCOC1=C(C=C2C(=C1)N=CC(=C2NC3=CC(=C(C=C3)F)Cl)C#N)NC(=O)/C=C/CN(C)C,Active,,,,0.00024,80,EGFR(L747-E749del  A750P) Inhibition Activity,NP_005219.2
910,50100098,6445562,CCOC1=C(C=C2C(=C1)N=CC(=C2NC3=CC(=C(C=C3)F)Cl)C#N)NC(=O)/C=C/CN(C)C,Active,,,,0.00027,81,EGFR(L747-S752del  P753S) Inhibition Activity,NP_005219.2
911,50100098,6445562,CCOC1=C(C=C2C(=C1)N=CC(=C2NC3=CC(=C(C=C3)F)Cl)C#N)NC(=O)/C=C/CN(C)C,Active,,,,0.00023,82,EGFR(L747-T751del Sins) Inhibition Activity,NP_005219.2
912,50100098,6445562,CCOC1=C(C=C2C(=C1)N=CC(=C2NC3=CC(=C(C=C3)F)Cl)C#N)NC(=O)/C=C/CN(C)C,Active,,,,0.00044,83,EGFR(L861Q) Inhibition Activity,NP_005219.2
913,50100098,6445562,CCOC1=C(C=C2C(=C1)N=CC(=C2NC3=CC(=C(C=C3)F)Cl)C#N)NC(=O)/C=C/CN(C)C,Active,,,,0.95,86,FGR Inhibition Activity,NP_005239.1
914,50100098,6445562,CCOC1=C(C=C2C(=C1)N=CC(=C2NC3=CC(=C(C=C3)F)Cl)C#N)NC(=O)/C=C/CN(C)C,Active,,,,2.4,87,FYN Inhibition Activity,NP_694592.1
915,50100098,6445562,CCOC1=C(C=C2C(=C1)N=CC(=C2NC3=CC(=C(C=C3)F)Cl)C#N)NC(=O)/C=C/CN(C)C,Active,,,,0.29,88,GCN2(Kin.Dom.2 S808G) Inhibition Activity,NP_001013725.2
916,50100098,6445562,CCOC1=C(C=C2C(=C1)N=CC(=C2NC3=CC(=C(C=C3)F)Cl)C#N)NC(=O)/C=C/CN(C)C,Active,,,,0.099,89,LCK Inhibition Activity,NP_005347.3
917,50100098,6445562,CCOC1=C(C=C2C(=C1)N=CC(=C2NC3=CC(=C(C=C3)F)Cl)C#N)NC(=O)/C=C/CN(C)C,Active,,,,0.72,90,LYN Inhibition Activity,NP_002341.1
918,50100098,6445562,CCOC1=C(C=C2C(=C1)N=CC(=C2NC3=CC(=C(C=C3)F)Cl)C#N)NC(=O)/C=C/CN(C)C,Inactive,,,,7.2,93,TNNI3K Inhibition Activity,NP_057062.1
919,50100098,6445562,CCOC1=C(C=C2C(=C1)N=CC(=C2NC3=CC(=C(C=C3)F)Cl)C#N)NC(=O)/C=C/CN(C)C,Active,,,,1.2,94,ZAK Inhibition Activity,NP_598407.1
920,50100098,6445562,CCOC1=C(C=C2C(=C1)N=CC(=C2NC3=CC(=C(C=C3)F)Cl)C#N)NC(=O)/C=C/CN(C)C,Active,,,,1.6,95,ABL1(E255K) Inhibition Activity,NP_005148.2
921,50100098,6445562,CCOC1=C(C=C2C(=C1)N=CC(=C2NC3=CC(=C(C=C3)F)Cl)C#N)NC(=O)/C=C/CN(C)C,Active,,,,0.43,96,ABL1(H396P) Inhibition Activity,NP_005148.2
922,50100098,6445562,CCOC1=C(C=C2C(=C1)N=CC(=C2NC3=CC(=C(C=C3)F)Cl)C#N)NC(=O)/C=C/CN(C)C,Active,,,,0.18,97,ABL1(M351T) Inhibition Activity,NP_005148.2
923,50100098,6445562,CCOC1=C(C=C2C(=C1)N=CC(=C2NC3=CC(=C(C=C3)F)Cl)C#N)NC(=O)/C=C/CN(C)C,Active,,,,0.23,98,ABL1(Q252H) Inhibition Activity,NP_005148.2
924,50100098,6445562,CCOC1=C(C=C2C(=C1)N=CC(=C2NC3=CC(=C(C=C3)F)Cl)C#N)NC(=O)/C=C/CN(C)C,Active,,,,0.19,99,ABL1(Y253F) Inhibition Activity,NP_005148.2
925,50100098,6445562,CCOC1=C(C=C2C(=C1)N=CC(=C2NC3=CC(=C(C=C3)F)Cl)C#N)NC(=O)/C=C/CN(C)C,Active,,,,0.37,100,ABL2 Inhibition Activity,NP_005149.4
926,50100098,6445562,CCOC1=C(C=C2C(=C1)N=CC(=C2NC3=CC(=C(C=C3)F)Cl)C#N)NC(=O)/C=C/CN(C)C,Inactive,,,,5.1,105,CAMKK1 Inhibition Activity,NP_115670.1
927,50100098,6445562,CCOC1=C(C=C2C(=C1)N=CC(=C2NC3=CC(=C(C=C3)F)Cl)C#N)NC(=O)/C=C/CN(C)C,Active,,,,2.5,106,CAMKK2 Inhibition Activity,NP_006540.3
928,50100098,6445562,CCOC1=C(C=C2C(=C1)N=CC(=C2NC3=CC(=C(C=C3)F)Cl)C#N)NC(=O)/C=C/CN(C)C,Active,,,,1.8,110,CLK2 Inhibition Activity,NP_003984.2
929,50100098,6445562,CCOC1=C(C=C2C(=C1)N=CC(=C2NC3=CC(=C(C=C3)F)Cl)C#N)NC(=O)/C=C/CN(C)C,Inactive,,,,3.4,111,CSK Inhibition Activity,NP_004374.1
930,50100098,6445562,CCOC1=C(C=C2C(=C1)N=CC(=C2NC3=CC(=C(C=C3)F)Cl)C#N)NC(=O)/C=C/CN(C)C,Active,,,,1.1,112,CSNK1D Inhibition Activity,NP_620693.1
931,50100098,6445562,CCOC1=C(C=C2C(=C1)N=CC(=C2NC3=CC(=C(C=C3)F)Cl)C#N)NC(=O)/C=C/CN(C)C,Active,,,,0.1,113,CSNK1E Inhibition Activity,NP_001885.1
932,50100098,6445562,CCOC1=C(C=C2C(=C1)N=CC(=C2NC3=CC(=C(C=C3)F)Cl)C#N)NC(=O)/C=C/CN(C)C,Active,,,,2.6,117,DLK Inhibition Activity,NP_006292.3
933,50100098,6445562,CCOC1=C(C=C2C(=C1)N=CC(=C2NC3=CC(=C(C=C3)F)Cl)C#N)NC(=O)/C=C/CN(C)C,Active,,,,0.00038,118,EGFR(E746-A750del) Inhibition Activity,NP_005219.2
934,50100098,6445562,CCOC1=C(C=C2C(=C1)N=CC(=C2NC3=CC(=C(C=C3)F)Cl)C#N)NC(=O)/C=C/CN(C)C,Active,,,,0.00041,119,EGFR(L858R) Inhibition Activity,NP_005219.2
935,50100098,6445562,CCOC1=C(C=C2C(=C1)N=CC(=C2NC3=CC(=C(C=C3)F)Cl)C#N)NC(=O)/C=C/CN(C)C,Inactive,,,,3.3,123,EPHA8 Inhibition Activity,NP_065387.1
936,50100098,6445562,CCOC1=C(C=C2C(=C1)N=CC(=C2NC3=CC(=C(C=C3)F)Cl)C#N)NC(=O)/C=C/CN(C)C,Inactive,,,,8.8,126,FER Inhibition Activity,NP_005237.2
937,50100098,6445562,CCOC1=C(C=C2C(=C1)N=CC(=C2NC3=CC(=C(C=C3)F)Cl)C#N)NC(=O)/C=C/CN(C)C,Inactive,,,,5.7,127,FES Inhibition Activity,NP_001996.1
938,50100098,6445562,CCOC1=C(C=C2C(=C1)N=CC(=C2NC3=CC(=C(C=C3)F)Cl)C#N)NC(=O)/C=C/CN(C)C,Active,,,,0.0064,129,GAK Inhibition Activity,NP_005246.2
939,50100098,6445562,CCOC1=C(C=C2C(=C1)N=CC(=C2NC3=CC(=C(C=C3)F)Cl)C#N)NC(=O)/C=C/CN(C)C,Active,,,,2.3,130,HCK Inhibition Activity,NP_002101.2
940,50100098,6445562,CCOC1=C(C=C2C(=C1)N=CC(=C2NC3=CC(=C(C=C3)F)Cl)C#N)NC(=O)/C=C/CN(C)C,Active,,,,2.5,131,ITK Inhibition Activity,NP_005537.3
941,50100098,6445562,CCOC1=C(C=C2C(=C1)N=CC(=C2NC3=CC(=C(C=C3)F)Cl)C#N)NC(=O)/C=C/CN(C)C,Active,,,,0.025,133,JAK3(Kin.Dom.2/JH1 - catalytic) Inhibition Activity,NP_000206.2
942,50100098,6445562,CCOC1=C(C=C2C(=C1)N=CC(=C2NC3=CC(=C(C=C3)F)Cl)C#N)NC(=O)/C=C/CN(C)C,Active,,,,0.33,137,MAP4K4 Inhibition Activity,NP_663719.2
943,50100098,6445562,CCOC1=C(C=C2C(=C1)N=CC(=C2NC3=CC(=C(C=C3)F)Cl)C#N)NC(=O)/C=C/CN(C)C,Inactive,,,,3.9,139,MYLK2 Inhibition Activity,NP_149109.1
944,50100098,6445562,CCOC1=C(C=C2C(=C1)N=CC(=C2NC3=CC(=C(C=C3)F)Cl)C#N)NC(=O)/C=C/CN(C)C,Active,,,,1.9,153,PRKR Inhibition Activity,NP_002750.1
945,50100098,6445562,CCOC1=C(C=C2C(=C1)N=CC(=C2NC3=CC(=C(C=C3)F)Cl)C#N)NC(=O)/C=C/CN(C)C,Inactive,,,,8.7,157,RPS6KA2(Kin.Dom.2 - C-terminal) Inhibition Activity,NP_001006933.2
946,50100098,6445562,CCOC1=C(C=C2C(=C1)N=CC(=C2NC3=CC(=C(C=C3)F)Cl)C#N)NC(=O)/C=C/CN(C)C,Active,,,,0.28,160,SRC Inhibition Activity,NP_005408.1
947,50100098,6445562,CCOC1=C(C=C2C(=C1)N=CC(=C2NC3=CC(=C(C=C3)F)Cl)C#N)NC(=O)/C=C/CN(C)C,Inactive,,,,4,162,STK36 Inhibition Activity,NP_056505.2
948,50100098,6445562,CCOC1=C(C=C2C(=C1)N=CC(=C2NC3=CC(=C(C=C3)F)Cl)C#N)NC(=O)/C=C/CN(C)C,Inactive,,,,7.2,163,SYK Inhibition Activity,NP_003168.2
949,50100098,6445562,CCOC1=C(C=C2C(=C1)N=CC(=C2NC3=CC(=C(C=C3)F)Cl)C#N)NC(=O)/C=C/CN(C)C,Active,,,,0.17,166,TNIK Inhibition Activity,NP_055843.1
950,50100098,6445562,CCOC1=C(C=C2C(=C1)N=CC(=C2NC3=CC(=C(C=C3)F)Cl)C#N)NC(=O)/C=C/CN(C)C,Active,,,,1.1,170,YES Inhibition Activity,NP_005424.1
951,50100098,6445562,CCOC1=C(C=C2C(=C1)N=CC(=C2NC3=CC(=C(C=C3)F)Cl)C#N)NC(=O)/C=C/CN(C)C,Inactive,,,,3.4,171,YSK1 Inhibition Activity,NP_006365.2
952,50100098,6445562,CCOC1=C(C=C2C(=C1)N=CC(=C2NC3=CC(=C(C=C3)F)Cl)C#N)NC(=O)/C=C/CN(C)C,Active,,,,0.00033,175,EGFR(S752-I759del) Inhibition Activity,NP_005219.2
953,50100098,6445562,CCOC1=C(C=C2C(=C1)N=CC(=C2NC3=CC(=C(C=C3)F)Cl)C#N)NC(=O)/C=C/CN(C)C,Active,,,,0.5,176,ERBB2 Inhibition Activity,NP_001005862.1
954,50100098,6445562,CCOC1=C(C=C2C(=C1)N=CC(=C2NC3=CC(=C(C=C3)F)Cl)C#N)NC(=O)/C=C/CN(C)C,Active,,,,0.021,177,ERBB4 Inhibition Activity,NP_001036064.1
955,50100098,6445562,CCOC1=C(C=C2C(=C1)N=CC(=C2NC3=CC(=C(C=C3)F)Cl)C#N)NC(=O)/C=C/CN(C)C,Active,,,,0.81,178,MEK2 Inhibition Activity,NP_109587.1
956,50100098,6445562,CCOC1=C(C=C2C(=C1)N=CC(=C2NC3=CC(=C(C=C3)F)Cl)C#N)NC(=O)/C=C/CN(C)C,Inactive,,,,4.9,187,DCAMKL3 Inhibition Activity,NP_208382.1
957,50100098,6445562,CCOC1=C(C=C2C(=C1)N=CC(=C2NC3=CC(=C(C=C3)F)Cl)C#N)NC(=O)/C=C/CN(C)C,Active,,,,0.2,188,DRAK1 Inhibition Activity,NP_004751.2
958,50100098,6445562,CCOC1=C(C=C2C(=C1)N=CC(=C2NC3=CC(=C(C=C3)F)Cl)C#N)NC(=O)/C=C/CN(C)C,Inactive,,,,4,189,DYRK1B Inhibition Activity,NP_004705.1
959,50100098,6445562,CCOC1=C(C=C2C(=C1)N=CC(=C2NC3=CC(=C(C=C3)F)Cl)C#N)NC(=O)/C=C/CN(C)C,Inactive,,,,3.5,198,PHKG1 Inhibition Activity,NP_006204.1
960,50100098,6445562,CCOC1=C(C=C2C(=C1)N=CC(=C2NC3=CC(=C(C=C3)F)Cl)C#N)NC(=O)/C=C/CN(C)C,Active,,,,2.7,199,SNARK Inhibition Activity,NP_112214.2
961,50100098,6445562,CCOC1=C(C=C2C(=C1)N=CC(=C2NC3=CC(=C(C=C3)F)Cl)C#N)NC(=O)/C=C/CN(C)C,Inactive,,,,3.5,200,AAK1 Inhibition Activity,NP_055726.3
962,50100098,6445562,CCOC1=C(C=C2C(=C1)N=CC(=C2NC3=CC(=C(C=C3)F)Cl)C#N)NC(=O)/C=C/CN(C)C,Active,,,,2.2,203,BIKE Inhibition Activity,NP_060063.2
963,50100098,6445562,CCOC1=C(C=C2C(=C1)N=CC(=C2NC3=CC(=C(C=C3)F)Cl)C#N)NC(=O)/C=C/CN(C)C,Active,,,,1.9,204,CHEK1 Inhibition Activity,NP_001265.2
964,50100098,6445562,CCOC1=C(C=C2C(=C1)N=CC(=C2NC3=CC(=C(C=C3)F)Cl)C#N)NC(=O)/C=C/CN(C)C,Inactive,,,,4.2,207,DRAK2 Inhibition Activity,NP_004217.1
965,50100098,6445562,CCOC1=C(C=C2C(=C1)N=CC(=C2NC3=CC(=C(C=C3)F)Cl)C#N)NC(=O)/C=C/CN(C)C,Active,,,,0.28,213,MAP3K4 Inhibition Activity,NP_005913.2
966,50100098,6445562,CCOC1=C(C=C2C(=C1)N=CC(=C2NC3=CC(=C(C=C3)F)Cl)C#N)NC(=O)/C=C/CN(C)C,Inactive,,,,4,214,MARK1 Inhibition Activity,CAH72463.1
967,50100098,6445562,CCOC1=C(C=C2C(=C1)N=CC(=C2NC3=CC(=C(C=C3)F)Cl)C#N)NC(=O)/C=C/CN(C)C,Active,,,,0.36,218,MEK1 Inhibition Activity,NP_002746.1
968,50100098,6445562,CCOC1=C(C=C2C(=C1)N=CC(=C2NC3=CC(=C(C=C3)F)Cl)C#N)NC(=O)/C=C/CN(C)C,Active,,,,2.1,221,MST3 Inhibition Activity,NP_003567.2
969,50100098,6445562,CCOC1=C(C=C2C(=C1)N=CC(=C2NC3=CC(=C(C=C3)F)Cl)C#N)NC(=O)/C=C/CN(C)C,Active,,,,0.68,224,NEK2 Inhibition Activity,NP_002488.1
970,50100098,6445562,CCOC1=C(C=C2C(=C1)N=CC(=C2NC3=CC(=C(C=C3)F)Cl)C#N)NC(=O)/C=C/CN(C)C,Active,,,,2.6,230,PIP5K2B Inhibition Activity,NP_003550.1
971,50100098,6445562,CCOC1=C(C=C2C(=C1)N=CC(=C2NC3=CC(=C(C=C3)F)Cl)C#N)NC(=O)/C=C/CN(C)C,Inactive,,,,4.5,239,SNF1LK2 Inhibition Activity,NP_056006.1
972,50100098,6445562,CCOC1=C(C=C2C(=C1)N=CC(=C2NC3=CC(=C(C=C3)F)Cl)C#N)NC(=O)/C=C/CN(C)C,Inactive,,,,3.7,244,TYRO3 Inhibition Activity,NP_006284.2
973,50100098,6445562,CCOC1=C(C=C2C(=C1)N=CC(=C2NC3=CC(=C(C=C3)F)Cl)C#N)NC(=O)/C=C/CN(C)C,Active,,,,0.77,245,WEE1 Inhibition Activity,NP_003381.1
974,50100098,6445562,CCOC1=C(C=C2C(=C1)N=CC(=C2NC3=CC(=C(C=C3)F)Cl)C#N)NC(=O)/C=C/CN(C)C,Inactive,,,,6.1,248,ADCK4 Inhibition Activity,NP_079152.3
975,50100098,6445562,CCOC1=C(C=C2C(=C1)N=CC(=C2NC3=CC(=C(C=C3)F)Cl)C#N)NC(=O)/C=C/CN(C)C,Inactive,,,,7.4,249,BMX Inhibition Activity,NP_001712.1
976,50100098,6445562,CCOC1=C(C=C2C(=C1)N=CC(=C2NC3=CC(=C(C=C3)F)Cl)C#N)NC(=O)/C=C/CN(C)C,Inactive,,,,4.9,250,BTK Inhibition Activity,NP_000052.1
977,50100098,6445562,CCOC1=C(C=C2C(=C1)N=CC(=C2NC3=CC(=C(C=C3)F)Cl)C#N)NC(=O)/C=C/CN(C)C,Inactive,,,,5.5,254,TXK Inhibition Activity,NP_003319.2
978,50100098,6445562,CCOC1=C(C=C2C(=C1)N=CC(=C2NC3=CC(=C(C=C3)F)Cl)C#N)NC(=O)/C=C/CN(C)C,Active,,,,0.059,259,DMPK Inhibition Activity,NP_004400.4
979,50100098,6445562,CCOC1=C(C=C2C(=C1)N=CC(=C2NC3=CC(=C(C=C3)F)Cl)C#N)NC(=O)/C=C/CN(C)C,Active,,,,2.9,261,PKMYT1 Inhibition Activity,NP_872629.1
980,50100098,6445562,CCOC1=C(C=C2C(=C1)N=CC(=C2NC3=CC(=C(C=C3)F)Cl)C#N)NC(=O)/C=C/CN(C)C,Inactive,,,,5.2,262,TNK2 Inhibition Activity,NP_001010938.1
981,50100098,6445562,CCOC1=C(C=C2C(=C1)N=CC(=C2NC3=CC(=C(C=C3)F)Cl)C#N)NC(=O)/C=C/CN(C)C,Inactive,,,,5.9,263,CAMK1D Inhibition Activity,NP_065130.1
982,50100098,6445562,CCOC1=C(C=C2C(=C1)N=CC(=C2NC3=CC(=C(C=C3)F)Cl)C#N)NC(=O)/C=C/CN(C)C,Inactive,,,,5.6,264,CLK3 Inhibition Activity,NP_003983.2
983,50100098,6445562,CCOC1=C(C=C2C(=C1)N=CC(=C2NC3=CC(=C(C=C3)F)Cl)C#N)NC(=O)/C=C/CN(C)C,Active,,,,1,265,CSNK1A1L Inhibition Activity,NP_660204.2
984,50100098,6445562,CCOC1=C(C=C2C(=C1)N=CC(=C2NC3=CC(=C(C=C3)F)Cl)C#N)NC(=O)/C=C/CN(C)C,Inactive,,,,3.9,266,NEK1 Inhibition Activity,NP_036356.1
985,50100098,6445562,CCOC1=C(C=C2C(=C1)N=CC(=C2NC3=CC(=C(C=C3)F)Cl)C#N)NC(=O)/C=C/CN(C)C,Inactive,,,,3.4,267,PAK1 Inhibition Activity,NP_002567.3
986,50100098,6445562,CCOC1=C(C=C2C(=C1)N=CC(=C2NC3=CC(=C(C=C3)F)Cl)C#N)NC(=O)/C=C/CN(C)C,Inactive,,,,4.6,268,PRKCD Inhibition Activity,NP_006245.2
987,50100099,176870,COCCOC1=C(C=C2C(=C1)C(=NC=N2)NC3=CC=CC(=C3)C#C)OCCOC,Active,,,,0.19,1,ABL1(T315I) Inhibition Activity,NP_005148.2
988,50100099,176870,COCCOC1=C(C=C2C(=C1)C(=NC=N2)NC3=CC=CC(=C3)C#C)OCCOC,Active,,,,1.2,2,ALK Inhibition Activity,NP_004295.2
989,50100099,176870,COCCOC1=C(C=C2C(=C1)C(=NC=N2)NC3=CC=CC(=C3)C#C)OCCOC,Active,,,,2.2,3,AURKA Inhibition Activity,NP_003591.2
990,50100099,176870,COCCOC1=C(C=C2C(=C1)C(=NC=N2)NC3=CC=CC(=C3)C#C)OCCOC,Active,,,,1.4,4,AURKB Inhibition Activity,AAH00442.3
991,50100099,176870,COCCOC1=C(C=C2C(=C1)C(=NC=N2)NC3=CC=CC(=C3)C#C)OCCOC,Active,,,,0.6,5,AURKC Inhibition Activity,AAC77369.1
992,50100099,176870,COCCOC1=C(C=C2C(=C1)C(=NC=N2)NC3=CC=CC(=C3)C#C)OCCOC,Active,,,,0.79,17,DDR1 Inhibition Activity,NP_001945.3
993,50100099,176870,COCCOC1=C(C=C2C(=C1)C(=NC=N2)NC3=CC=CC(=C3)C#C)OCCOC,Active,,,,0.00085,19,EGFR(G719C) Inhibition Activity,NP_005219.2
994,50100099,176870,COCCOC1=C(C=C2C(=C1)C(=NC=N2)NC3=CC=CC(=C3)C#C)OCCOC,Active,,,,2.4,20,EPHA3 Inhibition Activity,NP_005224.2
995,50100099,176870,COCCOC1=C(C=C2C(=C1)C(=NC=N2)NC3=CC=CC(=C3)C#C)OCCOC,Active,,,,0.44,21,EPHA6 Inhibition Activity,NP_001073917.2
996,50100099,176870,COCCOC1=C(C=C2C(=C1)C(=NC=N2)NC3=CC=CC(=C3)C#C)OCCOC,Active,,,,1.4,22,EPHA7 Inhibition Activity,NP_004431.1
997,50100099,176870,COCCOC1=C(C=C2C(=C1)C(=NC=N2)NC3=CC=CC(=C3)C#C)OCCOC,Inactive,,,,4.4,26,FLT1 Inhibition Activity,NP_002010.2
998,50100099,176870,COCCOC1=C(C=C2C(=C1)C(=NC=N2)NC3=CC=CC(=C3)C#C)OCCOC,Active,,,,0.35,28,FLT3(D835H) Inhibition Activity,NP_004110.2
999,50100099,176870,COCCOC1=C(C=C2C(=C1)C(=NC=N2)NC3=CC=CC(=C3)C#C)OCCOC,Active,,,,0.13,29,FLT3(D835Y) Inhibition Activity,NP_004110.2
1000,50100099,176870,COCCOC1=C(C=C2C(=C1)C(=NC=N2)NC3=CC=CC(=C3)C#C)OCCOC,Active,,,,0.82,30,FLT3(ITD) Inhibition Activity,NP_004110.2
1001,50100099,176870,COCCOC1=C(C=C2C(=C1)C(=NC=N2)NC3=CC=CC(=C3)C#C)OCCOC,Active,,,,0.5,31,FLT3(N841I) Inhibition Activity,NP_004110.2
1002,50100099,176870,COCCOC1=C(C=C2C(=C1)C(=NC=N2)NC3=CC=CC(=C3)C#C)OCCOC,Active,,,,2.1,32,FLT4 Inhibition Activity,CAA49505.1
1003,50100099,176870,COCCOC1=C(C=C2C(=C1)C(=NC=N2)NC3=CC=CC(=C3)C#C)OCCOC,Active,,,,2,33,FRK Inhibition Activity,NP_002022.1
1004,50100099,176870,COCCOC1=C(C=C2C(=C1)C(=NC=N2)NC3=CC=CC(=C3)C#C)OCCOC,Active,,,,1.6,37,KIT(D816V) Inhibition Activity,NP_000213.1
1005,50100099,176870,COCCOC1=C(C=C2C(=C1)C(=NC=N2)NC3=CC=CC(=C3)C#C)OCCOC,Active,,,,1.3,38,KIT(V559D T670I) Inhibition Activity,NP_000213.1
1006,50100099,176870,COCCOC1=C(C=C2C(=C1)C(=NC=N2)NC3=CC=CC(=C3)C#C)OCCOC,Inactive,,,,3.1,40,KIT(V559D) Inhibition Activity,NP_000213.1
1007,50100099,176870,COCCOC1=C(C=C2C(=C1)C(=NC=N2)NC3=CC=CC(=C3)C#C)OCCOC,Active,,,,0.019,43,LOK Inhibition Activity,BAA35073.1
1008,50100099,176870,COCCOC1=C(C=C2C(=C1)C(=NC=N2)NC3=CC=CC(=C3)C#C)OCCOC,Active,,,,0.89,44,LTK Inhibition Activity,NP_996844.1
1009,50100099,176870,COCCOC1=C(C=C2C(=C1)C(=NC=N2)NC3=CC=CC(=C3)C#C)OCCOC,Inactive,,,,3.8,49,MET Inhibition Activity,NP_000236.2
1010,50100099,176870,COCCOC1=C(C=C2C(=C1)C(=NC=N2)NC3=CC=CC(=C3)C#C)OCCOC,Active,,,,0.69,50,MKNK1 Inhibition Activity,CAI14764.1
1011,50100099,176870,COCCOC1=C(C=C2C(=C1)C(=NC=N2)NC3=CC=CC(=C3)C#C)OCCOC,Active,,,,1.8,55,PDGFRA Inhibition Activity,NP_006197.1
1012,50100099,176870,COCCOC1=C(C=C2C(=C1)C(=NC=N2)NC3=CC=CC(=C3)C#C)OCCOC,Active,,,,1.4,56,PDGFRB Inhibition Activity,NP_002600.1
1013,50100099,176870,COCCOC1=C(C=C2C(=C1)C(=NC=N2)NC3=CC=CC(=C3)C#C)OCCOC,Active,,,,1.3,59,RET Inhibition Activity,NP_065681.1
1014,50100099,176870,COCCOC1=C(C=C2C(=C1)C(=NC=N2)NC3=CC=CC(=C3)C#C)OCCOC,Active,,,,0.33,60,RET(M918T) Inhibition Activity,NP_065681.1
1015,50100099,176870,COCCOC1=C(C=C2C(=C1)C(=NC=N2)NC3=CC=CC(=C3)C#C)OCCOC,Active,,,,0.026,64,SLK Inhibition Activity,NP_055535.2
1016,50100099,176870,COCCOC1=C(C=C2C(=C1)C(=NC=N2)NC3=CC=CC(=C3)C#C)OCCOC,Active,,,,0.85,66,TIE1 Inhibition Activity,NP_005415.1
1017,50100099,176870,COCCOC1=C(C=C2C(=C1)C(=NC=N2)NC3=CC=CC(=C3)C#C)OCCOC,Active,,,,0.31,73,ABL1 Inhibition Activity,NP_005148.2
1018,50100099,176870,COCCOC1=C(C=C2C(=C1)C(=NC=N2)NC3=CC=CC(=C3)C#C)OCCOC,Active,,,,0.19,74,BLK Inhibition Activity,NP_001706.2
1019,50100099,176870,COCCOC1=C(C=C2C(=C1)C(=NC=N2)NC3=CC=CC(=C3)C#C)OCCOC,Active,,,,0.68,77,CIT Inhibition Activity,NP_009105.1
1020,50100099,176870,COCCOC1=C(C=C2C(=C1)C(=NC=N2)NC3=CC=CC(=C3)C#C)OCCOC,Active,,,,0.00067,78,EGFR Inhibition Activity,NP_005219.2
1021,50100099,176870,COCCOC1=C(C=C2C(=C1)C(=NC=N2)NC3=CC=CC(=C3)C#C)OCCOC,Active,,,,0.00052,79,EGFR(G719S) Inhibition Activity,NP_005219.2
1022,50100099,176870,COCCOC1=C(C=C2C(=C1)C(=NC=N2)NC3=CC=CC(=C3)C#C)OCCOC,Active,,,,0.00052,80,EGFR(L747-E749del  A750P) Inhibition Activity,NP_005219.2
1023,50100099,176870,COCCOC1=C(C=C2C(=C1)C(=NC=N2)NC3=CC=CC(=C3)C#C)OCCOC,Active,,,,0.00047,81,EGFR(L747-S752del  P753S) Inhibition Activity,NP_005219.2
1024,50100099,176870,COCCOC1=C(C=C2C(=C1)C(=NC=N2)NC3=CC=CC(=C3)C#C)OCCOC,Active,,,,0.00035,82,EGFR(L747-T751del Sins) Inhibition Activity,NP_005219.2
1025,50100099,176870,COCCOC1=C(C=C2C(=C1)C(=NC=N2)NC3=CC=CC(=C3)C#C)OCCOC,Active,,,,0.0012,83,EGFR(L861Q) Inhibition Activity,NP_005219.2
1026,50100099,176870,COCCOC1=C(C=C2C(=C1)C(=NC=N2)NC3=CC=CC(=C3)C#C)OCCOC,Active,,,,1.1,86,FGR Inhibition Activity,NP_005239.1
1027,50100099,176870,COCCOC1=C(C=C2C(=C1)C(=NC=N2)NC3=CC=CC(=C3)C#C)OCCOC,Inactive,,,,4.4,88,GCN2(Kin.Dom.2 S808G) Inhibition Activity,NP_001013725.2
1028,50100099,176870,COCCOC1=C(C=C2C(=C1)C(=NC=N2)NC3=CC=CC(=C3)C#C)OCCOC,Active,,,,0.25,89,LCK Inhibition Activity,NP_005347.3
1029,50100099,176870,COCCOC1=C(C=C2C(=C1)C(=NC=N2)NC3=CC=CC(=C3)C#C)OCCOC,Active,,,,0.53,90,LYN Inhibition Activity,NP_002341.1
1030,50100099,176870,COCCOC1=C(C=C2C(=C1)C(=NC=N2)NC3=CC=CC(=C3)C#C)OCCOC,Active,,,,0.57,93,TNNI3K Inhibition Activity,NP_057062.1
1031,50100099,176870,COCCOC1=C(C=C2C(=C1)C(=NC=N2)NC3=CC=CC(=C3)C#C)OCCOC,Active,,,,0.64,95,ABL1(E255K) Inhibition Activity,NP_005148.2
1032,50100099,176870,COCCOC1=C(C=C2C(=C1)C(=NC=N2)NC3=CC=CC(=C3)C#C)OCCOC,Active,,,,0.23,96,ABL1(H396P) Inhibition Activity,NP_005148.2
1033,50100099,176870,COCCOC1=C(C=C2C(=C1)C(=NC=N2)NC3=CC=CC(=C3)C#C)OCCOC,Active,,,,0.25,97,ABL1(M351T) Inhibition Activity,NP_005148.2
1034,50100099,176870,COCCOC1=C(C=C2C(=C1)C(=NC=N2)NC3=CC=CC(=C3)C#C)OCCOC,Active,,,,0.19,98,ABL1(Q252H) Inhibition Activity,NP_005148.2
1035,50100099,176870,COCCOC1=C(C=C2C(=C1)C(=NC=N2)NC3=CC=CC(=C3)C#C)OCCOC,Active,,,,0.16,99,ABL1(Y253F) Inhibition Activity,NP_005148.2
1036,50100099,176870,COCCOC1=C(C=C2C(=C1)C(=NC=N2)NC3=CC=CC(=C3)C#C)OCCOC,Active,,,,0.2,100,ABL2 Inhibition Activity,NP_005149.4
1037,50100099,176870,COCCOC1=C(C=C2C(=C1)C(=NC=N2)NC3=CC=CC(=C3)C#C)OCCOC,Inactive,,,,3.5,112,CSNK1D Inhibition Activity,NP_620693.1
1038,50100099,176870,COCCOC1=C(C=C2C(=C1)C(=NC=N2)NC3=CC=CC(=C3)C#C)OCCOC,Active,,,,0.00048,118,EGFR(E746-A750del) Inhibition Activity,NP_005219.2
1039,50100099,176870,COCCOC1=C(C=C2C(=C1)C(=NC=N2)NC3=CC=CC(=C3)C#C)OCCOC,Active,,,,0.00097,119,EGFR(L858R) Inhibition Activity,NP_005219.2
1040,50100099,176870,COCCOC1=C(C=C2C(=C1)C(=NC=N2)NC3=CC=CC(=C3)C#C)OCCOC,Active,,,,0.94,123,EPHA8 Inhibition Activity,NP_065387.1
1041,50100099,176870,COCCOC1=C(C=C2C(=C1)C(=NC=N2)NC3=CC=CC(=C3)C#C)OCCOC,Active,,,,0.0031,129,GAK Inhibition Activity,NP_005246.2
1042,50100099,176870,COCCOC1=C(C=C2C(=C1)C(=NC=N2)NC3=CC=CC(=C3)C#C)OCCOC,Active,,,,1.8,130,HCK Inhibition Activity,NP_002101.2
1043,50100099,176870,COCCOC1=C(C=C2C(=C1)C(=NC=N2)NC3=CC=CC(=C3)C#C)OCCOC,Active,,,,0.93,133,JAK3(Kin.Dom.2/JH1 - catalytic) Inhibition Activity,NP_000206.2
1044,50100099,176870,COCCOC1=C(C=C2C(=C1)C(=NC=N2)NC3=CC=CC(=C3)C#C)OCCOC,Active,,,,0.97,139,MYLK2 Inhibition Activity,NP_149109.1
1045,50100099,176870,COCCOC1=C(C=C2C(=C1)C(=NC=N2)NC3=CC=CC(=C3)C#C)OCCOC,Active,,,,1.3,153,PRKR Inhibition Activity,NP_002750.1
1046,50100099,176870,COCCOC1=C(C=C2C(=C1)C(=NC=N2)NC3=CC=CC(=C3)C#C)OCCOC,Active,,,,0.68,155,RIPK2 Inhibition Activity,NP_003812.1
1047,50100099,176870,COCCOC1=C(C=C2C(=C1)C(=NC=N2)NC3=CC=CC(=C3)C#C)OCCOC,Active,,,,0.7,160,SRC Inhibition Activity,NP_005408.1
1048,50100099,176870,COCCOC1=C(C=C2C(=C1)C(=NC=N2)NC3=CC=CC(=C3)C#C)OCCOC,Active,,,,0.63,167,TNK1 Inhibition Activity,AAH35782.1
1049,50100099,176870,COCCOC1=C(C=C2C(=C1)C(=NC=N2)NC3=CC=CC(=C3)C#C)OCCOC,Active,,,,2.2,170,YES Inhibition Activity,NP_005424.1
1050,50100099,176870,COCCOC1=C(C=C2C(=C1)C(=NC=N2)NC3=CC=CC(=C3)C#C)OCCOC,Active,,,,0.0016,175,EGFR(S752-I759del) Inhibition Activity,NP_005219.2
1051,50100099,176870,COCCOC1=C(C=C2C(=C1)C(=NC=N2)NC3=CC=CC(=C3)C#C)OCCOC,Active,,,,0.23,177,ERBB4 Inhibition Activity,NP_001036064.1
1052,50100099,176870,COCCOC1=C(C=C2C(=C1)C(=NC=N2)NC3=CC=CC(=C3)C#C)OCCOC,Inactive,,,,3.4,180,DMPK2 Inhibition Activity,NP_059995.2
1053,50100099,176870,COCCOC1=C(C=C2C(=C1)C(=NC=N2)NC3=CC=CC(=C3)C#C)OCCOC,Active,,,,2.5,191,ERK4 Inhibition Activity,NP_002738.2
1054,50100099,176870,COCCOC1=C(C=C2C(=C1)C(=NC=N2)NC3=CC=CC(=C3)C#C)OCCOC,Active,,,,1.2,200,AAK1 Inhibition Activity,NP_055726.3
1055,50100099,176870,COCCOC1=C(C=C2C(=C1)C(=NC=N2)NC3=CC=CC(=C3)C#C)OCCOC,Active,,,,1.2,203,BIKE Inhibition Activity,NP_060063.2
1056,50100099,176870,COCCOC1=C(C=C2C(=C1)C(=NC=N2)NC3=CC=CC(=C3)C#C)OCCOC,Inactive,,,,3.9,244,TYRO3 Inhibition Activity,NP_006284.2
1057,50100099,176870,COCCOC1=C(C=C2C(=C1)C(=NC=N2)NC3=CC=CC(=C3)C#C)OCCOC,Active,,,,1.9,247,ADCK3 Inhibition Activity,NP_064632.2
1058,50100099,176870,COCCOC1=C(C=C2C(=C1)C(=NC=N2)NC3=CC=CC(=C3)C#C)OCCOC,Active,,,,2.5,248,ADCK4 Inhibition Activity,NP_079152.3
1059,50100099,176870,COCCOC1=C(C=C2C(=C1)C(=NC=N2)NC3=CC=CC(=C3)C#C)OCCOC,Active,,,,2.9,259,DMPK Inhibition Activity,NP_004400.4
1060,50100099,176870,COCCOC1=C(C=C2C(=C1)C(=NC=N2)NC3=CC=CC(=C3)C#C)OCCOC,Inactive,,,,7,269,RPS6KA4(Kin.Dom.2 - C-terminal) Inhibition Activity,NP_003933.1
1061,50100100,24867231,CN1CCC([C@@H](C1)O)C2=C(C=C(C3=C2OC(=CC3=O)C4=CC=CC=C4Cl)O)O,Active,,,,0.67,2,ALK Inhibition Activity,NP_004295.2
1062,50100100,24867231,CN1CCC([C@@H](C1)O)C2=C(C=C(C3=C2OC(=CC3=O)C4=CC=CC=C4Cl)O)O,Inactive,,,,3.5,6,AXL Inhibition Activity,NP_001690.2
1063,50100100,24867231,CN1CCC([C@@H](C1)O)C2=C(C=C(C3=C2OC(=CC3=O)C4=CC=CC=C4Cl)O)O,Active,,,,0.057,10,CDK11 Inhibition Activity,NP_055891.1
1064,50100100,24867231,CN1CCC([C@@H](C1)O)C2=C(C=C(C3=C2OC(=CC3=O)C4=CC=CC=C4Cl)O)O,Active,,,,0.023,11,CDK7 Inhibition Activity,NP_001790.1
1065,50100100,24867231,CN1CCC([C@@H](C1)O)C2=C(C=C(C3=C2OC(=CC3=O)C4=CC=CC=C4Cl)O)O,Active,,,,0.12,12,CDK8 Inhibition Activity,NP_001251.1
1066,50100100,24867231,CN1CCC([C@@H](C1)O)C2=C(C=C(C3=C2OC(=CC3=O)C4=CC=CC=C4Cl)O)O,Active,,,,0.0064,13,CDK9 Inhibition Activity,NP_001252.1
1067,50100100,24867231,CN1CCC([C@@H](C1)O)C2=C(C=C(C3=C2OC(=CC3=O)C4=CC=CC=C4Cl)O)O,Active,,,,1.7,14,CLK1 Inhibition Activity,AAA61480.1
1068,50100100,24867231,CN1CCC([C@@H](C1)O)C2=C(C=C(C3=C2OC(=CC3=O)C4=CC=CC=C4Cl)O)O,Active,,,,2.8,16,CSF1R Inhibition Activity,NP_005202.2
1069,50100100,24867231,CN1CCC([C@@H](C1)O)C2=C(C=C(C3=C2OC(=CC3=O)C4=CC=CC=C4Cl)O)O,Inactive,,,,3.3,20,EPHA3 Inhibition Activity,NP_005224.2
1070,50100100,24867231,CN1CCC([C@@H](C1)O)C2=C(C=C(C3=C2OC(=CC3=O)C4=CC=CC=C4Cl)O)O,Active,,,,0.33,25,ERK8 Inhibition Activity,NP_620590.2
1071,50100100,24867231,CN1CCC([C@@H](C1)O)C2=C(C=C(C3=C2OC(=CC3=O)C4=CC=CC=C4Cl)O)O,Inactive,,,,5,28,FLT3(D835H) Inhibition Activity,NP_004110.2
1072,50100100,24867231,CN1CCC([C@@H](C1)O)C2=C(C=C(C3=C2OC(=CC3=O)C4=CC=CC=C4Cl)O)O,Inactive,,,,3.2,29,FLT3(D835Y) Inhibition Activity,NP_004110.2
1073,50100100,24867231,CN1CCC([C@@H](C1)O)C2=C(C=C(C3=C2OC(=CC3=O)C4=CC=CC=C4Cl)O)O,Inactive,,,,4.6,30,FLT3(ITD) Inhibition Activity,NP_004110.2
1074,50100100,24867231,CN1CCC([C@@H](C1)O)C2=C(C=C(C3=C2OC(=CC3=O)C4=CC=CC=C4Cl)O)O,Inactive,,,,6.5,31,FLT3(N841I) Inhibition Activity,NP_004110.2
1075,50100100,24867231,CN1CCC([C@@H](C1)O)C2=C(C=C(C3=C2OC(=CC3=O)C4=CC=CC=C4Cl)O)O,Inactive,,,,4.6,37,KIT(D816V) Inhibition Activity,NP_000213.1
1076,50100100,24867231,CN1CCC([C@@H](C1)O)C2=C(C=C(C3=C2OC(=CC3=O)C4=CC=CC=C4Cl)O)O,Active,,,,2.2,44,LTK Inhibition Activity,NP_996844.1
1077,50100100,24867231,CN1CCC([C@@H](C1)O)C2=C(C=C(C3=C2OC(=CC3=O)C4=CC=CC=C4Cl)O)O,Inactive,,,,3.3,45,MAP4K1 Inhibition Activity,NP_001036065.1
1078,50100100,24867231,CN1CCC([C@@H](C1)O)C2=C(C=C(C3=C2OC(=CC3=O)C4=CC=CC=C4Cl)O)O,Inactive,,,,4.5,46,MAP4K3 Inhibition Activity,NP_003609.2
1079,50100100,24867231,CN1CCC([C@@H](C1)O)C2=C(C=C(C3=C2OC(=CC3=O)C4=CC=CC=C4Cl)O)O,Inactive,,,,6.8,48,MERTK Inhibition Activity,AAB60430.1
1080,50100100,24867231,CN1CCC([C@@H](C1)O)C2=C(C=C(C3=C2OC(=CC3=O)C4=CC=CC=C4Cl)O)O,Inactive,,,,3.2,51,MKNK2 Inhibition Activity,AAF17226.1
1081,50100100,24867231,CN1CCC([C@@H](C1)O)C2=C(C=C(C3=C2OC(=CC3=O)C4=CC=CC=C4Cl)O)O,Inactive,,,,9.4,53,MST2 Inhibition Activity,NP_006272.2
1082,50100100,24867231,CN1CCC([C@@H](C1)O)C2=C(C=C(C3=C2OC(=CC3=O)C4=CC=CC=C4Cl)O)O,Active,,,,1.3,62,RPS6KA4(Kin.Dom.1 - N-terminal) Inhibition Activity,NP_001006945.1
1083,50100100,24867231,CN1CCC([C@@H](C1)O)C2=C(C=C(C3=C2OC(=CC3=O)C4=CC=CC=C4Cl)O)O,Active,,,,1.7,65,STK33 Inhibition Activity,NP_112168.1
1084,50100100,24867231,CN1CCC([C@@H](C1)O)C2=C(C=C(C3=C2OC(=CC3=O)C4=CC=CC=C4Cl)O)O,Active,,,,0.11,77,CIT Inhibition Activity,NP_009105.1
1085,50100100,24867231,CN1CCC([C@@H](C1)O)C2=C(C=C(C3=C2OC(=CC3=O)C4=CC=CC=C4Cl)O)O,Active,,,,2.3,80,EGFR(L747-E749del  A750P) Inhibition Activity,NP_005219.2
1086,50100100,24867231,CN1CCC([C@@H](C1)O)C2=C(C=C(C3=C2OC(=CC3=O)C4=CC=CC=C4Cl)O)O,Active,,,,0.055,93,TNNI3K Inhibition Activity,NP_057062.1
1087,50100100,24867231,CN1CCC([C@@H](C1)O)C2=C(C=C(C3=C2OC(=CC3=O)C4=CC=CC=C4Cl)O)O,Inactive,,,,3.2,104,CAMK4 Inhibition Activity,NP_001735.1
1088,50100100,24867231,CN1CCC([C@@H](C1)O)C2=C(C=C(C3=C2OC(=CC3=O)C4=CC=CC=C4Cl)O)O,Active,,,,0.079,105,CAMKK1 Inhibition Activity,NP_115670.1
1089,50100100,24867231,CN1CCC([C@@H](C1)O)C2=C(C=C(C3=C2OC(=CC3=O)C4=CC=CC=C4Cl)O)O,Active,,,,0.43,106,CAMKK2 Inhibition Activity,NP_006540.3
1090,50100100,24867231,CN1CCC([C@@H](C1)O)C2=C(C=C(C3=C2OC(=CC3=O)C4=CC=CC=C4Cl)O)O,Active,,,,0.55,107,CDK2 Inhibition Activity,NP_001789.2
1091,50100100,24867231,CN1CCC([C@@H](C1)O)C2=C(C=C(C3=C2OC(=CC3=O)C4=CC=CC=C4Cl)O)O,Active,,,,0.41,108,CDK3 Inhibition Activity,NP_001249.1
1092,50100100,24867231,CN1CCC([C@@H](C1)O)C2=C(C=C(C3=C2OC(=CC3=O)C4=CC=CC=C4Cl)O)O,Active,,,,0.11,109,CDK5 Inhibition Activity,NP_004926.1
1093,50100100,24867231,CN1CCC([C@@H](C1)O)C2=C(C=C(C3=C2OC(=CC3=O)C4=CC=CC=C4Cl)O)O,Active,,,,2.2,110,CLK2 Inhibition Activity,NP_003984.2
1094,50100100,24867231,CN1CCC([C@@H](C1)O)C2=C(C=C(C3=C2OC(=CC3=O)C4=CC=CC=C4Cl)O)O,Active,,,,2.5,120,EPHA2 Inhibition Activity,NP_004422.2
1095,50100100,24867231,CN1CCC([C@@H](C1)O)C2=C(C=C(C3=C2OC(=CC3=O)C4=CC=CC=C4Cl)O)O,Active,,,,0.37,129,GAK Inhibition Activity,NP_005246.2
1096,50100100,24867231,CN1CCC([C@@H](C1)O)C2=C(C=C(C3=C2OC(=CC3=O)C4=CC=CC=C4Cl)O)O,Inactive,,,,5.5,135,JNK3 Inhibition Activity,NP_002744.1
1097,50100100,24867231,CN1CCC([C@@H](C1)O)C2=C(C=C(C3=C2OC(=CC3=O)C4=CC=CC=C4Cl)O)O,Active,,,,0.44,144,PCTK1 Inhibition Activity,NP_006192.1
1098,50100100,24867231,CN1CCC([C@@H](C1)O)C2=C(C=C(C3=C2OC(=CC3=O)C4=CC=CC=C4Cl)O)O,Active,,,,0.48,145,PCTK2 Inhibition Activity,CAA47004.1
1099,50100100,24867231,CN1CCC([C@@H](C1)O)C2=C(C=C(C3=C2OC(=CC3=O)C4=CC=CC=C4Cl)O)O,Active,,,,1.1,146,PCTK3 Inhibition Activity,NP_002587.2
1100,50100100,24867231,CN1CCC([C@@H](C1)O)C2=C(C=C(C3=C2OC(=CC3=O)C4=CC=CC=C4Cl)O)O,Active,,,,0.11,147,PFTK1 Inhibition Activity,NP_036527.1
1101,50100100,24867231,CN1CCC([C@@H](C1)O)C2=C(C=C(C3=C2OC(=CC3=O)C4=CC=CC=C4Cl)O)O,Active,,,,0.35,149,PRKCQ Inhibition Activity,NP_006248.1
1102,50100100,24867231,CN1CCC([C@@H](C1)O)C2=C(C=C(C3=C2OC(=CC3=O)C4=CC=CC=C4Cl)O)O,Active,,,,0.52,150,PRKD1 Inhibition Activity,NP_002733.2
1103,50100100,24867231,CN1CCC([C@@H](C1)O)C2=C(C=C(C3=C2OC(=CC3=O)C4=CC=CC=C4Cl)O)O,Active,,,,1.1,151,PRKD2 Inhibition Activity,NP_057541.2
1104,50100100,24867231,CN1CCC([C@@H](C1)O)C2=C(C=C(C3=C2OC(=CC3=O)C4=CC=CC=C4Cl)O)O,Active,,,,0.17,152,PRKD3 Inhibition Activity,NP_005804.1
1105,50100100,24867231,CN1CCC([C@@H](C1)O)C2=C(C=C(C3=C2OC(=CC3=O)C4=CC=CC=C4Cl)O)O,Inactive,,,,5.2,153,PRKR Inhibition Activity,NP_002750.1
1106,50100100,24867231,CN1CCC([C@@H](C1)O)C2=C(C=C(C3=C2OC(=CC3=O)C4=CC=CC=C4Cl)O)O,Active,,,,1.5,157,RPS6KA2(Kin.Dom.2 - C-terminal) Inhibition Activity,NP_001006933.2
1107,50100100,24867231,CN1CCC([C@@H](C1)O)C2=C(C=C(C3=C2OC(=CC3=O)C4=CC=CC=C4Cl)O)O,Active,,,,0.8,158,RPS6KA6(Kin.Dom.2 - C-terminal) Inhibition Activity,NP_055311.1
1108,50100100,24867231,CN1CCC([C@@H](C1)O)C2=C(C=C(C3=C2OC(=CC3=O)C4=CC=CC=C4Cl)O)O,Active,,,,1.4,161,SRMS Inhibition Activity,NP_543013.1
1109,50100100,24867231,CN1CCC([C@@H](C1)O)C2=C(C=C(C3=C2OC(=CC3=O)C4=CC=CC=C4Cl)O)O,Inactive,,,,5.6,165,TGFBR2 Inhibition Activity,NP_003233.4
1110,50100100,24867231,CN1CCC([C@@H](C1)O)C2=C(C=C(C3=C2OC(=CC3=O)C4=CC=CC=C4Cl)O)O,Active,,,,1.4,175,EGFR(S752-I759del) Inhibition Activity,NP_005219.2
1111,50100100,24867231,CN1CCC([C@@H](C1)O)C2=C(C=C(C3=C2OC(=CC3=O)C4=CC=CC=C4Cl)O)O,Inactive,,,,9.5,182,MRCKA Inhibition Activity,NP_003598.2
1112,50100100,24867231,CN1CCC([C@@H](C1)O)C2=C(C=C(C3=C2OC(=CC3=O)C4=CC=CC=C4Cl)O)O,Inactive,,,,3.3,183,MRCKB Inhibition Activity,NP_006026.3
1113,50100100,24867231,CN1CCC([C@@H](C1)O)C2=C(C=C(C3=C2OC(=CC3=O)C4=CC=CC=C4Cl)O)O,Active,,,,2.1,185,DCAMKL1 Inhibition Activity,NP_004725.1
1114,50100100,24867231,CN1CCC([C@@H](C1)O)C2=C(C=C(C3=C2OC(=CC3=O)C4=CC=CC=C4Cl)O)O,Active,,,,1.1,187,DCAMKL3 Inhibition Activity,NP_208382.1
1115,50100100,24867231,CN1CCC([C@@H](C1)O)C2=C(C=C(C3=C2OC(=CC3=O)C4=CC=CC=C4Cl)O)O,Active,,,,0.084,189,DYRK1B Inhibition Activity,NP_004705.1
1116,50100100,24867231,CN1CCC([C@@H](C1)O)C2=C(C=C(C3=C2OC(=CC3=O)C4=CC=CC=C4Cl)O)O,Active,,,,0.62,192,ERK5 Inhibition Activity,NP_002740.2
1117,50100100,24867231,CN1CCC([C@@H](C1)O)C2=C(C=C(C3=C2OC(=CC3=O)C4=CC=CC=C4Cl)O)O,Active,,,,1.3,193,GSK3A Inhibition Activity,NP_063937.2
1118,50100100,24867231,CN1CCC([C@@H](C1)O)C2=C(C=C(C3=C2OC(=CC3=O)C4=CC=CC=C4Cl)O)O,Active,,,,0.73,194,GSK3B Inhibition Activity,NP_002084.2
1119,50100100,24867231,CN1CCC([C@@H](C1)O)C2=C(C=C(C3=C2OC(=CC3=O)C4=CC=CC=C4Cl)O)O,Active,,,,2.2,198,PHKG1 Inhibition Activity,NP_006204.1
1120,50100100,24867231,CN1CCC([C@@H](C1)O)C2=C(C=C(C3=C2OC(=CC3=O)C4=CC=CC=C4Cl)O)O,Active,,,,1.4,199,SNARK Inhibition Activity,NP_112214.2
1121,50100100,24867231,CN1CCC([C@@H](C1)O)C2=C(C=C(C3=C2OC(=CC3=O)C4=CC=CC=C4Cl)O)O,Inactive,,,,5.3,200,AAK1 Inhibition Activity,NP_055726.3
1122,50100100,24867231,CN1CCC([C@@H](C1)O)C2=C(C=C(C3=C2OC(=CC3=O)C4=CC=CC=C4Cl)O)O,Active,,,,1.9,207,DRAK2 Inhibition Activity,NP_004217.1
1123,50100100,24867231,CN1CCC([C@@H](C1)O)C2=C(C=C(C3=C2OC(=CC3=O)C4=CC=CC=C4Cl)O)O,Inactive,,,,3.1,210,IKK-epsilon Inhibition Activity,NP_054721.1
1124,50100100,24867231,CN1CCC([C@@H](C1)O)C2=C(C=C(C3=C2OC(=CC3=O)C4=CC=CC=C4Cl)O)O,Inactive,,,,5.7,219,MLK1 Inhibition Activity,NP_149132.2
1125,50100100,24867231,CN1CCC([C@@H](C1)O)C2=C(C=C(C3=C2OC(=CC3=O)C4=CC=CC=C4Cl)O)O,Active,,,,2.9,228,PHKG2 Inhibition Activity,NP_000285.1
1126,50100100,24867231,CN1CCC([C@@H](C1)O)C2=C(C=C(C3=C2OC(=CC3=O)C4=CC=CC=C4Cl)O)O,Inactive,,,,3.5,231,PKN1 Inhibition Activity,NP_998725.1
1127,50100100,24867231,CN1CCC([C@@H](C1)O)C2=C(C=C(C3=C2OC(=CC3=O)C4=CC=CC=C4Cl)O)O,Active,,,,2.3,235,RPS6KA1(Kin.Dom.1 - N-terminal) Inhibition Activity,NP_002944.2
1128,50100100,24867231,CN1CCC([C@@H](C1)O)C2=C(C=C(C3=C2OC(=CC3=O)C4=CC=CC=C4Cl)O)O,Active,,,,1.9,246,ACVR1 Inhibition Activity,NP_001096.1
1129,50100100,24867231,CN1CCC([C@@H](C1)O)C2=C(C=C(C3=C2OC(=CC3=O)C4=CC=CC=C4Cl)O)O,Active,,,,0.72,251,RPS6KA1(Kin.Dom.2 - C-terminal) Inhibition Activity,NP_002944.2
1130,50100100,24867231,CN1CCC([C@@H](C1)O)C2=C(C=C(C3=C2OC(=CC3=O)C4=CC=CC=C4Cl)O)O,Active,,,,2.4,257,ACVR2B Inhibition Activity,NP_001097.2
1131,50100100,24867231,CN1CCC([C@@H](C1)O)C2=C(C=C(C3=C2OC(=CC3=O)C4=CC=CC=C4Cl)O)O,Active,,,,0.65,259,DMPK Inhibition Activity,NP_004400.4
1132,50100100,24867231,CN1CCC([C@@H](C1)O)C2=C(C=C(C3=C2OC(=CC3=O)C4=CC=CC=C4Cl)O)O,Active,,,,1.6,264,CLK3 Inhibition Activity,NP_003983.2
1133,50100100,24867231,CN1CCC([C@@H](C1)O)C2=C(C=C(C3=C2OC(=CC3=O)C4=CC=CC=C4Cl)O)O,Active,,,,0.59,268,PRKCD Inhibition Activity,NP_006245.2
1134,50100100,24867231,CN1CCC([C@@H](C1)O)C2=C(C=C(C3=C2OC(=CC3=O)C4=CC=CC=C4Cl)O)O,Active,,,,1.7,270,CAMK2A Inhibition Activity,NP_741960.1
1135,50100100,24867231,CN1CCC([C@@H](C1)O)C2=C(C=C(C3=C2OC(=CC3=O)C4=CC=CC=C4Cl)O)O,Inactive,,,,5.2,271,MLK2 Inhibition Activity,NP_002437.2
1136,50100100,24867231,CN1CCC([C@@H](C1)O)C2=C(C=C(C3=C2OC(=CC3=O)C4=CC=CC=C4Cl)O)O,Active,,,,0.56,272,PIM1 Inhibition Activity,NP_002639.1
1137,50100100,24867231,CN1CCC([C@@H](C1)O)C2=C(C=C(C3=C2OC(=CC3=O)C4=CC=CC=C4Cl)O)O,Active,,,,0.77,273,PIM2 Inhibition Activity,NP_006866.2
1138,50100100,24867231,CN1CCC([C@@H](C1)O)C2=C(C=C(C3=C2OC(=CC3=O)C4=CC=CC=C4Cl)O)O,Active,,,,0.6,274,PIM3 Inhibition Activity,NP_001001852.2
1139,50100100,24867231,CN1CCC([C@@H](C1)O)C2=C(C=C(C3=C2OC(=CC3=O)C4=CC=CC=C4Cl)O)O,Active,,,,0.38,275,PRKCE Inhibition Activity,NP_005391.1
1140,50100100,24867231,CN1CCC([C@@H](C1)O)C2=C(C=C(C3=C2OC(=CC3=O)C4=CC=CC=C4Cl)O)O,Active,,,,0.35,276,PRKCH Inhibition Activity,NP_006246.2
1141,50100101,11617559,COC1=CC=C(C=C1)COC2=C(C=C(C=C2)CC3=CN=C(N=C3N)N)OC,Active,,,,0.0016,16,CSF1R Inhibition Activity,NP_005202.2
1142,50100101,11617559,COC1=CC=C(C=C1)COC2=C(C=C(C=C2)CC3=CN=C(N=C3N)N)OC,Active,,,,0.63,68,TRKA Inhibition Activity,NP_001012331.1
1143,50100101,11617559,COC1=CC=C(C=C1)COC2=C(C=C(C=C2)CC3=CN=C(N=C3N)N)OC,Active,,,,0.036,69,TRKB Inhibition Activity,NP_006171.2
1144,50100101,11617559,COC1=CC=C(C=C1)COC2=C(C=C(C=C2)CC3=CN=C(N=C3N)N)OC,Active,,,,0.12,70,TRKC Inhibition Activity,AAA75374.1
1145,50100102,10113978,CC1=C(C=C(C=C1)NC2=NC=CC(=N2)N(C)C3=CC4=NN(C(=C4C=C3)C)C)S(=O)(=O)N,Inactive,,,,3.4,1,ABL1(T315I) Inhibition Activity,NP_005148.2
1146,50100102,10113978,CC1=C(C=C(C=C1)NC2=NC=CC(=N2)N(C)C3=CC4=NN(C(=C4C=C3)C)C)S(=O)(=O)N,Active,,,,2.2,2,ALK Inhibition Activity,NP_004295.2
1147,50100102,10113978,CC1=C(C=C(C=C1)NC2=NC=CC(=N2)N(C)C3=CC4=NN(C(=C4C=C3)C)C)S(=O)(=O)N,Inactive,,,,7.1,3,AURKA Inhibition Activity,NP_003591.2
1148,50100102,10113978,CC1=C(C=C(C=C1)NC2=NC=CC(=N2)N(C)C3=CC4=NN(C(=C4C=C3)C)C)S(=O)(=O)N,Active,,,,0.75,5,AURKC Inhibition Activity,AAC77369.1
1149,50100102,10113978,CC1=C(C=C(C=C1)NC2=NC=CC(=N2)N(C)C3=CC4=NN(C(=C4C=C3)C)C)S(=O)(=O)N,Active,,,,2.1,8,CDC2L1 Inhibition Activity,NP_277023.1
1150,50100102,10113978,CC1=C(C=C(C=C1)NC2=NC=CC(=N2)N(C)C3=CC4=NN(C(=C4C=C3)C)C)S(=O)(=O)N,Active,,,,1.3,9,CDC2L2 Inhibition Activity,NP_076916.2
1151,50100102,10113978,CC1=C(C=C(C=C1)NC2=NC=CC(=N2)N(C)C3=CC4=NN(C(=C4C=C3)C)C)S(=O)(=O)N,Active,,,,0.0079,16,CSF1R Inhibition Activity,NP_005202.2
1152,50100102,10113978,CC1=C(C=C(C=C1)NC2=NC=CC(=N2)N(C)C3=CC4=NN(C(=C4C=C3)C)C)S(=O)(=O)N,Active,,,,0.057,17,DDR1 Inhibition Activity,NP_001945.3
1153,50100102,10113978,CC1=C(C=C(C=C1)NC2=NC=CC(=N2)N(C)C3=CC4=NN(C(=C4C=C3)C)C)S(=O)(=O)N,Active,,,,0.098,18,DDR2 Inhibition Activity,CAA52777.1
1154,50100102,10113978,CC1=C(C=C(C=C1)NC2=NC=CC(=N2)N(C)C3=CC4=NN(C(=C4C=C3)C)C)S(=O)(=O)N,Active,,,,0.014,26,FLT1 Inhibition Activity,NP_002010.2
1155,50100102,10113978,CC1=C(C=C(C=C1)NC2=NC=CC(=N2)N(C)C3=CC4=NN(C(=C4C=C3)C)C)S(=O)(=O)N,Active,,,,1.1,27,FLT3 Inhibition Activity,NP_004110.2
1156,50100102,10113978,CC1=C(C=C(C=C1)NC2=NC=CC(=N2)N(C)C3=CC4=NN(C(=C4C=C3)C)C)S(=O)(=O)N,Active,,,,1.1,28,FLT3(D835H) Inhibition Activity,NP_004110.2
1157,50100102,10113978,CC1=C(C=C(C=C1)NC2=NC=CC(=N2)N(C)C3=CC4=NN(C(=C4C=C3)C)C)S(=O)(=O)N,Active,,,,0.81,29,FLT3(D835Y) Inhibition Activity,NP_004110.2
1158,50100102,10113978,CC1=C(C=C(C=C1)NC2=NC=CC(=N2)N(C)C3=CC4=NN(C(=C4C=C3)C)C)S(=O)(=O)N,Active,,,,2.5,30,FLT3(ITD) Inhibition Activity,NP_004110.2
1159,50100102,10113978,CC1=C(C=C(C=C1)NC2=NC=CC(=N2)N(C)C3=CC4=NN(C(=C4C=C3)C)C)S(=O)(=O)N,Active,,,,1.6,31,FLT3(N841I) Inhibition Activity,NP_004110.2
1160,50100102,10113978,CC1=C(C=C(C=C1)NC2=NC=CC(=N2)N(C)C3=CC4=NN(C(=C4C=C3)C)C)S(=O)(=O)N,Active,,,,0.027,32,FLT4 Inhibition Activity,CAA49505.1
1161,50100102,10113978,CC1=C(C=C(C=C1)NC2=NC=CC(=N2)N(C)C3=CC4=NN(C(=C4C=C3)C)C)S(=O)(=O)N,Active,,,,0.75,33,FRK Inhibition Activity,NP_002022.1
1162,50100102,10113978,CC1=C(C=C(C=C1)NC2=NC=CC(=N2)N(C)C3=CC4=NN(C(=C4C=C3)C)C)S(=O)(=O)N,Active,,,,0.0028,36,KIT Inhibition Activity,NP_000213.1
1163,50100102,10113978,CC1=C(C=C(C=C1)NC2=NC=CC(=N2)N(C)C3=CC4=NN(C(=C4C=C3)C)C)S(=O)(=O)N,Active,,,,0.5,37,KIT(D816V) Inhibition Activity,NP_000213.1
1164,50100102,10113978,CC1=C(C=C(C=C1)NC2=NC=CC(=N2)N(C)C3=CC4=NN(C(=C4C=C3)C)C)S(=O)(=O)N,Active,,,,0.0065,38,KIT(V559D T670I) Inhibition Activity,NP_000213.1
1165,50100102,10113978,CC1=C(C=C(C=C1)NC2=NC=CC(=N2)N(C)C3=CC4=NN(C(=C4C=C3)C)C)S(=O)(=O)N,Active,,,,0.03,39,KIT(V559D V654A) Inhibition Activity,NP_000213.1
1166,50100102,10113978,CC1=C(C=C(C=C1)NC2=NC=CC(=N2)N(C)C3=CC4=NN(C(=C4C=C3)C)C)S(=O)(=O)N,Active,,,,0.0023,40,KIT(V559D) Inhibition Activity,NP_000213.1
1167,50100102,10113978,CC1=C(C=C(C=C1)NC2=NC=CC(=N2)N(C)C3=CC4=NN(C(=C4C=C3)C)C)S(=O)(=O)N,Active,,,,0.39,42,LIMK2 Inhibition Activity,NP_005560.1
1168,50100102,10113978,CC1=C(C=C(C=C1)NC2=NC=CC(=N2)N(C)C3=CC4=NN(C(=C4C=C3)C)C)S(=O)(=O)N,Active,,,,0.084,43,LOK Inhibition Activity,BAA35073.1
1169,50100102,10113978,CC1=C(C=C(C=C1)NC2=NC=CC(=N2)N(C)C3=CC4=NN(C(=C4C=C3)C)C)S(=O)(=O)N,Active,,,,0.75,45,MAP4K1 Inhibition Activity,NP_001036065.1
1170,50100102,10113978,CC1=C(C=C(C=C1)NC2=NC=CC(=N2)N(C)C3=CC4=NN(C(=C4C=C3)C)C)S(=O)(=O)N,Active,,,,1.6,46,MAP4K3 Inhibition Activity,NP_003609.2
1171,50100102,10113978,CC1=C(C=C(C=C1)NC2=NC=CC(=N2)N(C)C3=CC4=NN(C(=C4C=C3)C)C)S(=O)(=O)N,Active,,,,3,47,MAP4K5 Inhibition Activity,NP_006566.2
1172,50100102,10113978,CC1=C(C=C(C=C1)NC2=NC=CC(=N2)N(C)C3=CC4=NN(C(=C4C=C3)C)C)S(=O)(=O)N,Inactive,,,,3.3,48,MERTK Inhibition Activity,AAB60430.1
1173,50100102,10113978,CC1=C(C=C(C=C1)NC2=NC=CC(=N2)N(C)C3=CC4=NN(C(=C4C=C3)C)C)S(=O)(=O)N,Active,,,,0.0049,55,PDGFRA Inhibition Activity,NP_006197.1
1174,50100102,10113978,CC1=C(C=C(C=C1)NC2=NC=CC(=N2)N(C)C3=CC4=NN(C(=C4C=C3)C)C)S(=O)(=O)N,Active,,,,0.002,56,PDGFRB Inhibition Activity,NP_002600.1
1175,50100102,10113978,CC1=C(C=C(C=C1)NC2=NC=CC(=N2)N(C)C3=CC4=NN(C(=C4C=C3)C)C)S(=O)(=O)N,Active,,,,0.31,59,RET Inhibition Activity,NP_065681.1
1176,50100102,10113978,CC1=C(C=C(C=C1)NC2=NC=CC(=N2)N(C)C3=CC4=NN(C(=C4C=C3)C)C)S(=O)(=O)N,Active,,,,0.27,60,RET(M918T) Inhibition Activity,NP_065681.1
1177,50100102,10113978,CC1=C(C=C(C=C1)NC2=NC=CC(=N2)N(C)C3=CC4=NN(C(=C4C=C3)C)C)S(=O)(=O)N,Active,,,,0.26,61,RIPK1 Inhibition Activity,NP_003795.2
1178,50100102,10113978,CC1=C(C=C(C=C1)NC2=NC=CC(=N2)N(C)C3=CC4=NN(C(=C4C=C3)C)C)S(=O)(=O)N,Active,,,,0.7,66,TIE1 Inhibition Activity,NP_005415.1
1179,50100102,10113978,CC1=C(C=C(C=C1)NC2=NC=CC(=N2)N(C)C3=CC4=NN(C(=C4C=C3)C)C)S(=O)(=O)N,Active,,,,0.014,71,VEGFR2 Inhibition Activity,NP_002244.1
1180,50100102,10113978,CC1=C(C=C(C=C1)NC2=NC=CC(=N2)N(C)C3=CC4=NN(C(=C4C=C3)C)C)S(=O)(=O)N,Active,,,,1.7,73,ABL1 Inhibition Activity,NP_005148.2
1181,50100102,10113978,CC1=C(C=C(C=C1)NC2=NC=CC(=N2)N(C)C3=CC4=NN(C(=C4C=C3)C)C)S(=O)(=O)N,Active,,,,2.6,74,BLK Inhibition Activity,NP_001706.2
1182,50100102,10113978,CC1=C(C=C(C=C1)NC2=NC=CC(=N2)N(C)C3=CC4=NN(C(=C4C=C3)C)C)S(=O)(=O)N,Active,,,,0.73,75,BRAF Inhibition Activity,NP_004324.2
1183,50100102,10113978,CC1=C(C=C(C=C1)NC2=NC=CC(=N2)N(C)C3=CC4=NN(C(=C4C=C3)C)C)S(=O)(=O)N,Active,,,,0.43,76,BRAF(V600E) Inhibition Activity,NP_004324.2
1184,50100102,10113978,CC1=C(C=C(C=C1)NC2=NC=CC(=N2)N(C)C3=CC4=NN(C(=C4C=C3)C)C)S(=O)(=O)N,Active,,,,0.99,84,FGFR1 Inhibition Activity,NP_075593.1
1185,50100102,10113978,CC1=C(C=C(C=C1)NC2=NC=CC(=N2)N(C)C3=CC4=NN(C(=C4C=C3)C)C)S(=O)(=O)N,Active,,,,2.8,85,FGFR4 Inhibition Activity,NP_075252.2
1186,50100102,10113978,CC1=C(C=C(C=C1)NC2=NC=CC(=N2)N(C)C3=CC4=NN(C(=C4C=C3)C)C)S(=O)(=O)N,Active,,,,1.6,86,FGR Inhibition Activity,NP_005239.1
1187,50100102,10113978,CC1=C(C=C(C=C1)NC2=NC=CC(=N2)N(C)C3=CC4=NN(C(=C4C=C3)C)C)S(=O)(=O)N,Active,,,,2.7,87,FYN Inhibition Activity,NP_694592.1
1188,50100102,10113978,CC1=C(C=C(C=C1)NC2=NC=CC(=N2)N(C)C3=CC4=NN(C(=C4C=C3)C)C)S(=O)(=O)N,Active,,,,1.2,89,LCK Inhibition Activity,NP_005347.3
1189,50100102,10113978,CC1=C(C=C(C=C1)NC2=NC=CC(=N2)N(C)C3=CC4=NN(C(=C4C=C3)C)C)S(=O)(=O)N,Active,,,,2.3,91,PTK6 Inhibition Activity,NP_005966.1
1190,50100102,10113978,CC1=C(C=C(C=C1)NC2=NC=CC(=N2)N(C)C3=CC4=NN(C(=C4C=C3)C)C)S(=O)(=O)N,Active,,,,0.9,92,RAF1 Inhibition Activity,NP_002871.1
1191,50100102,10113978,CC1=C(C=C(C=C1)NC2=NC=CC(=N2)N(C)C3=CC4=NN(C(=C4C=C3)C)C)S(=O)(=O)N,Active,,,,3,100,ABL2 Inhibition Activity,NP_005149.4
1192,50100102,10113978,CC1=C(C=C(C=C1)NC2=NC=CC(=N2)N(C)C3=CC4=NN(C(=C4C=C3)C)C)S(=O)(=O)N,Active,,,,2.1,103,CAMK1 Inhibition Activity,NP_003647.1
1193,50100102,10113978,CC1=C(C=C(C=C1)NC2=NC=CC(=N2)N(C)C3=CC4=NN(C(=C4C=C3)C)C)S(=O)(=O)N,Active,,,,2.7,126,FER Inhibition Activity,NP_005237.2
1194,50100102,10113978,CC1=C(C=C(C=C1)NC2=NC=CC(=N2)N(C)C3=CC4=NN(C(=C4C=C3)C)C)S(=O)(=O)N,Active,,,,0.21,128,FGFR2 Inhibition Activity,NP_075259.4
1195,50100102,10113978,CC1=C(C=C(C=C1)NC2=NC=CC(=N2)N(C)C3=CC4=NN(C(=C4C=C3)C)C)S(=O)(=O)N,Active,,,,0.2,129,GAK Inhibition Activity,NP_005246.2
1196,50100102,10113978,CC1=C(C=C(C=C1)NC2=NC=CC(=N2)N(C)C3=CC4=NN(C(=C4C=C3)C)C)S(=O)(=O)N,Inactive,,,,6.9,133,JAK3(Kin.Dom.2/JH1 - catalytic) Inhibition Activity,NP_000206.2
1197,50100102,10113978,CC1=C(C=C(C=C1)NC2=NC=CC(=N2)N(C)C3=CC4=NN(C(=C4C=C3)C)C)S(=O)(=O)N,Active,,,,1.9,135,JNK3 Inhibition Activity,NP_002744.1
1198,50100102,10113978,CC1=C(C=C(C=C1)NC2=NC=CC(=N2)N(C)C3=CC4=NN(C(=C4C=C3)C)C)S(=O)(=O)N,Active,,,,2,139,MYLK2 Inhibition Activity,NP_149109.1
1199,50100102,10113978,CC1=C(C=C(C=C1)NC2=NC=CC(=N2)N(C)C3=CC4=NN(C(=C4C=C3)C)C)S(=O)(=O)N,Inactive,,,,4.4,143,NLK Inhibition Activity,NP_057315.3
1200,50100102,10113978,CC1=C(C=C(C=C1)NC2=NC=CC(=N2)N(C)C3=CC4=NN(C(=C4C=C3)C)C)S(=O)(=O)N,Active,,,,1.2,144,PCTK1 Inhibition Activity,NP_006192.1
1201,50100102,10113978,CC1=C(C=C(C=C1)NC2=NC=CC(=N2)N(C)C3=CC4=NN(C(=C4C=C3)C)C)S(=O)(=O)N,Active,,,,1.9,153,PRKR Inhibition Activity,NP_002750.1
1202,50100102,10113978,CC1=C(C=C(C=C1)NC2=NC=CC(=N2)N(C)C3=CC4=NN(C(=C4C=C3)C)C)S(=O)(=O)N,Active,,,,0.58,155,RIPK2 Inhibition Activity,NP_003812.1
1203,50100102,10113978,CC1=C(C=C(C=C1)NC2=NC=CC(=N2)N(C)C3=CC4=NN(C(=C4C=C3)C)C)S(=O)(=O)N,Active,,,,0.92,156,ROS1 Inhibition Activity,NP_002935.2
1204,50100102,10113978,CC1=C(C=C(C=C1)NC2=NC=CC(=N2)N(C)C3=CC4=NN(C(=C4C=C3)C)C)S(=O)(=O)N,Active,,,,2.2,159,SNF1LK Inhibition Activity,NP_775490.2
1205,50100102,10113978,CC1=C(C=C(C=C1)NC2=NC=CC(=N2)N(C)C3=CC4=NN(C(=C4C=C3)C)C)S(=O)(=O)N,Active,,,,2.8,160,SRC Inhibition Activity,NP_005408.1
1206,50100102,10113978,CC1=C(C=C(C=C1)NC2=NC=CC(=N2)N(C)C3=CC4=NN(C(=C4C=C3)C)C)S(=O)(=O)N,Active,,,,2.5,161,SRMS Inhibition Activity,NP_543013.1
1207,50100102,10113978,CC1=C(C=C(C=C1)NC2=NC=CC(=N2)N(C)C3=CC4=NN(C(=C4C=C3)C)C)S(=O)(=O)N,Active,,,,0.47,162,STK36 Inhibition Activity,NP_056505.2
1208,50100102,10113978,CC1=C(C=C(C=C1)NC2=NC=CC(=N2)N(C)C3=CC4=NN(C(=C4C=C3)C)C)S(=O)(=O)N,Active,,,,0.31,166,TNIK Inhibition Activity,NP_055843.1
1209,50100102,10113978,CC1=C(C=C(C=C1)NC2=NC=CC(=N2)N(C)C3=CC4=NN(C(=C4C=C3)C)C)S(=O)(=O)N,Active,,,,0.15,168,TTK Inhibition Activity,NP_003309.2
1210,50100102,10113978,CC1=C(C=C(C=C1)NC2=NC=CC(=N2)N(C)C3=CC4=NN(C(=C4C=C3)C)C)S(=O)(=O)N,Inactive,,,,5,170,YES Inhibition Activity,NP_005424.1
1211,50100102,10113978,CC1=C(C=C(C=C1)NC2=NC=CC(=N2)N(C)C3=CC4=NN(C(=C4C=C3)C)C)S(=O)(=O)N,Active,,,,0.29,179,PLK4 Inhibition Activity,BAB69958.1
1212,50100102,10113978,CC1=C(C=C(C=C1)NC2=NC=CC(=N2)N(C)C3=CC4=NN(C(=C4C=C3)C)C)S(=O)(=O)N,Active,,,,0.8,195,IRAK3 Inhibition Activity,NP_009130.2
1213,50100102,10113978,CC1=C(C=C(C=C1)NC2=NC=CC(=N2)N(C)C3=CC4=NN(C(=C4C=C3)C)C)S(=O)(=O)N,Active,,,,2.9,200,AAK1 Inhibition Activity,NP_055726.3
1214,50100102,10113978,CC1=C(C=C(C=C1)NC2=NC=CC(=N2)N(C)C3=CC4=NN(C(=C4C=C3)C)C)S(=O)(=O)N,Inactive,,,,8.8,203,BIKE Inhibition Activity,NP_060063.2
1215,50100102,10113978,CC1=C(C=C(C=C1)NC2=NC=CC(=N2)N(C)C3=CC4=NN(C(=C4C=C3)C)C)S(=O)(=O)N,Active,,,,0.74,208,FGFR3 Inhibition Activity,NP_000133.1
1216,50100102,10113978,CC1=C(C=C(C=C1)NC2=NC=CC(=N2)N(C)C3=CC4=NN(C(=C4C=C3)C)C)S(=O)(=O)N,Active,,,,0.62,209,FGFR3(G697C) Inhibition Activity,NP_000133.1
1217,50100102,10113978,CC1=C(C=C(C=C1)NC2=NC=CC(=N2)N(C)C3=CC4=NN(C(=C4C=C3)C)C)S(=O)(=O)N,Inactive,,,,4,216,MARK3 Inhibition Activity,NP_002367.5
1218,50100102,10113978,CC1=C(C=C(C=C1)NC2=NC=CC(=N2)N(C)C3=CC4=NN(C(=C4C=C3)C)C)S(=O)(=O)N,Active,,,,0.29,219,MLK1 Inhibition Activity,NP_149132.2
1219,50100102,10113978,CC1=C(C=C(C=C1)NC2=NC=CC(=N2)N(C)C3=CC4=NN(C(=C4C=C3)C)C)S(=O)(=O)N,Active,,,,0.74,220,MLK3 Inhibition Activity,NP_002410.1
1220,50100102,10113978,CC1=C(C=C(C=C1)NC2=NC=CC(=N2)N(C)C3=CC4=NN(C(=C4C=C3)C)C)S(=O)(=O)N,Active,,,,0.98,224,NEK2 Inhibition Activity,NP_002488.1
1221,50100102,10113978,CC1=C(C=C(C=C1)NC2=NC=CC(=N2)N(C)C3=CC4=NN(C(=C4C=C3)C)C)S(=O)(=O)N,Inactive,,,,7.3,239,SNF1LK2 Inhibition Activity,NP_056006.1
1222,50100102,10113978,CC1=C(C=C(C=C1)NC2=NC=CC(=N2)N(C)C3=CC4=NN(C(=C4C=C3)C)C)S(=O)(=O)N,Active,,,,2.6,254,TXK Inhibition Activity,NP_003319.2
1223,50100102,10113978,CC1=C(C=C(C=C1)NC2=NC=CC(=N2)N(C)C3=CC4=NN(C(=C4C=C3)C)C)S(=O)(=O)N,Active,,,,2.4,257,ACVR2B Inhibition Activity,NP_001097.2
1224,50100102,10113978,CC1=C(C=C(C=C1)NC2=NC=CC(=N2)N(C)C3=CC4=NN(C(=C4C=C3)C)C)S(=O)(=O)N,Active,,,,0.72,260,LIMK1 Inhibition Activity,NP_002305.1
1225,50100102,10113978,CC1=C(C=C(C=C1)NC2=NC=CC(=N2)N(C)C3=CC4=NN(C(=C4C=C3)C)C)S(=O)(=O)N,Active,,,,2.1,271,MLK2 Inhibition Activity,NP_002437.2
1226,50100102,10113978,CC1=C(C=C(C=C1)NC2=NC=CC(=N2)N(C)C3=CC4=NN(C(=C4C=C3)C)C)S(=O)(=O)N,Inactive,,,,3.7,277,CAMK1G Inhibition Activity,NP_065172.1
1227,50100102,10113978,CC1=C(C=C(C=C1)NC2=NC=CC(=N2)N(C)C3=CC4=NN(C(=C4C=C3)C)C)S(=O)(=O)N,Active,,,,0.59,278,MEK4 Inhibition Activity,NP_003001.1
1228,50100102,10113978,CC1=C(C=C(C=C1)NC2=NC=CC(=N2)N(C)C3=CC4=NN(C(=C4C=C3)C)C)S(=O)(=O)N,Inactive,,,,4.1,279,MEK6 Inhibition Activity,NP_002749.2
1229,50100102,10113978,CC1=C(C=C(C=C1)NC2=NC=CC(=N2)N(C)C3=CC4=NN(C(=C4C=C3)C)C)S(=O)(=O)N,Active,,,,0.36,280,STK16 Inhibition Activity,CAA06700.1
1230,50100103,123631,COC1=C(C=C2C(=C1)N=CN=C2NC3=CC(=C(C=C3)F)Cl)OCCCN4CCOCC4,Active,,,,0.002,19,EGFR(G719C) Inhibition Activity,NP_005219.2
1231,50100103,123631,COC1=C(C=C2C(=C1)N=CN=C2NC3=CC(=C(C=C3)F)Cl)OCCCN4CCOCC4,Active,,,,0.59,21,EPHA6 Inhibition Activity,NP_001073917.2
1232,50100103,123631,COC1=C(C=C2C(=C1)N=CN=C2NC3=CC(=C(C=C3)F)Cl)OCCCN4CCOCC4,Active,,,,1.1,28,FLT3(D835H) Inhibition Activity,NP_004110.2
1233,50100103,123631,COC1=C(C=C2C(=C1)N=CN=C2NC3=CC(=C(C=C3)F)Cl)OCCCN4CCOCC4,Active,,,,1,29,FLT3(D835Y) Inhibition Activity,NP_004110.2
1234,50100103,123631,COC1=C(C=C2C(=C1)N=CN=C2NC3=CC(=C(C=C3)F)Cl)OCCCN4CCOCC4,Active,,,,3,31,FLT3(N841I) Inhibition Activity,NP_004110.2
1235,50100103,123631,COC1=C(C=C2C(=C1)N=CN=C2NC3=CC(=C(C=C3)F)Cl)OCCCN4CCOCC4,Active,,,,2,33,FRK Inhibition Activity,NP_002022.1
1236,50100103,123631,COC1=C(C=C2C(=C1)N=CN=C2NC3=CC(=C(C=C3)F)Cl)OCCCN4CCOCC4,Inactive,,,,4.3,37,KIT(D816V) Inhibition Activity,NP_000213.1
1237,50100103,123631,COC1=C(C=C2C(=C1)N=CN=C2NC3=CC(=C(C=C3)F)Cl)OCCCN4CCOCC4,Active,,,,0.47,43,LOK Inhibition Activity,BAA35073.1
1238,50100103,123631,COC1=C(C=C2C(=C1)N=CN=C2NC3=CC(=C(C=C3)F)Cl)OCCCN4CCOCC4,Active,,,,0.29,50,MKNK1 Inhibition Activity,CAI14764.1
1239,50100103,123631,COC1=C(C=C2C(=C1)N=CN=C2NC3=CC(=C(C=C3)F)Cl)OCCCN4CCOCC4,Active,,,,1.2,51,MKNK2 Inhibition Activity,AAF17226.1
1240,50100103,123631,COC1=C(C=C2C(=C1)N=CN=C2NC3=CC(=C(C=C3)F)Cl)OCCCN4CCOCC4,Active,,,,0.92,64,SLK Inhibition Activity,NP_055535.2
1241,50100103,123631,COC1=C(C=C2C(=C1)N=CN=C2NC3=CC(=C(C=C3)F)Cl)OCCCN4CCOCC4,Active,,,,1.2,74,BLK Inhibition Activity,NP_001706.2
1242,50100103,123631,COC1=C(C=C2C(=C1)N=CN=C2NC3=CC(=C(C=C3)F)Cl)OCCCN4CCOCC4,Active,,,,1.3,77,CIT Inhibition Activity,NP_009105.1
1243,50100103,123631,COC1=C(C=C2C(=C1)N=CN=C2NC3=CC(=C(C=C3)F)Cl)OCCCN4CCOCC4,Active,,,,0.001,78,EGFR Inhibition Activity,NP_005219.2
1244,50100103,123631,COC1=C(C=C2C(=C1)N=CN=C2NC3=CC(=C(C=C3)F)Cl)OCCCN4CCOCC4,Active,,,,0.0011,79,EGFR(G719S) Inhibition Activity,NP_005219.2
1245,50100103,123631,COC1=C(C=C2C(=C1)N=CN=C2NC3=CC(=C(C=C3)F)Cl)OCCCN4CCOCC4,Active,,,,0.00057,80,EGFR(L747-E749del  A750P) Inhibition Activity,NP_005219.2
1246,50100103,123631,COC1=C(C=C2C(=C1)N=CN=C2NC3=CC(=C(C=C3)F)Cl)OCCCN4CCOCC4,Active,,,,0.00057,81,EGFR(L747-S752del  P753S) Inhibition Activity,NP_005219.2
1247,50100103,123631,COC1=C(C=C2C(=C1)N=CN=C2NC3=CC(=C(C=C3)F)Cl)OCCCN4CCOCC4,Active,,,,0.00052,82,EGFR(L747-T751del Sins) Inhibition Activity,NP_005219.2
1248,50100103,123631,COC1=C(C=C2C(=C1)N=CN=C2NC3=CC(=C(C=C3)F)Cl)OCCCN4CCOCC4,Active,,,,0.0014,83,EGFR(L861Q) Inhibition Activity,NP_005219.2
1249,50100103,123631,COC1=C(C=C2C(=C1)N=CN=C2NC3=CC(=C(C=C3)F)Cl)OCCCN4CCOCC4,Active,,,,0.63,89,LCK Inhibition Activity,NP_005347.3
1250,50100103,123631,COC1=C(C=C2C(=C1)N=CN=C2NC3=CC(=C(C=C3)F)Cl)OCCCN4CCOCC4,Active,,,,0.99,90,LYN Inhibition Activity,NP_002341.1
1251,50100103,123631,COC1=C(C=C2C(=C1)N=CN=C2NC3=CC(=C(C=C3)F)Cl)OCCCN4CCOCC4,Active,,,,0.43,113,CSNK1E Inhibition Activity,NP_001885.1
1252,50100103,123631,COC1=C(C=C2C(=C1)N=CN=C2NC3=CC(=C(C=C3)F)Cl)OCCCN4CCOCC4,Inactive,,,,5.7,116,DAPK3 Inhibition Activity,NP_001339.1
1253,50100103,123631,COC1=C(C=C2C(=C1)N=CN=C2NC3=CC(=C(C=C3)F)Cl)OCCCN4CCOCC4,Active,,,,0.00054,118,EGFR(E746-A750del) Inhibition Activity,NP_005219.2
1254,50100103,123631,COC1=C(C=C2C(=C1)N=CN=C2NC3=CC(=C(C=C3)F)Cl)OCCCN4CCOCC4,Active,,,,0.00094,119,EGFR(L858R) Inhibition Activity,NP_005219.2
1255,50100103,123631,COC1=C(C=C2C(=C1)N=CN=C2NC3=CC(=C(C=C3)F)Cl)OCCCN4CCOCC4,Active,,,,1.8,123,EPHA8 Inhibition Activity,NP_065387.1
1256,50100103,123631,COC1=C(C=C2C(=C1)N=CN=C2NC3=CC(=C(C=C3)F)Cl)OCCCN4CCOCC4,Active,,,,0.013,129,GAK Inhibition Activity,NP_005246.2
1257,50100103,123631,COC1=C(C=C2C(=C1)N=CN=C2NC3=CC(=C(C=C3)F)Cl)OCCCN4CCOCC4,Inactive,,,,4.4,130,HCK Inhibition Activity,NP_002101.2
1258,50100103,123631,COC1=C(C=C2C(=C1)N=CN=C2NC3=CC(=C(C=C3)F)Cl)OCCCN4CCOCC4,Inactive,,,,3.2,135,JNK3 Inhibition Activity,NP_002744.1
1259,50100103,123631,COC1=C(C=C2C(=C1)N=CN=C2NC3=CC(=C(C=C3)F)Cl)OCCCN4CCOCC4,Active,,,,1.9,139,MYLK2 Inhibition Activity,NP_149109.1
1260,50100103,123631,COC1=C(C=C2C(=C1)N=CN=C2NC3=CC(=C(C=C3)F)Cl)OCCCN4CCOCC4,Active,,,,0.53,155,RIPK2 Inhibition Activity,NP_003812.1
1261,50100103,123631,COC1=C(C=C2C(=C1)N=CN=C2NC3=CC(=C(C=C3)F)Cl)OCCCN4CCOCC4,Inactive,,,,3.8,160,SRC Inhibition Activity,NP_005408.1
1262,50100103,123631,COC1=C(C=C2C(=C1)N=CN=C2NC3=CC(=C(C=C3)F)Cl)OCCCN4CCOCC4,Active,,,,0.00098,175,EGFR(S752-I759del) Inhibition Activity,NP_005219.2
1263,50100103,123631,COC1=C(C=C2C(=C1)N=CN=C2NC3=CC(=C(C=C3)F)Cl)OCCCN4CCOCC4,Inactive,,,,3.5,176,ERBB2 Inhibition Activity,NP_001005862.1
1264,50100103,123631,COC1=C(C=C2C(=C1)N=CN=C2NC3=CC(=C(C=C3)F)Cl)OCCCN4CCOCC4,Active,,,,0.41,177,ERBB4 Inhibition Activity,NP_001036064.1
1265,50100103,123631,COC1=C(C=C2C(=C1)N=CN=C2NC3=CC(=C(C=C3)F)Cl)OCCCN4CCOCC4,Inactive,,,,4,181,EPHA1 Inhibition Activity,NP_005223.4
1266,50100103,123631,COC1=C(C=C2C(=C1)N=CN=C2NC3=CC(=C(C=C3)F)Cl)OCCCN4CCOCC4,Active,,,,2,188,DRAK1 Inhibition Activity,NP_004751.2
1267,50100103,123631,COC1=C(C=C2C(=C1)N=CN=C2NC3=CC(=C(C=C3)F)Cl)OCCCN4CCOCC4,Active,,,,1.6,190,ERK3 Inhibition Activity,NP_002739.1
1268,50100103,123631,COC1=C(C=C2C(=C1)N=CN=C2NC3=CC(=C(C=C3)F)Cl)OCCCN4CCOCC4,Inactive,,,,3.1,191,ERK4 Inhibition Activity,NP_002738.2
1269,50100103,123631,COC1=C(C=C2C(=C1)N=CN=C2NC3=CC(=C(C=C3)F)Cl)OCCCN4CCOCC4,Active,,,,1.5,195,IRAK3 Inhibition Activity,NP_009130.2
1270,50100103,123631,COC1=C(C=C2C(=C1)N=CN=C2NC3=CC(=C(C=C3)F)Cl)OCCCN4CCOCC4,Inactive,,,,3.7,198,PHKG1 Inhibition Activity,NP_006204.1
1271,50100103,123631,COC1=C(C=C2C(=C1)N=CN=C2NC3=CC(=C(C=C3)F)Cl)OCCCN4CCOCC4,Inactive,,,,3.8,207,DRAK2 Inhibition Activity,NP_004217.1
1272,50100103,123631,COC1=C(C=C2C(=C1)N=CN=C2NC3=CC(=C(C=C3)F)Cl)OCCCN4CCOCC4,Active,,,,2.1,239,SNF1LK2 Inhibition Activity,NP_056006.1
1273,50100103,123631,COC1=C(C=C2C(=C1)N=CN=C2NC3=CC(=C(C=C3)F)Cl)OCCCN4CCOCC4,Inactive,,,,6,254,TXK Inhibition Activity,NP_003319.2
1274,50100103,123631,COC1=C(C=C2C(=C1)N=CN=C2NC3=CC(=C(C=C3)F)Cl)OCCCN4CCOCC4,Inactive,,,,6.9,259,DMPK Inhibition Activity,NP_004400.4
1275,50100103,123631,COC1=C(C=C2C(=C1)N=CN=C2NC3=CC(=C(C=C3)F)Cl)OCCCN4CCOCC4,Inactive,,,,5.8,274,PIM3 Inhibition Activity,NP_001001852.2
1276,50100104,5291,CC1=C(C=C(C=C1)NC(=O)C2=CC=C(C=C2)CN3CCN(CC3)C)NC4=NC=CC(=N4)C5=CN=CC=C5,Inactive,,,,5.5,10,CDK11 Inhibition Activity,NP_055891.1
1277,50100104,5291,CC1=C(C=C(C=C1)NC(=O)C2=CC=C(C=C2)CN3CCN(CC3)C)NC4=NC=CC(=N4)C5=CN=CC=C5,Inactive,,,,4.5,14,CLK1 Inhibition Activity,AAA61480.1
1278,50100104,5291,CC1=C(C=C(C=C1)NC(=O)C2=CC=C(C=C2)CN3CCN(CC3)C)NC4=NC=CC(=N4)C5=CN=CC=C5,Active,,,,2.1,15,CLK4 Inhibition Activity,NP_065717.1
1279,50100104,5291,CC1=C(C=C(C=C1)NC(=O)C2=CC=C(C=C2)CN3CCN(CC3)C)NC4=NC=CC(=N4)C5=CN=CC=C5,Active,,,,0.019,16,CSF1R Inhibition Activity,NP_005202.2
1280,50100104,5291,CC1=C(C=C(C=C1)NC(=O)C2=CC=C(C=C2)CN3CCN(CC3)C)NC4=NC=CC(=N4)C5=CN=CC=C5,Active,,,,0.0007,17,DDR1 Inhibition Activity,NP_001945.3
1281,50100104,5291,CC1=C(C=C(C=C1)NC(=O)C2=CC=C(C=C2)CN3CCN(CC3)C)NC4=NC=CC(=N4)C5=CN=CC=C5,Active,,,,0.015,18,DDR2 Inhibition Activity,CAA52777.1
1282,50100104,5291,CC1=C(C=C(C=C1)NC(=O)C2=CC=C(C=C2)CN3CCN(CC3)C)NC4=NC=CC(=N4)C5=CN=CC=C5,Active,,,,1.5,33,FRK Inhibition Activity,NP_002022.1
1283,50100104,5291,CC1=C(C=C(C=C1)NC(=O)C2=CC=C(C=C2)CN3CCN(CC3)C)NC4=NC=CC(=N4)C5=CN=CC=C5,Active,,,,0.014,36,KIT Inhibition Activity,NP_000213.1
1284,50100104,5291,CC1=C(C=C(C=C1)NC(=O)C2=CC=C(C=C2)CN3CCN(CC3)C)NC4=NC=CC(=N4)C5=CN=CC=C5,Active,,,,0.82,37,KIT(D816V) Inhibition Activity,NP_000213.1
1285,50100104,5291,CC1=C(C=C(C=C1)NC(=O)C2=CC=C(C=C2)CN3CCN(CC3)C)NC4=NC=CC(=N4)C5=CN=CC=C5,Active,,,,2.9,38,KIT(V559D T670I) Inhibition Activity,NP_000213.1
1286,50100104,5291,CC1=C(C=C(C=C1)NC(=O)C2=CC=C(C=C2)CN3CCN(CC3)C)NC4=NC=CC(=N4)C5=CN=CC=C5,Active,,,,0.071,39,KIT(V559D V654A) Inhibition Activity,NP_000213.1
1287,50100104,5291,CC1=C(C=C(C=C1)NC(=O)C2=CC=C(C=C2)CN3CCN(CC3)C)NC4=NC=CC(=N4)C5=CN=CC=C5,Active,,,,0.015,40,KIT(V559D) Inhibition Activity,NP_000213.1
1288,50100104,5291,CC1=C(C=C(C=C1)NC(=O)C2=CC=C(C=C2)CN3CCN(CC3)C)NC4=NC=CC(=N4)C5=CN=CC=C5,Active,,,,0.031,55,PDGFRA Inhibition Activity,NP_006197.1
1289,50100104,5291,CC1=C(C=C(C=C1)NC(=O)C2=CC=C(C=C2)CN3CCN(CC3)C)NC4=NC=CC(=N4)C5=CN=CC=C5,Active,,,,0.014,56,PDGFRB Inhibition Activity,NP_002600.1
1290,50100104,5291,CC1=C(C=C(C=C1)NC(=O)C2=CC=C(C=C2)CN3CCN(CC3)C)NC4=NC=CC(=N4)C5=CN=CC=C5,Active,,,,0.012,73,ABL1 Inhibition Activity,NP_005148.2
1291,50100104,5291,CC1=C(C=C(C=C1)NC(=O)C2=CC=C(C=C2)CN3CCN(CC3)C)NC4=NC=CC(=N4)C5=CN=CC=C5,Active,,,,0.52,74,BLK Inhibition Activity,NP_001706.2
1292,50100104,5291,CC1=C(C=C(C=C1)NC(=O)C2=CC=C(C=C2)CN3CCN(CC3)C)NC4=NC=CC(=N4)C5=CN=CC=C5,Inactive,,,,3.3,76,BRAF(V600E) Inhibition Activity,NP_004324.2
1293,50100104,5291,CC1=C(C=C(C=C1)NC(=O)C2=CC=C(C=C2)CN3CCN(CC3)C)NC4=NC=CC(=N4)C5=CN=CC=C5,Inactive,,,,7.6,80,EGFR(L747-E749del  A750P) Inhibition Activity,NP_005219.2
1294,50100104,5291,CC1=C(C=C(C=C1)NC(=O)C2=CC=C(C=C2)CN3CCN(CC3)C)NC4=NC=CC(=N4)C5=CN=CC=C5,Active,,,,2.4,86,FGR Inhibition Activity,NP_005239.1
1295,50100104,5291,CC1=C(C=C(C=C1)NC(=O)C2=CC=C(C=C2)CN3CCN(CC3)C)NC4=NC=CC(=N4)C5=CN=CC=C5,Inactive,,,,3.1,87,FYN Inhibition Activity,NP_694592.1
1296,50100104,5291,CC1=C(C=C(C=C1)NC(=O)C2=CC=C(C=C2)CN3CCN(CC3)C)NC4=NC=CC(=N4)C5=CN=CC=C5,Active,,,,0.04,89,LCK Inhibition Activity,NP_005347.3
1297,50100104,5291,CC1=C(C=C(C=C1)NC(=O)C2=CC=C(C=C2)CN3CCN(CC3)C)NC4=NC=CC(=N4)C5=CN=CC=C5,Active,,,,0.89,90,LYN Inhibition Activity,NP_002341.1
1298,50100104,5291,CC1=C(C=C(C=C1)NC(=O)C2=CC=C(C=C2)CN3CCN(CC3)C)NC4=NC=CC(=N4)C5=CN=CC=C5,Active,,,,1.7,92,RAF1 Inhibition Activity,NP_002871.1
1299,50100104,5291,CC1=C(C=C(C=C1)NC(=O)C2=CC=C(C=C2)CN3CCN(CC3)C)NC4=NC=CC(=N4)C5=CN=CC=C5,Inactive,,,,4.3,93,TNNI3K Inhibition Activity,NP_057062.1
1300,50100104,5291,CC1=C(C=C(C=C1)NC(=O)C2=CC=C(C=C2)CN3CCN(CC3)C)NC4=NC=CC(=N4)C5=CN=CC=C5,Active,,,,2.6,94,ZAK Inhibition Activity,NP_598407.1
1301,50100104,5291,CC1=C(C=C(C=C1)NC(=O)C2=CC=C(C=C2)CN3CCN(CC3)C)NC4=NC=CC(=N4)C5=CN=CC=C5,Active,,,,0.077,95,ABL1(E255K) Inhibition Activity,NP_005148.2
1302,50100104,5291,CC1=C(C=C(C=C1)NC(=O)C2=CC=C(C=C2)CN3CCN(CC3)C)NC4=NC=CC(=N4)C5=CN=CC=C5,Active,,,,0.035,96,ABL1(H396P) Inhibition Activity,NP_005148.2
1303,50100104,5291,CC1=C(C=C(C=C1)NC(=O)C2=CC=C(C=C2)CN3CCN(CC3)C)NC4=NC=CC(=N4)C5=CN=CC=C5,Active,,,,0.0085,97,ABL1(M351T) Inhibition Activity,NP_005148.2
1304,50100104,5291,CC1=C(C=C(C=C1)NC(=O)C2=CC=C(C=C2)CN3CCN(CC3)C)NC4=NC=CC(=N4)C5=CN=CC=C5,Active,,,,0.021,98,ABL1(Q252H) Inhibition Activity,NP_005148.2
1305,50100104,5291,CC1=C(C=C(C=C1)NC(=O)C2=CC=C(C=C2)CN3CCN(CC3)C)NC4=NC=CC(=N4)C5=CN=CC=C5,Active,,,,0.044,99,ABL1(Y253F) Inhibition Activity,NP_005148.2
1306,50100104,5291,CC1=C(C=C(C=C1)NC(=O)C2=CC=C(C=C2)CN3CCN(CC3)C)NC4=NC=CC(=N4)C5=CN=CC=C5,Active,,,,0.01,100,ABL2 Inhibition Activity,NP_005149.4
1307,50100104,5291,CC1=C(C=C(C=C1)NC(=O)C2=CC=C(C=C2)CN3CCN(CC3)C)NC4=NC=CC(=N4)C5=CN=CC=C5,Active,,,,1.4,123,EPHA8 Inhibition Activity,NP_065387.1
1308,50100104,5291,CC1=C(C=C(C=C1)NC(=O)C2=CC=C(C=C2)CN3CCN(CC3)C)NC4=NC=CC(=N4)C5=CN=CC=C5,Active,,,,1,129,GAK Inhibition Activity,NP_005246.2
1309,50100104,5291,CC1=C(C=C(C=C1)NC(=O)C2=CC=C(C=C2)CN3CCN(CC3)C)NC4=NC=CC(=N4)C5=CN=CC=C5,Inactive,,,,5,134,JNK1 Inhibition Activity,NP_002741.1
1310,50100104,5291,CC1=C(C=C(C=C1)NC(=O)C2=CC=C(C=C2)CN3CCN(CC3)C)NC4=NC=CC(=N4)C5=CN=CC=C5,Inactive,,,,3.1,135,JNK3 Inhibition Activity,NP_002744.1
1311,50100104,5291,CC1=C(C=C(C=C1)NC(=O)C2=CC=C(C=C2)CN3CCN(CC3)C)NC4=NC=CC(=N4)C5=CN=CC=C5,Active,,,,1.9,138,MELK Inhibition Activity,NP_055606.1
1312,50100104,5291,CC1=C(C=C(C=C1)NC(=O)C2=CC=C(C=C2)CN3CCN(CC3)C)NC4=NC=CC(=N4)C5=CN=CC=C5,Inactive,,,,7.8,179,PLK4 Inhibition Activity,BAB69958.1
1313,50100104,5291,CC1=C(C=C(C=C1)NC(=O)C2=CC=C(C=C2)CN3CCN(CC3)C)NC4=NC=CC(=N4)C5=CN=CC=C5,Inactive,,,,5.3,188,DRAK1 Inhibition Activity,NP_004751.2
1314,50100105,5330790,C1=CC(=C(C(=C1)F)C(=O)N2C(=NC(=N2)NC3=CC=C(C=C3)S(=O)(=O)N)N)F,Active,,,,0.068,1,ABL1(T315I) Inhibition Activity,NP_005148.2
1315,50100105,5330790,C1=CC(=C(C(=C1)F)C(=O)N2C(=NC(=N2)NC3=CC=C(C=C3)S(=O)(=O)N)N)F,Inactive,,,,7.1,2,ALK Inhibition Activity,NP_004295.2
1316,50100105,5330790,C1=CC(=C(C(=C1)F)C(=O)N2C(=NC(=N2)NC3=CC=C(C=C3)S(=O)(=O)N)N)F,Active,,,,0.25,3,AURKA Inhibition Activity,NP_003591.2
1317,50100105,5330790,C1=CC(=C(C(=C1)F)C(=O)N2C(=NC(=N2)NC3=CC=C(C=C3)S(=O)(=O)N)N)F,Active,,,,0.16,4,AURKB Inhibition Activity,AAH00442.3
1318,50100105,5330790,C1=CC(=C(C(=C1)F)C(=O)N2C(=NC(=N2)NC3=CC=C(C=C3)S(=O)(=O)N)N)F,Active,,,,0.086,5,AURKC Inhibition Activity,AAC77369.1
1319,50100105,5330790,C1=CC(=C(C(=C1)F)C(=O)N2C(=NC(=N2)NC3=CC=C(C=C3)S(=O)(=O)N)N)F,Active,,,,2.2,6,AXL Inhibition Activity,NP_001690.2
1320,50100105,5330790,C1=CC(=C(C(=C1)F)C(=O)N2C(=NC(=N2)NC3=CC=C(C=C3)S(=O)(=O)N)N)F,Active,,,,0.88,7,BMPR2 Inhibition Activity,NP_001195.2
1321,50100105,5330790,C1=CC(=C(C(=C1)F)C(=O)N2C(=NC(=N2)NC3=CC=C(C=C3)S(=O)(=O)N)N)F,Active,,,,0.15,8,CDC2L1 Inhibition Activity,NP_277023.1
1322,50100105,5330790,C1=CC(=C(C(=C1)F)C(=O)N2C(=NC(=N2)NC3=CC=C(C=C3)S(=O)(=O)N)N)F,Active,,,,0.11,9,CDC2L2 Inhibition Activity,NP_076916.2
1323,50100105,5330790,C1=CC(=C(C(=C1)F)C(=O)N2C(=NC(=N2)NC3=CC=C(C=C3)S(=O)(=O)N)N)F,Active,,,,0.76,11,CDK7 Inhibition Activity,NP_001790.1
1324,50100105,5330790,C1=CC(=C(C(=C1)F)C(=O)N2C(=NC(=N2)NC3=CC=C(C=C3)S(=O)(=O)N)N)F,Active,,,,0.47,13,CDK9 Inhibition Activity,NP_001252.1
1325,50100105,5330790,C1=CC(=C(C(=C1)F)C(=O)N2C(=NC(=N2)NC3=CC=C(C=C3)S(=O)(=O)N)N)F,Active,,,,0.66,14,CLK1 Inhibition Activity,AAA61480.1
1326,50100105,5330790,C1=CC(=C(C(=C1)F)C(=O)N2C(=NC(=N2)NC3=CC=C(C=C3)S(=O)(=O)N)N)F,Active,,,,1.7,15,CLK4 Inhibition Activity,NP_065717.1
1327,50100105,5330790,C1=CC(=C(C(=C1)F)C(=O)N2C(=NC(=N2)NC3=CC=C(C=C3)S(=O)(=O)N)N)F,Inactive,,,,4.2,16,CSF1R Inhibition Activity,NP_005202.2
1328,50100105,5330790,C1=CC(=C(C(=C1)F)C(=O)N2C(=NC(=N2)NC3=CC=C(C=C3)S(=O)(=O)N)N)F,Inactive,,,,3.1,22,EPHA7 Inhibition Activity,NP_004431.1
1329,50100105,5330790,C1=CC(=C(C(=C1)F)C(=O)N2C(=NC(=N2)NC3=CC=C(C=C3)S(=O)(=O)N)N)F,Active,,,,1.1,25,ERK8 Inhibition Activity,NP_620590.2
1330,50100105,5330790,C1=CC(=C(C(=C1)F)C(=O)N2C(=NC(=N2)NC3=CC=C(C=C3)S(=O)(=O)N)N)F,Active,,,,2.1,26,FLT1 Inhibition Activity,NP_002010.2
1331,50100105,5330790,C1=CC(=C(C(=C1)F)C(=O)N2C(=NC(=N2)NC3=CC=C(C=C3)S(=O)(=O)N)N)F,Active,,,,0.85,27,FLT3 Inhibition Activity,NP_004110.2
1332,50100105,5330790,C1=CC(=C(C(=C1)F)C(=O)N2C(=NC(=N2)NC3=CC=C(C=C3)S(=O)(=O)N)N)F,Active,,,,0.84,28,FLT3(D835H) Inhibition Activity,NP_004110.2
1333,50100105,5330790,C1=CC(=C(C(=C1)F)C(=O)N2C(=NC(=N2)NC3=CC=C(C=C3)S(=O)(=O)N)N)F,Active,,,,0.59,29,FLT3(D835Y) Inhibition Activity,NP_004110.2
1334,50100105,5330790,C1=CC(=C(C(=C1)F)C(=O)N2C(=NC(=N2)NC3=CC=C(C=C3)S(=O)(=O)N)N)F,Active,,,,1.4,30,FLT3(ITD) Inhibition Activity,NP_004110.2
1335,50100105,5330790,C1=CC(=C(C(=C1)F)C(=O)N2C(=NC(=N2)NC3=CC=C(C=C3)S(=O)(=O)N)N)F,Active,,,,1.4,31,FLT3(N841I) Inhibition Activity,NP_004110.2
1336,50100105,5330790,C1=CC(=C(C(=C1)F)C(=O)N2C(=NC(=N2)NC3=CC=C(C=C3)S(=O)(=O)N)N)F,Active,,,,1.1,32,FLT4 Inhibition Activity,CAA49505.1
1337,50100105,5330790,C1=CC(=C(C(=C1)F)C(=O)N2C(=NC(=N2)NC3=CC=C(C=C3)S(=O)(=O)N)N)F,Active,,,,1.8,36,KIT Inhibition Activity,NP_000213.1
1338,50100105,5330790,C1=CC(=C(C(=C1)F)C(=O)N2C(=NC(=N2)NC3=CC=C(C=C3)S(=O)(=O)N)N)F,Active,,,,2.5,37,KIT(D816V) Inhibition Activity,NP_000213.1
1339,50100105,5330790,C1=CC(=C(C(=C1)F)C(=O)N2C(=NC(=N2)NC3=CC=C(C=C3)S(=O)(=O)N)N)F,Active,,,,0.59,38,KIT(V559D T670I) Inhibition Activity,NP_000213.1
1340,50100105,5330790,C1=CC(=C(C(=C1)F)C(=O)N2C(=NC(=N2)NC3=CC=C(C=C3)S(=O)(=O)N)N)F,Active,,,,1.4,40,KIT(V559D) Inhibition Activity,NP_000213.1
1341,50100105,5330790,C1=CC(=C(C(=C1)F)C(=O)N2C(=NC(=N2)NC3=CC=C(C=C3)S(=O)(=O)N)N)F,Active,,,,1,42,LIMK2 Inhibition Activity,NP_005560.1
1342,50100105,5330790,C1=CC(=C(C(=C1)F)C(=O)N2C(=NC(=N2)NC3=CC=C(C=C3)S(=O)(=O)N)N)F,Active,,,,0.11,43,LOK Inhibition Activity,BAA35073.1
1343,50100105,5330790,C1=CC(=C(C(=C1)F)C(=O)N2C(=NC(=N2)NC3=CC=C(C=C3)S(=O)(=O)N)N)F,Active,,,,0.12,45,MAP4K1 Inhibition Activity,NP_001036065.1
1344,50100105,5330790,C1=CC(=C(C(=C1)F)C(=O)N2C(=NC(=N2)NC3=CC=C(C=C3)S(=O)(=O)N)N)F,Active,,,,0.82,46,MAP4K3 Inhibition Activity,NP_003609.2
1345,50100105,5330790,C1=CC(=C(C(=C1)F)C(=O)N2C(=NC(=N2)NC3=CC=C(C=C3)S(=O)(=O)N)N)F,Active,,,,2.1,47,MAP4K5 Inhibition Activity,NP_006566.2
1346,50100105,5330790,C1=CC(=C(C(=C1)F)C(=O)N2C(=NC(=N2)NC3=CC=C(C=C3)S(=O)(=O)N)N)F,Active,,,,2.8,48,MERTK Inhibition Activity,AAB60430.1
1347,50100105,5330790,C1=CC(=C(C(=C1)F)C(=O)N2C(=NC(=N2)NC3=CC=C(C=C3)S(=O)(=O)N)N)F,Active,,,,0.65,49,MET Inhibition Activity,NP_000236.2
1348,50100105,5330790,C1=CC(=C(C(=C1)F)C(=O)N2C(=NC(=N2)NC3=CC=C(C=C3)S(=O)(=O)N)N)F,Active,,,,0.13,52,MST1 Inhibition Activity,NP_006273.1
1349,50100105,5330790,C1=CC(=C(C(=C1)F)C(=O)N2C(=NC(=N2)NC3=CC=C(C=C3)S(=O)(=O)N)N)F,Active,,,,0.061,53,MST2 Inhibition Activity,NP_006272.2
1350,50100105,5330790,C1=CC(=C(C(=C1)F)C(=O)N2C(=NC(=N2)NC3=CC=C(C=C3)S(=O)(=O)N)N)F,Inactive,,,,4,55,PDGFRA Inhibition Activity,NP_006197.1
1351,50100105,5330790,C1=CC(=C(C(=C1)F)C(=O)N2C(=NC(=N2)NC3=CC=C(C=C3)S(=O)(=O)N)N)F,Active,,,,0.91,56,PDGFRB Inhibition Activity,NP_002600.1
1352,50100105,5330790,C1=CC(=C(C(=C1)F)C(=O)N2C(=NC(=N2)NC3=CC=C(C=C3)S(=O)(=O)N)N)F,Inactive,,,,7.1,58,PLK3 Inhibition Activity,NP_004064.2
1353,50100105,5330790,C1=CC(=C(C(=C1)F)C(=O)N2C(=NC(=N2)NC3=CC=C(C=C3)S(=O)(=O)N)N)F,Active,,,,1,59,RET Inhibition Activity,NP_065681.1
1354,50100105,5330790,C1=CC(=C(C(=C1)F)C(=O)N2C(=NC(=N2)NC3=CC=C(C=C3)S(=O)(=O)N)N)F,Inactive,,,,4.2,60,RET(M918T) Inhibition Activity,NP_065681.1
1355,50100105,5330790,C1=CC(=C(C(=C1)F)C(=O)N2C(=NC(=N2)NC3=CC=C(C=C3)S(=O)(=O)N)N)F,Active,,,,1.8,61,RIPK1 Inhibition Activity,NP_003795.2
1356,50100105,5330790,C1=CC(=C(C(=C1)F)C(=O)N2C(=NC(=N2)NC3=CC=C(C=C3)S(=O)(=O)N)N)F,Active,,,,3,62,RPS6KA4(Kin.Dom.1 - N-terminal) Inhibition Activity,NP_001006945.1
1357,50100105,5330790,C1=CC(=C(C(=C1)F)C(=O)N2C(=NC(=N2)NC3=CC=C(C=C3)S(=O)(=O)N)N)F,Active,,,,0.048,64,SLK Inhibition Activity,NP_055535.2
1358,50100105,5330790,C1=CC(=C(C(=C1)F)C(=O)N2C(=NC(=N2)NC3=CC=C(C=C3)S(=O)(=O)N)N)F,Active,,,,0.26,66,TIE1 Inhibition Activity,NP_005415.1
1359,50100105,5330790,C1=CC(=C(C(=C1)F)C(=O)N2C(=NC(=N2)NC3=CC=C(C=C3)S(=O)(=O)N)N)F,Active,,,,0.95,67,TIE2 Inhibition Activity,NP_000450.2
1360,50100105,5330790,C1=CC(=C(C(=C1)F)C(=O)N2C(=NC(=N2)NC3=CC=C(C=C3)S(=O)(=O)N)N)F,Inactive,,,,3.7,71,VEGFR2 Inhibition Activity,NP_002244.1
1361,50100105,5330790,C1=CC(=C(C(=C1)F)C(=O)N2C(=NC(=N2)NC3=CC=C(C=C3)S(=O)(=O)N)N)F,Active,,,,1.2,73,ABL1 Inhibition Activity,NP_005148.2
1362,50100105,5330790,C1=CC(=C(C(=C1)F)C(=O)N2C(=NC(=N2)NC3=CC=C(C=C3)S(=O)(=O)N)N)F,Active,,,,0.81,84,FGFR1 Inhibition Activity,NP_075593.1
1363,50100105,5330790,C1=CC(=C(C(=C1)F)C(=O)N2C(=NC(=N2)NC3=CC=C(C=C3)S(=O)(=O)N)N)F,Active,,,,2,86,FGR Inhibition Activity,NP_005239.1
1364,50100105,5330790,C1=CC(=C(C(=C1)F)C(=O)N2C(=NC(=N2)NC3=CC=C(C=C3)S(=O)(=O)N)N)F,Inactive,,,,3.9,88,GCN2(Kin.Dom.2 S808G) Inhibition Activity,NP_001013725.2
1365,50100105,5330790,C1=CC(=C(C(=C1)F)C(=O)N2C(=NC(=N2)NC3=CC=C(C=C3)S(=O)(=O)N)N)F,Active,,,,1.4,93,TNNI3K Inhibition Activity,NP_057062.1
1366,50100105,5330790,C1=CC(=C(C(=C1)F)C(=O)N2C(=NC(=N2)NC3=CC=C(C=C3)S(=O)(=O)N)N)F,Active,,,,2.2,95,ABL1(E255K) Inhibition Activity,NP_005148.2
1367,50100105,5330790,C1=CC(=C(C(=C1)F)C(=O)N2C(=NC(=N2)NC3=CC=C(C=C3)S(=O)(=O)N)N)F,Active,,,,1.6,96,ABL1(H396P) Inhibition Activity,NP_005148.2
1368,50100105,5330790,C1=CC(=C(C(=C1)F)C(=O)N2C(=NC(=N2)NC3=CC=C(C=C3)S(=O)(=O)N)N)F,Active,,,,0.82,97,ABL1(M351T) Inhibition Activity,NP_005148.2
1369,50100105,5330790,C1=CC(=C(C(=C1)F)C(=O)N2C(=NC(=N2)NC3=CC=C(C=C3)S(=O)(=O)N)N)F,Active,,,,1.2,98,ABL1(Q252H) Inhibition Activity,NP_005148.2
1370,50100105,5330790,C1=CC(=C(C(=C1)F)C(=O)N2C(=NC(=N2)NC3=CC=C(C=C3)S(=O)(=O)N)N)F,Active,,,,1.2,99,ABL1(Y253F) Inhibition Activity,NP_005148.2
1371,50100105,5330790,C1=CC(=C(C(=C1)F)C(=O)N2C(=NC(=N2)NC3=CC=C(C=C3)S(=O)(=O)N)N)F,Active,,,,1.7,101,AMPK-alpha1 Inhibition Activity,BAA36547.1
1372,50100105,5330790,C1=CC(=C(C(=C1)F)C(=O)N2C(=NC(=N2)NC3=CC=C(C=C3)S(=O)(=O)N)N)F,Active,,,,0.5,102,ANKK1 Inhibition Activity,NP_848605.1
1373,50100105,5330790,C1=CC(=C(C(=C1)F)C(=O)N2C(=NC(=N2)NC3=CC=C(C=C3)S(=O)(=O)N)N)F,Active,,,,2.9,105,CAMKK1 Inhibition Activity,NP_115670.1
1374,50100105,5330790,C1=CC(=C(C(=C1)F)C(=O)N2C(=NC(=N2)NC3=CC=C(C=C3)S(=O)(=O)N)N)F,Active,,,,2.6,106,CAMKK2 Inhibition Activity,NP_006540.3
1375,50100105,5330790,C1=CC(=C(C(=C1)F)C(=O)N2C(=NC(=N2)NC3=CC=C(C=C3)S(=O)(=O)N)N)F,Active,,,,0.023,107,CDK2 Inhibition Activity,NP_001789.2
1376,50100105,5330790,C1=CC(=C(C(=C1)F)C(=O)N2C(=NC(=N2)NC3=CC=C(C=C3)S(=O)(=O)N)N)F,Active,,,,0.18,108,CDK3 Inhibition Activity,NP_001249.1
1377,50100105,5330790,C1=CC(=C(C(=C1)F)C(=O)N2C(=NC(=N2)NC3=CC=C(C=C3)S(=O)(=O)N)N)F,Active,,,,0.24,109,CDK5 Inhibition Activity,NP_004926.1
1378,50100105,5330790,C1=CC(=C(C(=C1)F)C(=O)N2C(=NC(=N2)NC3=CC=C(C=C3)S(=O)(=O)N)N)F,Active,,,,0.29,110,CLK2 Inhibition Activity,NP_003984.2
1379,50100105,5330790,C1=CC(=C(C(=C1)F)C(=O)N2C(=NC(=N2)NC3=CC=C(C=C3)S(=O)(=O)N)N)F,Inactive,,,,3.6,113,CSNK1E Inhibition Activity,NP_001885.1
1380,50100105,5330790,C1=CC(=C(C(=C1)F)C(=O)N2C(=NC(=N2)NC3=CC=C(C=C3)S(=O)(=O)N)N)F,Active,,,,0.74,114,CSNK1G2 Inhibition Activity,NP_001310.3
1381,50100105,5330790,C1=CC(=C(C(=C1)F)C(=O)N2C(=NC(=N2)NC3=CC=C(C=C3)S(=O)(=O)N)N)F,Inactive,,,,7.9,115,CSNK1G3 Inhibition Activity,NP_004375.2
1382,50100105,5330790,C1=CC(=C(C(=C1)F)C(=O)N2C(=NC(=N2)NC3=CC=C(C=C3)S(=O)(=O)N)N)F,Inactive,,,,5.2,117,DLK Inhibition Activity,NP_006292.3
1383,50100105,5330790,C1=CC(=C(C(=C1)F)C(=O)N2C(=NC(=N2)NC3=CC=C(C=C3)S(=O)(=O)N)N)F,Active,,,,0.68,128,FGFR2 Inhibition Activity,NP_075259.4
1384,50100105,5330790,C1=CC(=C(C(=C1)F)C(=O)N2C(=NC(=N2)NC3=CC=C(C=C3)S(=O)(=O)N)N)F,Active,,,,2.4,129,GAK Inhibition Activity,NP_005246.2
1385,50100105,5330790,C1=CC(=C(C(=C1)F)C(=O)N2C(=NC(=N2)NC3=CC=C(C=C3)S(=O)(=O)N)N)F,Active,,,,0.22,132,JAK2(Kin.Dom.2/JH1 - catalytic) Inhibition Activity,NP_004963.1
1386,50100105,5330790,C1=CC(=C(C(=C1)F)C(=O)N2C(=NC(=N2)NC3=CC=C(C=C3)S(=O)(=O)N)N)F,Active,,,,0.18,133,JAK3(Kin.Dom.2/JH1 - catalytic) Inhibition Activity,NP_000206.2
1387,50100105,5330790,C1=CC(=C(C(=C1)F)C(=O)N2C(=NC(=N2)NC3=CC=C(C=C3)S(=O)(=O)N)N)F,Active,,,,1.7,134,JNK1 Inhibition Activity,NP_002741.1
1388,50100105,5330790,C1=CC(=C(C(=C1)F)C(=O)N2C(=NC(=N2)NC3=CC=C(C=C3)S(=O)(=O)N)N)F,Active,,,,1.3,135,JNK3 Inhibition Activity,NP_002744.1
1389,50100105,5330790,C1=CC(=C(C(=C1)F)C(=O)N2C(=NC(=N2)NC3=CC=C(C=C3)S(=O)(=O)N)N)F,Active,,,,0.023,144,PCTK1 Inhibition Activity,NP_006192.1
1390,50100105,5330790,C1=CC(=C(C(=C1)F)C(=O)N2C(=NC(=N2)NC3=CC=C(C=C3)S(=O)(=O)N)N)F,Active,,,,0.29,145,PCTK2 Inhibition Activity,CAA47004.1
1391,50100105,5330790,C1=CC(=C(C(=C1)F)C(=O)N2C(=NC(=N2)NC3=CC=C(C=C3)S(=O)(=O)N)N)F,Active,,,,2.1,146,PCTK3 Inhibition Activity,NP_002587.2
1392,50100105,5330790,C1=CC(=C(C(=C1)F)C(=O)N2C(=NC(=N2)NC3=CC=C(C=C3)S(=O)(=O)N)N)F,Inactive,,,,3.6,147,PFTK1 Inhibition Activity,NP_036527.1
1393,50100105,5330790,C1=CC(=C(C(=C1)F)C(=O)N2C(=NC(=N2)NC3=CC=C(C=C3)S(=O)(=O)N)N)F,Inactive,,,,4.4,149,PRKCQ Inhibition Activity,NP_006248.1
1394,50100105,5330790,C1=CC(=C(C(=C1)F)C(=O)N2C(=NC(=N2)NC3=CC=C(C=C3)S(=O)(=O)N)N)F,Inactive,,,,8.4,150,PRKD1 Inhibition Activity,NP_002733.2
1395,50100105,5330790,C1=CC(=C(C(=C1)F)C(=O)N2C(=NC(=N2)NC3=CC=C(C=C3)S(=O)(=O)N)N)F,Inactive,,,,4.2,152,PRKD3 Inhibition Activity,NP_005804.1
1396,50100105,5330790,C1=CC(=C(C(=C1)F)C(=O)N2C(=NC(=N2)NC3=CC=C(C=C3)S(=O)(=O)N)N)F,Inactive,,,,6.3,153,PRKR Inhibition Activity,NP_002750.1
1397,50100105,5330790,C1=CC(=C(C(=C1)F)C(=O)N2C(=NC(=N2)NC3=CC=C(C=C3)S(=O)(=O)N)N)F,Active,,,,2.2,159,SNF1LK Inhibition Activity,NP_775490.2
1398,50100105,5330790,C1=CC(=C(C(=C1)F)C(=O)N2C(=NC(=N2)NC3=CC=C(C=C3)S(=O)(=O)N)N)F,Active,,,,1.3,163,SYK Inhibition Activity,NP_003168.2
1399,50100105,5330790,C1=CC(=C(C(=C1)F)C(=O)N2C(=NC(=N2)NC3=CC=C(C=C3)S(=O)(=O)N)N)F,Inactive,,,,3.1,164,TESK1 Inhibition Activity,NP_006276.2
1400,50100105,5330790,C1=CC(=C(C(=C1)F)C(=O)N2C(=NC(=N2)NC3=CC=C(C=C3)S(=O)(=O)N)N)F,Active,,,,0.98,167,TNK1 Inhibition Activity,AAH35782.1
1401,50100105,5330790,C1=CC(=C(C(=C1)F)C(=O)N2C(=NC(=N2)NC3=CC=C(C=C3)S(=O)(=O)N)N)F,Active,,,,0.19,168,TTK Inhibition Activity,NP_003309.2
1402,50100105,5330790,C1=CC(=C(C(=C1)F)C(=O)N2C(=NC(=N2)NC3=CC=C(C=C3)S(=O)(=O)N)N)F,Active,,,,0.032,169,TYK2(Kin.Dom.2/JH1 - catalytic) Inhibition Activity,CAA38449.1
1403,50100105,5330790,C1=CC(=C(C(=C1)F)C(=O)N2C(=NC(=N2)NC3=CC=C(C=C3)S(=O)(=O)N)N)F,Active,,,,0.36,171,YSK1 Inhibition Activity,NP_006365.2
1404,50100105,5330790,C1=CC(=C(C(=C1)F)C(=O)N2C(=NC(=N2)NC3=CC=C(C=C3)S(=O)(=O)N)N)F,Inactive,,,,5.6,178,MEK2 Inhibition Activity,NP_109587.1
1405,50100105,5330790,C1=CC(=C(C(=C1)F)C(=O)N2C(=NC(=N2)NC3=CC=C(C=C3)S(=O)(=O)N)N)F,Active,,,,0.12,179,PLK4 Inhibition Activity,BAB69958.1
1406,50100105,5330790,C1=CC(=C(C(=C1)F)C(=O)N2C(=NC(=N2)NC3=CC=C(C=C3)S(=O)(=O)N)N)F,Active,,,,2.5,185,DCAMKL1 Inhibition Activity,NP_004725.1
1407,50100105,5330790,C1=CC(=C(C(=C1)F)C(=O)N2C(=NC(=N2)NC3=CC=C(C=C3)S(=O)(=O)N)N)F,Inactive,,,,4.5,186,DCAMKL2 Inhibition Activity,NP_001035351.4
1408,50100105,5330790,C1=CC(=C(C(=C1)F)C(=O)N2C(=NC(=N2)NC3=CC=C(C=C3)S(=O)(=O)N)N)F,Inactive,,,,6.5,187,DCAMKL3 Inhibition Activity,NP_208382.1
1409,50100105,5330790,C1=CC(=C(C(=C1)F)C(=O)N2C(=NC(=N2)NC3=CC=C(C=C3)S(=O)(=O)N)N)F,Inactive,,,,5.6,188,DRAK1 Inhibition Activity,NP_004751.2
1410,50100105,5330790,C1=CC(=C(C(=C1)F)C(=O)N2C(=NC(=N2)NC3=CC=C(C=C3)S(=O)(=O)N)N)F,Active,,,,0.48,190,ERK3 Inhibition Activity,NP_002739.1
1411,50100105,5330790,C1=CC(=C(C(=C1)F)C(=O)N2C(=NC(=N2)NC3=CC=C(C=C3)S(=O)(=O)N)N)F,Active,,,,1.6,191,ERK4 Inhibition Activity,NP_002738.2
1412,50100105,5330790,C1=CC(=C(C(=C1)F)C(=O)N2C(=NC(=N2)NC3=CC=C(C=C3)S(=O)(=O)N)N)F,Active,,,,0.52,192,ERK5 Inhibition Activity,NP_002740.2
1413,50100105,5330790,C1=CC(=C(C(=C1)F)C(=O)N2C(=NC(=N2)NC3=CC=C(C=C3)S(=O)(=O)N)N)F,Active,,,,0.16,193,GSK3A Inhibition Activity,NP_063937.2
1414,50100105,5330790,C1=CC(=C(C(=C1)F)C(=O)N2C(=NC(=N2)NC3=CC=C(C=C3)S(=O)(=O)N)N)F,Active,,,,0.95,194,GSK3B Inhibition Activity,NP_002084.2
1415,50100105,5330790,C1=CC(=C(C(=C1)F)C(=O)N2C(=NC(=N2)NC3=CC=C(C=C3)S(=O)(=O)N)N)F,Inactive,,,,3.4,195,IRAK3 Inhibition Activity,NP_009130.2
1416,50100105,5330790,C1=CC(=C(C(=C1)F)C(=O)N2C(=NC(=N2)NC3=CC=C(C=C3)S(=O)(=O)N)N)F,Active,,,,2.1,197,PAK3 Inhibition Activity,NP_002569.1
1417,50100105,5330790,C1=CC(=C(C(=C1)F)C(=O)N2C(=NC(=N2)NC3=CC=C(C=C3)S(=O)(=O)N)N)F,Active,,,,0.026,199,SNARK Inhibition Activity,NP_112214.2
1418,50100105,5330790,C1=CC(=C(C(=C1)F)C(=O)N2C(=NC(=N2)NC3=CC=C(C=C3)S(=O)(=O)N)N)F,Active,,,,0.2,200,AAK1 Inhibition Activity,NP_055726.3
1419,50100105,5330790,C1=CC(=C(C(=C1)F)C(=O)N2C(=NC(=N2)NC3=CC=C(C=C3)S(=O)(=O)N)N)F,Active,,,,1.8,201,AMPK-alpha2 Inhibition Activity,NP_006243.2
1420,50100105,5330790,C1=CC(=C(C(=C1)F)C(=O)N2C(=NC(=N2)NC3=CC=C(C=C3)S(=O)(=O)N)N)F,Active,,,,0.18,202,ARK5 Inhibition Activity,NP_055655.1
1421,50100105,5330790,C1=CC(=C(C(=C1)F)C(=O)N2C(=NC(=N2)NC3=CC=C(C=C3)S(=O)(=O)N)N)F,Active,,,,0.18,203,BIKE Inhibition Activity,NP_060063.2
1422,50100105,5330790,C1=CC(=C(C(=C1)F)C(=O)N2C(=NC(=N2)NC3=CC=C(C=C3)S(=O)(=O)N)N)F,Active,,,,2,206,CSNK2A2 Inhibition Activity,NP_001887.1
1423,50100105,5330790,C1=CC(=C(C(=C1)F)C(=O)N2C(=NC(=N2)NC3=CC=C(C=C3)S(=O)(=O)N)N)F,Active,,,,0.51,208,FGFR3 Inhibition Activity,NP_000133.1
1424,50100105,5330790,C1=CC(=C(C(=C1)F)C(=O)N2C(=NC(=N2)NC3=CC=C(C=C3)S(=O)(=O)N)N)F,Active,,,,0.69,209,FGFR3(G697C) Inhibition Activity,NP_000133.1
1425,50100105,5330790,C1=CC(=C(C(=C1)F)C(=O)N2C(=NC(=N2)NC3=CC=C(C=C3)S(=O)(=O)N)N)F,Inactive,,,,8.3,210,IKK-epsilon Inhibition Activity,NP_054721.1
1426,50100105,5330790,C1=CC(=C(C(=C1)F)C(=O)N2C(=NC(=N2)NC3=CC=C(C=C3)S(=O)(=O)N)N)F,Active,,,,0.021,211,JAK1(Kin.Dom.1/JH2 - pseudokinase) Inhibition Activity,NP_002218.2
1427,50100105,5330790,C1=CC(=C(C(=C1)F)C(=O)N2C(=NC(=N2)NC3=CC=C(C=C3)S(=O)(=O)N)N)F,Active,,,,0.62,214,MARK1 Inhibition Activity,CAH72463.1
1428,50100105,5330790,C1=CC(=C(C(=C1)F)C(=O)N2C(=NC(=N2)NC3=CC=C(C=C3)S(=O)(=O)N)N)F,Active,,,,1.2,215,MARK2 Inhibition Activity,NP_059672.2
1429,50100105,5330790,C1=CC(=C(C(=C1)F)C(=O)N2C(=NC(=N2)NC3=CC=C(C=C3)S(=O)(=O)N)N)F,Active,,,,0.6,216,MARK3 Inhibition Activity,NP_002367.5
1430,50100105,5330790,C1=CC(=C(C(=C1)F)C(=O)N2C(=NC(=N2)NC3=CC=C(C=C3)S(=O)(=O)N)N)F,Active,,,,0.66,217,MARK4 Inhibition Activity,NP_113605.2
1431,50100105,5330790,C1=CC(=C(C(=C1)F)C(=O)N2C(=NC(=N2)NC3=CC=C(C=C3)S(=O)(=O)N)N)F,Active,,,,1.8,218,MEK1 Inhibition Activity,NP_002746.1
1432,50100105,5330790,C1=CC(=C(C(=C1)F)C(=O)N2C(=NC(=N2)NC3=CC=C(C=C3)S(=O)(=O)N)N)F,Inactive,,,,3.6,219,MLK1 Inhibition Activity,NP_149132.2
1433,50100105,5330790,C1=CC(=C(C(=C1)F)C(=O)N2C(=NC(=N2)NC3=CC=C(C=C3)S(=O)(=O)N)N)F,Active,,,,0.18,221,MST3 Inhibition Activity,NP_003567.2
1434,50100105,5330790,C1=CC(=C(C(=C1)F)C(=O)N2C(=NC(=N2)NC3=CC=C(C=C3)S(=O)(=O)N)N)F,Active,,,,0.21,222,MST4 Inhibition Activity,NP_057626.2
1435,50100105,5330790,C1=CC(=C(C(=C1)F)C(=O)N2C(=NC(=N2)NC3=CC=C(C=C3)S(=O)(=O)N)N)F,Active,,,,2.1,223,MYLK Inhibition Activity,NP_444254.3
1436,50100105,5330790,C1=CC(=C(C(=C1)F)C(=O)N2C(=NC(=N2)NC3=CC=C(C=C3)S(=O)(=O)N)N)F,Inactive,,,,9.2,229,PIP5K1A Inhibition Activity,AAC50911.1
1437,50100105,5330790,C1=CC(=C(C(=C1)F)C(=O)N2C(=NC(=N2)NC3=CC=C(C=C3)S(=O)(=O)N)N)F,Active,,,,1.3,230,PIP5K2B Inhibition Activity,NP_003550.1
1438,50100105,5330790,C1=CC(=C(C(=C1)F)C(=O)N2C(=NC(=N2)NC3=CC=C(C=C3)S(=O)(=O)N)N)F,Active,,,,1.9,232,PKN2 Inhibition Activity,NP_006247.1
1439,50100105,5330790,C1=CC(=C(C(=C1)F)C(=O)N2C(=NC(=N2)NC3=CC=C(C=C3)S(=O)(=O)N)N)F,Active,,,,1.1,233,RIOK1 Inhibition Activity,NP_113668.2
1440,50100105,5330790,C1=CC(=C(C(=C1)F)C(=O)N2C(=NC(=N2)NC3=CC=C(C=C3)S(=O)(=O)N)N)F,Active,,,,1.2,234,RIOK3 Inhibition Activity,NP_003822.2
1441,50100105,5330790,C1=CC(=C(C(=C1)F)C(=O)N2C(=NC(=N2)NC3=CC=C(C=C3)S(=O)(=O)N)N)F,Inactive,,,,4,235,RPS6KA1(Kin.Dom.1 - N-terminal) Inhibition Activity,NP_002944.2
1442,50100105,5330790,C1=CC(=C(C(=C1)F)C(=O)N2C(=NC(=N2)NC3=CC=C(C=C3)S(=O)(=O)N)N)F,Active,,,,0.41,236,RPS6KA2(Kin.Dom.1 - N-terminal) Inhibition Activity,NP_066958.2
1443,50100105,5330790,C1=CC(=C(C(=C1)F)C(=O)N2C(=NC(=N2)NC3=CC=C(C=C3)S(=O)(=O)N)N)F,Active,,,,1.6,239,SNF1LK2 Inhibition Activity,NP_056006.1
1444,50100105,5330790,C1=CC(=C(C(=C1)F)C(=O)N2C(=NC(=N2)NC3=CC=C(C=C3)S(=O)(=O)N)N)F,Active,,,,2.8,240,SRPK1 Inhibition Activity,NP_003128.3
1445,50100105,5330790,C1=CC(=C(C(=C1)F)C(=O)N2C(=NC(=N2)NC3=CC=C(C=C3)S(=O)(=O)N)N)F,Active,,,,0.75,243,TLK2 Inhibition Activity,AAF03095.1
1446,50100105,5330790,C1=CC(=C(C(=C1)F)C(=O)N2C(=NC(=N2)NC3=CC=C(C=C3)S(=O)(=O)N)N)F,Inactive,,,,5.9,246,ACVR1 Inhibition Activity,NP_001096.1
1447,50100105,5330790,C1=CC(=C(C(=C1)F)C(=O)N2C(=NC(=N2)NC3=CC=C(C=C3)S(=O)(=O)N)N)F,Active,,,,1.2,247,ADCK3 Inhibition Activity,NP_064632.2
1448,50100105,5330790,C1=CC(=C(C(=C1)F)C(=O)N2C(=NC(=N2)NC3=CC=C(C=C3)S(=O)(=O)N)N)F,Inactive,,,,4.7,249,BMX Inhibition Activity,NP_001712.1
1449,50100105,5330790,C1=CC(=C(C(=C1)F)C(=O)N2C(=NC(=N2)NC3=CC=C(C=C3)S(=O)(=O)N)N)F,Active,,,,1,252,TEC Inhibition Activity,NP_003206.2
1450,50100105,5330790,C1=CC(=C(C(=C1)F)C(=O)N2C(=NC(=N2)NC3=CC=C(C=C3)S(=O)(=O)N)N)F,Active,,,,2.9,256,ACVR2A Inhibition Activity,NP_001607.1
1451,50100105,5330790,C1=CC(=C(C(=C1)F)C(=O)N2C(=NC(=N2)NC3=CC=C(C=C3)S(=O)(=O)N)N)F,Inactive,,,,5.9,257,ACVR2B Inhibition Activity,NP_001097.2
1452,50100105,5330790,C1=CC(=C(C(=C1)F)C(=O)N2C(=NC(=N2)NC3=CC=C(C=C3)S(=O)(=O)N)N)F,Active,,,,2.9,258,ACVRL1 Inhibition Activity,NP_000011.2
1453,50100105,5330790,C1=CC(=C(C(=C1)F)C(=O)N2C(=NC(=N2)NC3=CC=C(C=C3)S(=O)(=O)N)N)F,Active,,,,1.2,259,DMPK Inhibition Activity,NP_004400.4
1454,50100105,5330790,C1=CC(=C(C(=C1)F)C(=O)N2C(=NC(=N2)NC3=CC=C(C=C3)S(=O)(=O)N)N)F,Active,,,,0.62,260,LIMK1 Inhibition Activity,NP_002305.1
1455,50100105,5330790,C1=CC(=C(C(=C1)F)C(=O)N2C(=NC(=N2)NC3=CC=C(C=C3)S(=O)(=O)N)N)F,Active,,,,0.31,264,CLK3 Inhibition Activity,NP_003983.2
1456,50100105,5330790,C1=CC(=C(C(=C1)F)C(=O)N2C(=NC(=N2)NC3=CC=C(C=C3)S(=O)(=O)N)N)F,Inactive,,,,4.5,268,PRKCD Inhibition Activity,NP_006245.2
1457,50100105,5330790,C1=CC(=C(C(=C1)F)C(=O)N2C(=NC(=N2)NC3=CC=C(C=C3)S(=O)(=O)N)N)F,Active,,,,0.63,278,MEK4 Inhibition Activity,NP_003001.1
1458,50100105,5330790,C1=CC(=C(C(=C1)F)C(=O)N2C(=NC(=N2)NC3=CC=C(C=C3)S(=O)(=O)N)N)F,Active,,,,1,279,MEK6 Inhibition Activity,NP_002749.2
1459,50100105,5330790,C1=CC(=C(C(=C1)F)C(=O)N2C(=NC(=N2)NC3=CC=C(C=C3)S(=O)(=O)N)N)F,Active,,,,0.14,280,STK16 Inhibition Activity,CAA06700.1
1460,50100105,5330790,C1=CC(=C(C(=C1)F)C(=O)N2C(=NC(=N2)NC3=CC=C(C=C3)S(=O)(=O)N)N)F,Inactive,,,,6.5,281,BRSK1 Inhibition Activity,NP_115806.1
1461,50100105,5330790,C1=CC(=C(C(=C1)F)C(=O)N2C(=NC(=N2)NC3=CC=C(C=C3)S(=O)(=O)N)N)F,Active,,,,2.7,282,BRSK2 Inhibition Activity,NP_003948.2
1462,50100105,5330790,C1=CC(=C(C(=C1)F)C(=O)N2C(=NC(=N2)NC3=CC=C(C=C3)S(=O)(=O)N)N)F,Active,,,,1.2,283,CSNK1G1 Inhibition Activity,NP_071331.2
1463,50100105,5330790,C1=CC(=C(C(=C1)F)C(=O)N2C(=NC(=N2)NC3=CC=C(C=C3)S(=O)(=O)N)N)F,Active,,,,1.5,284,MEK3 Inhibition Activity,NP_002747.2
1464,50100105,5330790,C1=CC(=C(C(=C1)F)C(=O)N2C(=NC(=N2)NC3=CC=C(C=C3)S(=O)(=O)N)N)F,Active,,,,2.3,285,PAK4 Inhibition Activity,NP_001014833.1
1465,50100105,5330790,C1=CC(=C(C(=C1)F)C(=O)N2C(=NC(=N2)NC3=CC=C(C=C3)S(=O)(=O)N)N)F,Active,,,,1.4,286,PAK6 Inhibition Activity,NP_064553.1
1466,50100105,5330790,C1=CC(=C(C(=C1)F)C(=O)N2C(=NC(=N2)NC3=CC=C(C=C3)S(=O)(=O)N)N)F,Active,,,,0.83,287,PAK7/PAK5 Inhibition Activity,NP_065074.1
1467,50100105,5330790,C1=CC(=C(C(=C1)F)C(=O)N2C(=NC(=N2)NC3=CC=C(C=C3)S(=O)(=O)N)N)F,Inactive,,,,3.1,288,PDPK1 Inhibition Activity,NP_002604.1
1468,50100105,5330790,C1=CC(=C(C(=C1)F)C(=O)N2C(=NC(=N2)NC3=CC=C(C=C3)S(=O)(=O)N)N)F,Inactive,,,,5,289,PLK1 Inhibition Activity,NP_005021.2
1469,50100105,5330790,C1=CC(=C(C(=C1)F)C(=O)N2C(=NC(=N2)NC3=CC=C(C=C3)S(=O)(=O)N)N)F,Active,,,,1.1,290,TLK1 Inhibition Activity,NP_036422.3
1470,50100106,153999,CN(C)C[C@@H]1CCN2C=C(C3=CC=CC=C32)C4=C(C5=CN(CCO1)C6=CC=CC=C65)C(=O)NC4=O,Active,,,,0.91,14,CLK1 Inhibition Activity,AAA61480.1
1471,50100106,153999,CN(C)C[C@@H]1CCN2C=C(C3=CC=CC=C32)C4=C(C5=CN(CCO1)C6=CC=CC=C65)C(=O)NC4=O,Active,,,,1.9,15,CLK4 Inhibition Activity,NP_065717.1
1472,50100106,153999,CN(C)C[C@@H]1CCN2C=C(C3=CC=CC=C32)C4=C(C5=CN(CCO1)C6=CC=CC=C65)C(=O)NC4=O,Active,,,,0.088,25,ERK8 Inhibition Activity,NP_620590.2
1473,50100106,153999,CN(C)C[C@@H]1CCN2C=C(C3=CC=CC=C32)C4=C(C5=CN(CCO1)C6=CC=CC=C65)C(=O)NC4=O,Active,,,,1.9,27,FLT3 Inhibition Activity,NP_004110.2
1474,50100106,153999,CN(C)C[C@@H]1CCN2C=C(C3=CC=CC=C32)C4=C(C5=CN(CCO1)C6=CC=CC=C65)C(=O)NC4=O,Active,,,,0.21,28,FLT3(D835H) Inhibition Activity,NP_004110.2
1475,50100106,153999,CN(C)C[C@@H]1CCN2C=C(C3=CC=CC=C32)C4=C(C5=CN(CCO1)C6=CC=CC=C65)C(=O)NC4=O,Active,,,,0.13,29,FLT3(D835Y) Inhibition Activity,NP_004110.2
1476,50100106,153999,CN(C)C[C@@H]1CCN2C=C(C3=CC=CC=C32)C4=C(C5=CN(CCO1)C6=CC=CC=C65)C(=O)NC4=O,Active,,,,0.28,30,FLT3(ITD) Inhibition Activity,NP_004110.2
1477,50100106,153999,CN(C)C[C@@H]1CCN2C=C(C3=CC=CC=C32)C4=C(C5=CN(CCO1)C6=CC=CC=C65)C(=O)NC4=O,Active,,,,0.98,31,FLT3(N841I) Inhibition Activity,NP_004110.2
1478,50100106,153999,CN(C)C[C@@H]1CCN2C=C(C3=CC=CC=C32)C4=C(C5=CN(CCO1)C6=CC=CC=C65)C(=O)NC4=O,Active,,,,0.92,37,KIT(D816V) Inhibition Activity,NP_000213.1
1479,50100106,153999,CN(C)C[C@@H]1CCN2C=C(C3=CC=CC=C32)C4=C(C5=CN(CCO1)C6=CC=CC=C65)C(=O)NC4=O,Active,,,,0.64,41,LATS2 Inhibition Activity,NP_055387.2
1480,50100106,153999,CN(C)C[C@@H]1CCN2C=C(C3=CC=CC=C32)C4=C(C5=CN(CCO1)C6=CC=CC=C65)C(=O)NC4=O,Active,,,,0.28,43,LOK Inhibition Activity,BAA35073.1
1481,50100106,153999,CN(C)C[C@@H]1CCN2C=C(C3=CC=CC=C32)C4=C(C5=CN(CCO1)C6=CC=CC=C65)C(=O)NC4=O,Active,,,,2.6,45,MAP4K1 Inhibition Activity,NP_001036065.1
1482,50100106,153999,CN(C)C[C@@H]1CCN2C=C(C3=CC=CC=C32)C4=C(C5=CN(CCO1)C6=CC=CC=C65)C(=O)NC4=O,Inactive,,,,8.4,46,MAP4K3 Inhibition Activity,NP_003609.2
1483,50100106,153999,CN(C)C[C@@H]1CCN2C=C(C3=CC=CC=C32)C4=C(C5=CN(CCO1)C6=CC=CC=C65)C(=O)NC4=O,Active,,,,0.96,53,MST2 Inhibition Activity,NP_006272.2
1484,50100106,153999,CN(C)C[C@@H]1CCN2C=C(C3=CC=CC=C32)C4=C(C5=CN(CCO1)C6=CC=CC=C65)C(=O)NC4=O,Inactive,,,,5.4,57,PKAC-alpha Inhibition Activity,NP_002721.1
1485,50100106,153999,CN(C)C[C@@H]1CCN2C=C(C3=CC=CC=C32)C4=C(C5=CN(CCO1)C6=CC=CC=C65)C(=O)NC4=O,Inactive,,,,6.1,62,RPS6KA4(Kin.Dom.1 - N-terminal) Inhibition Activity,NP_001006945.1
1486,50100106,153999,CN(C)C[C@@H]1CCN2C=C(C3=CC=CC=C32)C4=C(C5=CN(CCO1)C6=CC=CC=C65)C(=O)NC4=O,Active,,,,1.3,63,RPS6KA5(Kin.Dom.1 - N-terminal) Inhibition Activity,NP_872198.1
1487,50100106,153999,CN(C)C[C@@H]1CCN2C=C(C3=CC=CC=C32)C4=C(C5=CN(CCO1)C6=CC=CC=C65)C(=O)NC4=O,Active,,,,0.4,64,SLK Inhibition Activity,NP_055535.2
1488,50100106,153999,CN(C)C[C@@H]1CCN2C=C(C3=CC=CC=C32)C4=C(C5=CN(CCO1)C6=CC=CC=C65)C(=O)NC4=O,Inactive,,,,3.1,65,STK33 Inhibition Activity,NP_112168.1
1489,50100106,153999,CN(C)C[C@@H]1CCN2C=C(C3=CC=CC=C32)C4=C(C5=CN(CCO1)C6=CC=CC=C65)C(=O)NC4=O,Active,,,,1.4,77,CIT Inhibition Activity,NP_009105.1
1490,50100106,153999,CN(C)C[C@@H]1CCN2C=C(C3=CC=CC=C32)C4=C(C5=CN(CCO1)C6=CC=CC=C65)C(=O)NC4=O,Inactive,,,,5,105,CAMKK1 Inhibition Activity,NP_115670.1
1491,50100106,153999,CN(C)C[C@@H]1CCN2C=C(C3=CC=CC=C32)C4=C(C5=CN(CCO1)C6=CC=CC=C65)C(=O)NC4=O,Active,,,,2.4,106,CAMKK2 Inhibition Activity,NP_006540.3
1492,50100106,153999,CN(C)C[C@@H]1CCN2C=C(C3=CC=CC=C32)C4=C(C5=CN(CCO1)C6=CC=CC=C65)C(=O)NC4=O,Active,,,,0.42,110,CLK2 Inhibition Activity,NP_003984.2
1493,50100106,153999,CN(C)C[C@@H]1CCN2C=C(C3=CC=CC=C32)C4=C(C5=CN(CCO1)C6=CC=CC=C65)C(=O)NC4=O,Active,,,,1.1,129,GAK Inhibition Activity,NP_005246.2
1494,50100106,153999,CN(C)C[C@@H]1CCN2C=C(C3=CC=CC=C32)C4=C(C5=CN(CCO1)C6=CC=CC=C65)C(=O)NC4=O,Active,,,,0.42,133,JAK3(Kin.Dom.2/JH1 - catalytic) Inhibition Activity,NP_000206.2
1495,50100106,153999,CN(C)C[C@@H]1CCN2C=C(C3=CC=CC=C32)C4=C(C5=CN(CCO1)C6=CC=CC=C65)C(=O)NC4=O,Active,,,,2.6,136,LATS1 Inhibition Activity,NP_004681.1
1496,50100106,153999,CN(C)C[C@@H]1CCN2C=C(C3=CC=CC=C32)C4=C(C5=CN(CCO1)C6=CC=CC=C65)C(=O)NC4=O,Inactive,,,,3.2,148,PKAC-beta Inhibition Activity,NP_002722.1
1497,50100106,153999,CN(C)C[C@@H]1CCN2C=C(C3=CC=CC=C32)C4=C(C5=CN(CCO1)C6=CC=CC=C65)C(=O)NC4=O,Active,,,,0.0025,149,PRKCQ Inhibition Activity,NP_006248.1
1498,50100106,153999,CN(C)C[C@@H]1CCN2C=C(C3=CC=CC=C32)C4=C(C5=CN(CCO1)C6=CC=CC=C65)C(=O)NC4=O,Active,,,,0.89,151,PRKD2 Inhibition Activity,NP_057541.2
1499,50100106,153999,CN(C)C[C@@H]1CCN2C=C(C3=CC=CC=C32)C4=C(C5=CN(CCO1)C6=CC=CC=C65)C(=O)NC4=O,Inactive,,,,4.7,179,PLK4 Inhibition Activity,BAB69958.1
1500,50100106,153999,CN(C)C[C@@H]1CCN2C=C(C3=CC=CC=C32)C4=C(C5=CN(CCO1)C6=CC=CC=C65)C(=O)NC4=O,Inactive,,,,5.4,189,DYRK1B Inhibition Activity,NP_004705.1
1501,50100106,153999,CN(C)C[C@@H]1CCN2C=C(C3=CC=CC=C32)C4=C(C5=CN(CCO1)C6=CC=CC=C65)C(=O)NC4=O,Active,,,,2.6,194,GSK3B Inhibition Activity,NP_002084.2
1502,50100106,153999,CN(C)C[C@@H]1CCN2C=C(C3=CC=CC=C32)C4=C(C5=CN(CCO1)C6=CC=CC=C65)C(=O)NC4=O,Inactive,,,,3.7,198,PHKG1 Inhibition Activity,NP_006204.1
1503,50100106,153999,CN(C)C[C@@H]1CCN2C=C(C3=CC=CC=C32)C4=C(C5=CN(CCO1)C6=CC=CC=C65)C(=O)NC4=O,Active,,,,0.32,199,SNARK Inhibition Activity,NP_112214.2
1504,50100106,153999,CN(C)C[C@@H]1CCN2C=C(C3=CC=CC=C32)C4=C(C5=CN(CCO1)C6=CC=CC=C65)C(=O)NC4=O,Active,,,,0.9,200,AAK1 Inhibition Activity,NP_055726.3
1505,50100106,153999,CN(C)C[C@@H]1CCN2C=C(C3=CC=CC=C32)C4=C(C5=CN(CCO1)C6=CC=CC=C65)C(=O)NC4=O,Active,,,,1.8,202,ARK5 Inhibition Activity,NP_055655.1
1506,50100106,153999,CN(C)C[C@@H]1CCN2C=C(C3=CC=CC=C32)C4=C(C5=CN(CCO1)C6=CC=CC=C65)C(=O)NC4=O,Active,,,,0.43,203,BIKE Inhibition Activity,NP_060063.2
1507,50100106,153999,CN(C)C[C@@H]1CCN2C=C(C3=CC=CC=C32)C4=C(C5=CN(CCO1)C6=CC=CC=C65)C(=O)NC4=O,Active,,,,0.54,204,CHEK1 Inhibition Activity,NP_001265.2
1508,50100106,153999,CN(C)C[C@@H]1CCN2C=C(C3=CC=CC=C32)C4=C(C5=CN(CCO1)C6=CC=CC=C65)C(=O)NC4=O,Inactive,,,,3.6,205,CSNK2A1 Inhibition Activity,NP_001886.1
1509,50100106,153999,CN(C)C[C@@H]1CCN2C=C(C3=CC=CC=C32)C4=C(C5=CN(CCO1)C6=CC=CC=C65)C(=O)NC4=O,Inactive,,,,3.4,206,CSNK2A2 Inhibition Activity,NP_001887.1
1510,50100106,153999,CN(C)C[C@@H]1CCN2C=C(C3=CC=CC=C32)C4=C(C5=CN(CCO1)C6=CC=CC=C65)C(=O)NC4=O,Active,,,,1.4,219,MLK1 Inhibition Activity,NP_149132.2
1511,50100106,153999,CN(C)C[C@@H]1CCN2C=C(C3=CC=CC=C32)C4=C(C5=CN(CCO1)C6=CC=CC=C65)C(=O)NC4=O,Active,,,,0.29,223,MYLK Inhibition Activity,NP_444254.3
1512,50100106,153999,CN(C)C[C@@H]1CCN2C=C(C3=CC=CC=C32)C4=C(C5=CN(CCO1)C6=CC=CC=C65)C(=O)NC4=O,Active,,,,0.69,229,PIP5K1A Inhibition Activity,AAC50911.1
1513,50100106,153999,CN(C)C[C@@H]1CCN2C=C(C3=CC=CC=C32)C4=C(C5=CN(CCO1)C6=CC=CC=C65)C(=O)NC4=O,Active,,,,0.83,230,PIP5K2B Inhibition Activity,NP_003550.1
1514,50100106,153999,CN(C)C[C@@H]1CCN2C=C(C3=CC=CC=C32)C4=C(C5=CN(CCO1)C6=CC=CC=C65)C(=O)NC4=O,Active,,,,0.35,231,PKN1 Inhibition Activity,NP_998725.1
1515,50100106,153999,CN(C)C[C@@H]1CCN2C=C(C3=CC=CC=C32)C4=C(C5=CN(CCO1)C6=CC=CC=C65)C(=O)NC4=O,Active,,,,1.5,232,PKN2 Inhibition Activity,NP_006247.1
1516,50100106,153999,CN(C)C[C@@H]1CCN2C=C(C3=CC=CC=C32)C4=C(C5=CN(CCO1)C6=CC=CC=C65)C(=O)NC4=O,Active,,,,0.81,233,RIOK1 Inhibition Activity,NP_113668.2
1517,50100106,153999,CN(C)C[C@@H]1CCN2C=C(C3=CC=CC=C32)C4=C(C5=CN(CCO1)C6=CC=CC=C65)C(=O)NC4=O,Active,,,,0.4,235,RPS6KA1(Kin.Dom.1 - N-terminal) Inhibition Activity,NP_002944.2
1518,50100106,153999,CN(C)C[C@@H]1CCN2C=C(C3=CC=CC=C32)C4=C(C5=CN(CCO1)C6=CC=CC=C65)C(=O)NC4=O,Active,,,,0.28,236,RPS6KA2(Kin.Dom.1 - N-terminal) Inhibition Activity,NP_066958.2
1519,50100106,153999,CN(C)C[C@@H]1CCN2C=C(C3=CC=CC=C32)C4=C(C5=CN(CCO1)C6=CC=CC=C65)C(=O)NC4=O,Inactive,,,,3.6,237,RPS6KA3(Kin.Dom.1 - N-terminal) Inhibition Activity,NP_004577.1
1520,50100106,153999,CN(C)C[C@@H]1CCN2C=C(C3=CC=CC=C32)C4=C(C5=CN(CCO1)C6=CC=CC=C65)C(=O)NC4=O,Active,,,,2.3,238,RPS6KA6(Kin.Dom.1 - N-terminal) Inhibition Activity,NP_055311.1
1521,50100106,153999,CN(C)C[C@@H]1CCN2C=C(C3=CC=CC=C32)C4=C(C5=CN(CCO1)C6=CC=CC=C65)C(=O)NC4=O,Active,,,,0.28,259,DMPK Inhibition Activity,NP_004400.4
1522,50100106,153999,CN(C)C[C@@H]1CCN2C=C(C3=CC=CC=C32)C4=C(C5=CN(CCO1)C6=CC=CC=C65)C(=O)NC4=O,Active,,,,0.0036,268,PRKCD Inhibition Activity,NP_006245.2
1523,50100106,153999,CN(C)C[C@@H]1CCN2C=C(C3=CC=CC=C32)C4=C(C5=CN(CCO1)C6=CC=CC=C65)C(=O)NC4=O,Inactive,,,,4.5,270,CAMK2A Inhibition Activity,NP_741960.1
1524,50100106,153999,CN(C)C[C@@H]1CCN2C=C(C3=CC=CC=C32)C4=C(C5=CN(CCO1)C6=CC=CC=C65)C(=O)NC4=O,Active,,,,0.27,272,PIM1 Inhibition Activity,NP_002639.1
1525,50100106,153999,CN(C)C[C@@H]1CCN2C=C(C3=CC=CC=C32)C4=C(C5=CN(CCO1)C6=CC=CC=C65)C(=O)NC4=O,Active,,,,1.7,273,PIM2 Inhibition Activity,NP_006866.2
1526,50100106,153999,CN(C)C[C@@H]1CCN2C=C(C3=CC=CC=C32)C4=C(C5=CN(CCO1)C6=CC=CC=C65)C(=O)NC4=O,Active,,,,0.012,274,PIM3 Inhibition Activity,NP_001001852.2
1527,50100106,153999,CN(C)C[C@@H]1CCN2C=C(C3=CC=CC=C32)C4=C(C5=CN(CCO1)C6=CC=CC=C65)C(=O)NC4=O,Active,,,,0.011,275,PRKCE Inhibition Activity,NP_005391.1
1528,50100106,153999,CN(C)C[C@@H]1CCN2C=C(C3=CC=CC=C32)C4=C(C5=CN(CCO1)C6=CC=CC=C65)C(=O)NC4=O,Active,,,,1.8,276,PRKCH Inhibition Activity,NP_006246.2
1529,50100106,153999,CN(C)C[C@@H]1CCN2C=C(C3=CC=CC=C32)C4=C(C5=CN(CCO1)C6=CC=CC=C65)C(=O)NC4=O,Active,,,,0.93,278,MEK4 Inhibition Activity,NP_003001.1
1530,50100106,153999,CN(C)C[C@@H]1CCN2C=C(C3=CC=CC=C32)C4=C(C5=CN(CCO1)C6=CC=CC=C65)C(=O)NC4=O,Active,,,,0.7,288,PDPK1 Inhibition Activity,NP_002604.1
1531,50100106,153999,CN(C)C[C@@H]1CCN2C=C(C3=CC=CC=C32)C4=C(C5=CN(CCO1)C6=CC=CC=C65)C(=O)NC4=O,Active,,,,1.4,291,AKT3 Inhibition Activity,NP_005456.1
1532,50100106,153999,CN(C)C[C@@H]1CCN2C=C(C3=CC=CC=C32)C4=C(C5=CN(CCO1)C6=CC=CC=C65)C(=O)NC4=O,Inactive,,,,4.6,292,CAMK2D Inhibition Activity,AAD20442.1
1533,50100106,153999,CN(C)C[C@@H]1CCN2C=C(C3=CC=CC=C32)C4=C(C5=CN(CCO1)C6=CC=CC=C65)C(=O)NC4=O,Inactive,,,,7.8,293,CAMK2G Inhibition Activity,NP_751913.1
1534,50100106,153999,CN(C)C[C@@H]1CCN2C=C(C3=CC=CC=C32)C4=C(C5=CN(CCO1)C6=CC=CC=C65)C(=O)NC4=O,Active,,,,0.97,294,DAPK1 Inhibition Activity,NP_004929.2
1535,50100106,153999,CN(C)C[C@@H]1CCN2C=C(C3=CC=CC=C32)C4=C(C5=CN(CCO1)C6=CC=CC=C65)C(=O)NC4=O,Inactive,,,,3.1,295,PRKG2 Inhibition Activity,NP_006250.1
1536,50100107,208908,CS(=O)(=O)CCNCC1=CC=C(O1)C2=CC3=C(C=C2)N=CN=C3NC4=CC(=C(C=C4)OCC5=CC(=CC=C5)F)Cl,Active,,,,0.00092,19,EGFR(G719C) Inhibition Activity,NP_005219.2
1537,50100107,208908,CS(=O)(=O)CCNCC1=CC=C(O1)C2=CC3=C(C=C2)N=CN=C3NC4=CC(=C(C=C4)OCC5=CC(=CC=C5)F)Cl,Inactive,,,,4.4,43,LOK Inhibition Activity,BAA35073.1
1538,50100107,208908,CS(=O)(=O)CCNCC1=CC=C(O1)C2=CC3=C(C=C2)N=CN=C3NC4=CC(=C(C=C4)OCC5=CC(=CC=C5)F)Cl,Active,,,,0.0024,78,EGFR Inhibition Activity,NP_005219.2
1539,50100107,208908,CS(=O)(=O)CCNCC1=CC=C(O1)C2=CC3=C(C=C2)N=CN=C3NC4=CC(=C(C=C4)OCC5=CC(=CC=C5)F)Cl,Active,,,,0.0021,79,EGFR(G719S) Inhibition Activity,NP_005219.2
1540,50100107,208908,CS(=O)(=O)CCNCC1=CC=C(O1)C2=CC3=C(C=C2)N=CN=C3NC4=CC(=C(C=C4)OCC5=CC(=CC=C5)F)Cl,Active,,,,0.0022,80,EGFR(L747-E749del  A750P) Inhibition Activity,NP_005219.2
1541,50100107,208908,CS(=O)(=O)CCNCC1=CC=C(O1)C2=CC3=C(C=C2)N=CN=C3NC4=CC(=C(C=C4)OCC5=CC(=CC=C5)F)Cl,Active,,,,0.0039,81,EGFR(L747-S752del  P753S) Inhibition Activity,NP_005219.2
1542,50100107,208908,CS(=O)(=O)CCNCC1=CC=C(O1)C2=CC3=C(C=C2)N=CN=C3NC4=CC(=C(C=C4)OCC5=CC(=CC=C5)F)Cl,Active,,,,0.0035,82,EGFR(L747-T751del Sins) Inhibition Activity,NP_005219.2
1543,50100107,208908,CS(=O)(=O)CCNCC1=CC=C(O1)C2=CC3=C(C=C2)N=CN=C3NC4=CC(=C(C=C4)OCC5=CC(=CC=C5)F)Cl,Active,,,,0.0012,83,EGFR(L861Q) Inhibition Activity,NP_005219.2
1544,50100107,208908,CS(=O)(=O)CCNCC1=CC=C(O1)C2=CC3=C(C=C2)N=CN=C3NC4=CC(=C(C=C4)OCC5=CC(=CC=C5)F)Cl,Active,,,,0.0086,118,EGFR(E746-A750del) Inhibition Activity,NP_005219.2
1545,50100107,208908,CS(=O)(=O)CCNCC1=CC=C(O1)C2=CC3=C(C=C2)N=CN=C3NC4=CC(=C(C=C4)OCC5=CC(=CC=C5)F)Cl,Active,,,,0.0028,119,EGFR(L858R) Inhibition Activity,NP_005219.2
1546,50100107,208908,CS(=O)(=O)CCNCC1=CC=C(O1)C2=CC3=C(C=C2)N=CN=C3NC4=CC(=C(C=C4)OCC5=CC(=CC=C5)F)Cl,Inactive,,,,3.6,155,RIPK2 Inhibition Activity,NP_003812.1
1547,50100107,208908,CS(=O)(=O)CCNCC1=CC=C(O1)C2=CC3=C(C=C2)N=CN=C3NC4=CC(=C(C=C4)OCC5=CC(=CC=C5)F)Cl,Active,,,,0.0042,175,EGFR(S752-I759del) Inhibition Activity,NP_005219.2
1548,50100107,208908,CS(=O)(=O)CCNCC1=CC=C(O1)C2=CC3=C(C=C2)N=CN=C3NC4=CC(=C(C=C4)OCC5=CC(=CC=C5)F)Cl,Active,,,,0.007,176,ERBB2 Inhibition Activity,NP_001005862.1
1549,50100107,208908,CS(=O)(=O)CCNCC1=CC=C(O1)C2=CC3=C(C=C2)N=CN=C3NC4=CC(=C(C=C4)OCC5=CC(=CC=C5)F)Cl,Active,,,,0.054,177,ERBB4 Inhibition Activity,NP_001036064.1
1550,50100108,3038522,CC(C)OC1=CC=C(C=C1)NC(=O)N2CCN(CC2)C3=NC=NC4=CC(=C(C=C43)OC)OCCCN5CCCCC5,Active,,,,1.6,5,AURKC Inhibition Activity,AAC77369.1
1551,50100108,3038522,CC(C)OC1=CC=C(C=C1)NC(=O)N2CCN(CC2)C3=NC=NC4=CC(=C(C=C43)OC)OCCCN5CCCCC5,Active,,,,0.63,14,CLK1 Inhibition Activity,AAA61480.1
1552,50100108,3038522,CC(C)OC1=CC=C(C=C1)NC(=O)N2CCN(CC2)C3=NC=NC4=CC(=C(C=C43)OC)OCCCN5CCCCC5,Active,,,,1.6,15,CLK4 Inhibition Activity,NP_065717.1
1553,50100108,3038522,CC(C)OC1=CC=C(C=C1)NC(=O)N2CCN(CC2)C3=NC=NC4=CC(=C(C=C43)OC)OCCCN5CCCCC5,Active,,,,0.0049,16,CSF1R Inhibition Activity,NP_005202.2
1554,50100108,3038522,CC(C)OC1=CC=C(C=C1)NC(=O)N2CCN(CC2)C3=NC=NC4=CC(=C(C=C43)OC)OCCCN5CCCCC5,Active,,,,1.4,17,DDR1 Inhibition Activity,NP_001945.3
1555,50100108,3038522,CC(C)OC1=CC=C(C=C1)NC(=O)N2CCN(CC2)C3=NC=NC4=CC(=C(C=C43)OC)OCCCN5CCCCC5,Active,,,,0.21,19,EGFR(G719C) Inhibition Activity,NP_005219.2
1556,50100108,3038522,CC(C)OC1=CC=C(C=C1)NC(=O)N2CCN(CC2)C3=NC=NC4=CC(=C(C=C43)OC)OCCCN5CCCCC5,Inactive,,,,3.1,26,FLT1 Inhibition Activity,NP_002010.2
1557,50100108,3038522,CC(C)OC1=CC=C(C=C1)NC(=O)N2CCN(CC2)C3=NC=NC4=CC(=C(C=C43)OC)OCCCN5CCCCC5,Active,,,,0.003,27,FLT3 Inhibition Activity,NP_004110.2
1558,50100108,3038522,CC(C)OC1=CC=C(C=C1)NC(=O)N2CCN(CC2)C3=NC=NC4=CC(=C(C=C43)OC)OCCCN5CCCCC5,Active,,,,0.31,28,FLT3(D835H) Inhibition Activity,NP_004110.2
1559,50100108,3038522,CC(C)OC1=CC=C(C=C1)NC(=O)N2CCN(CC2)C3=NC=NC4=CC(=C(C=C43)OC)OCCCN5CCCCC5,Active,,,,1.8,29,FLT3(D835Y) Inhibition Activity,NP_004110.2
1560,50100108,3038522,CC(C)OC1=CC=C(C=C1)NC(=O)N2CCN(CC2)C3=NC=NC4=CC(=C(C=C43)OC)OCCCN5CCCCC5,Active,,,,0.0091,30,FLT3(ITD) Inhibition Activity,NP_004110.2
1561,50100108,3038522,CC(C)OC1=CC=C(C=C1)NC(=O)N2CCN(CC2)C3=NC=NC4=CC(=C(C=C43)OC)OCCCN5CCCCC5,Active,,,,0.029,31,FLT3(N841I) Inhibition Activity,NP_004110.2
1562,50100108,3038522,CC(C)OC1=CC=C(C=C1)NC(=O)N2CCN(CC2)C3=NC=NC4=CC(=C(C=C43)OC)OCCCN5CCCCC5,Active,,,,0.0027,36,KIT Inhibition Activity,NP_000213.1
1563,50100108,3038522,CC(C)OC1=CC=C(C=C1)NC(=O)N2CCN(CC2)C3=NC=NC4=CC(=C(C=C43)OC)OCCCN5CCCCC5,Active,,,,0.029,37,KIT(D816V) Inhibition Activity,NP_000213.1
1564,50100108,3038522,CC(C)OC1=CC=C(C=C1)NC(=O)N2CCN(CC2)C3=NC=NC4=CC(=C(C=C43)OC)OCCCN5CCCCC5,Active,,,,1.1,38,KIT(V559D T670I) Inhibition Activity,NP_000213.1
1565,50100108,3038522,CC(C)OC1=CC=C(C=C1)NC(=O)N2CCN(CC2)C3=NC=NC4=CC(=C(C=C43)OC)OCCCN5CCCCC5,Active,,,,0.026,39,KIT(V559D V654A) Inhibition Activity,NP_000213.1
1566,50100108,3038522,CC(C)OC1=CC=C(C=C1)NC(=O)N2CCN(CC2)C3=NC=NC4=CC(=C(C=C43)OC)OCCCN5CCCCC5,Active,,,,0.0038,40,KIT(V559D) Inhibition Activity,NP_000213.1
1567,50100108,3038522,CC(C)OC1=CC=C(C=C1)NC(=O)N2CCN(CC2)C3=NC=NC4=CC(=C(C=C43)OC)OCCCN5CCCCC5,Active,,,,0.78,47,MAP4K5 Inhibition Activity,NP_006566.2
1568,50100108,3038522,CC(C)OC1=CC=C(C=C1)NC(=O)N2CCN(CC2)C3=NC=NC4=CC(=C(C=C43)OC)OCCCN5CCCCC5,Active,,,,0.0024,55,PDGFRA Inhibition Activity,NP_006197.1
1569,50100108,3038522,CC(C)OC1=CC=C(C=C1)NC(=O)N2CCN(CC2)C3=NC=NC4=CC(=C(C=C43)OC)OCCCN5CCCCC5,Active,,,,0.0045,56,PDGFRB Inhibition Activity,NP_002600.1
1570,50100108,3038522,CC(C)OC1=CC=C(C=C1)NC(=O)N2CCN(CC2)C3=NC=NC4=CC(=C(C=C43)OC)OCCCN5CCCCC5,Active,,,,0.45,68,TRKA Inhibition Activity,NP_001012331.1
1571,50100108,3038522,CC(C)OC1=CC=C(C=C1)NC(=O)N2CCN(CC2)C3=NC=NC4=CC(=C(C=C43)OC)OCCCN5CCCCC5,Active,,,,0.74,69,TRKB Inhibition Activity,NP_006171.2
1572,50100108,3038522,CC(C)OC1=CC=C(C=C1)NC(=O)N2CCN(CC2)C3=NC=NC4=CC(=C(C=C43)OC)OCCCN5CCCCC5,Active,,,,2,70,TRKC Inhibition Activity,AAA75374.1
1573,50100108,3038522,CC(C)OC1=CC=C(C=C1)NC(=O)N2CCN(CC2)C3=NC=NC4=CC(=C(C=C43)OC)OCCCN5CCCCC5,Active,,,,0.41,78,EGFR Inhibition Activity,NP_005219.2
1574,50100108,3038522,CC(C)OC1=CC=C(C=C1)NC(=O)N2CCN(CC2)C3=NC=NC4=CC(=C(C=C43)OC)OCCCN5CCCCC5,Active,,,,0.23,79,EGFR(G719S) Inhibition Activity,NP_005219.2
1575,50100108,3038522,CC(C)OC1=CC=C(C=C1)NC(=O)N2CCN(CC2)C3=NC=NC4=CC(=C(C=C43)OC)OCCCN5CCCCC5,Active,,,,0.26,80,EGFR(L747-E749del  A750P) Inhibition Activity,NP_005219.2
1576,50100108,3038522,CC(C)OC1=CC=C(C=C1)NC(=O)N2CCN(CC2)C3=NC=NC4=CC(=C(C=C43)OC)OCCCN5CCCCC5,Active,,,,0.41,81,EGFR(L747-S752del  P753S) Inhibition Activity,NP_005219.2
1577,50100108,3038522,CC(C)OC1=CC=C(C=C1)NC(=O)N2CCN(CC2)C3=NC=NC4=CC(=C(C=C43)OC)OCCCN5CCCCC5,Active,,,,0.47,82,EGFR(L747-T751del Sins) Inhibition Activity,NP_005219.2
1578,50100108,3038522,CC(C)OC1=CC=C(C=C1)NC(=O)N2CCN(CC2)C3=NC=NC4=CC(=C(C=C43)OC)OCCCN5CCCCC5,Active,,,,0.87,83,EGFR(L861Q) Inhibition Activity,NP_005219.2
1579,50100108,3038522,CC(C)OC1=CC=C(C=C1)NC(=O)N2CCN(CC2)C3=NC=NC4=CC(=C(C=C43)OC)OCCCN5CCCCC5,Active,,,,0.33,118,EGFR(E746-A750del) Inhibition Activity,NP_005219.2
1580,50100108,3038522,CC(C)OC1=CC=C(C=C1)NC(=O)N2CCN(CC2)C3=NC=NC4=CC(=C(C=C43)OC)OCCCN5CCCCC5,Active,,,,0.4,119,EGFR(L858R) Inhibition Activity,NP_005219.2
1581,50100108,3038522,CC(C)OC1=CC=C(C=C1)NC(=O)N2CCN(CC2)C3=NC=NC4=CC(=C(C=C43)OC)OCCCN5CCCCC5,Inactive,,,,6,144,PCTK1 Inhibition Activity,NP_006192.1
1582,50100108,3038522,CC(C)OC1=CC=C(C=C1)NC(=O)N2CCN(CC2)C3=NC=NC4=CC(=C(C=C43)OC)OCCCN5CCCCC5,Active,,,,0.35,175,EGFR(S752-I759del) Inhibition Activity,NP_005219.2
1583,50100108,3038522,CC(C)OC1=CC=C(C=C1)NC(=O)N2CCN(CC2)C3=NC=NC4=CC(=C(C=C43)OC)OCCCN5CCCCC5,Active,,,,0.73,195,IRAK3 Inhibition Activity,NP_009130.2
1584,50100108,3038522,CC(C)OC1=CC=C(C=C1)NC(=O)N2CCN(CC2)C3=NC=NC4=CC(=C(C=C43)OC)OCCCN5CCCCC5,Active,,,,2.5,246,ACVR1 Inhibition Activity,NP_001096.1
1585,50100109,11712649,C1C2=CN=C(N=C2C3=C(C=C(C=C3)Cl)C(=N1)C4=C(C=CC=C4F)F)NC5=CC=C(C=C5)C(=O)O,Active,,,,0.45,1,ABL1(T315I) Inhibition Activity,NP_005148.2
1586,50100109,11712649,C1C2=CN=C(N=C2C3=C(C=C(C=C3)Cl)C(=N1)C4=C(C=CC=C4F)F)NC5=CC=C(C=C5)C(=O)O,Active,,,,0.0065,3,AURKA Inhibition Activity,NP_003591.2
1587,50100109,11712649,C1C2=CN=C(N=C2C3=C(C=C(C=C3)Cl)C(=N1)C4=C(C=CC=C4F)F)NC5=CC=C(C=C5)C(=O)O,Active,,,,0.043,4,AURKB Inhibition Activity,AAH00442.3
1588,50100109,11712649,C1C2=CN=C(N=C2C3=C(C=C(C=C3)Cl)C(=N1)C4=C(C=CC=C4F)F)NC5=CC=C(C=C5)C(=O)O,Active,,,,0.026,5,AURKC Inhibition Activity,AAC77369.1
1589,50100109,11712649,C1C2=CN=C(N=C2C3=C(C=C(C=C3)Cl)C(=N1)C4=C(C=CC=C4F)F)NC5=CC=C(C=C5)C(=O)O,Active,,,,0.44,6,AXL Inhibition Activity,NP_001690.2
1590,50100109,11712649,C1C2=CN=C(N=C2C3=C(C=C(C=C3)Cl)C(=N1)C4=C(C=CC=C4F)F)NC5=CC=C(C=C5)C(=O)O,Inactive,,,,4.2,17,DDR1 Inhibition Activity,NP_001945.3
1591,50100109,11712649,C1C2=CN=C(N=C2C3=C(C=C(C=C3)Cl)C(=N1)C4=C(C=CC=C4F)F)NC5=CC=C(C=C5)C(=O)O,Active,,,,2.1,20,EPHA3 Inhibition Activity,NP_005224.2
1592,50100109,11712649,C1C2=CN=C(N=C2C3=C(C=C(C=C3)Cl)C(=N1)C4=C(C=CC=C4F)F)NC5=CC=C(C=C5)C(=O)O,Active,,,,0.58,21,EPHA6 Inhibition Activity,NP_001073917.2
1593,50100109,11712649,C1C2=CN=C(N=C2C3=C(C=C(C=C3)Cl)C(=N1)C4=C(C=CC=C4F)F)NC5=CC=C(C=C5)C(=O)O,Active,,,,1,22,EPHA7 Inhibition Activity,NP_004431.1
1594,50100109,11712649,C1C2=CN=C(N=C2C3=C(C=C(C=C3)Cl)C(=N1)C4=C(C=CC=C4F)F)NC5=CC=C(C=C5)C(=O)O,Inactive,,,,3.5,23,EPHB3 Inhibition Activity,NP_004434.2
1595,50100109,11712649,C1C2=CN=C(N=C2C3=C(C=C(C=C3)Cl)C(=N1)C4=C(C=CC=C4F)F)NC5=CC=C(C=C5)C(=O)O,Active,,,,0.56,24,EPHB4 Inhibition Activity,NP_004435.3
1596,50100109,11712649,C1C2=CN=C(N=C2C3=C(C=C(C=C3)Cl)C(=N1)C4=C(C=CC=C4F)F)NC5=CC=C(C=C5)C(=O)O,Active,,,,1,26,FLT1 Inhibition Activity,NP_002010.2
1597,50100109,11712649,C1C2=CN=C(N=C2C3=C(C=C(C=C3)Cl)C(=N1)C4=C(C=CC=C4F)F)NC5=CC=C(C=C5)C(=O)O,Inactive,,,,3.1,32,FLT4 Inhibition Activity,CAA49505.1
1598,50100109,11712649,C1C2=CN=C(N=C2C3=C(C=C(C=C3)Cl)C(=N1)C4=C(C=CC=C4F)F)NC5=CC=C(C=C5)C(=O)O,Inactive,,,,3.7,43,LOK Inhibition Activity,BAA35073.1
1599,50100109,11712649,C1C2=CN=C(N=C2C3=C(C=C(C=C3)Cl)C(=N1)C4=C(C=CC=C4F)F)NC5=CC=C(C=C5)C(=O)O,Active,,,,0.73,48,MERTK Inhibition Activity,AAB60430.1
1600,50100109,11712649,C1C2=CN=C(N=C2C3=C(C=C(C=C3)Cl)C(=N1)C4=C(C=CC=C4F)F)NC5=CC=C(C=C5)C(=O)O,Active,,,,1.6,66,TIE1 Inhibition Activity,NP_005415.1
1601,50100109,11712649,C1C2=CN=C(N=C2C3=C(C=C(C=C3)Cl)C(=N1)C4=C(C=CC=C4F)F)NC5=CC=C(C=C5)C(=O)O,Active,,,,0.3,67,TIE2 Inhibition Activity,NP_000450.2
1602,50100109,11712649,C1C2=CN=C(N=C2C3=C(C=C(C=C3)Cl)C(=N1)C4=C(C=CC=C4F)F)NC5=CC=C(C=C5)C(=O)O,Active,,,,0.82,73,ABL1 Inhibition Activity,NP_005148.2
1603,50100109,11712649,C1C2=CN=C(N=C2C3=C(C=C(C=C3)Cl)C(=N1)C4=C(C=CC=C4F)F)NC5=CC=C(C=C5)C(=O)O,Active,,,,0.068,74,BLK Inhibition Activity,NP_001706.2
1604,50100109,11712649,C1C2=CN=C(N=C2C3=C(C=C(C=C3)Cl)C(=N1)C4=C(C=CC=C4F)F)NC5=CC=C(C=C5)C(=O)O,Inactive,,,,6.4,81,EGFR(L747-S752del  P753S) Inhibition Activity,NP_005219.2
1605,50100109,11712649,C1C2=CN=C(N=C2C3=C(C=C(C=C3)Cl)C(=N1)C4=C(C=CC=C4F)F)NC5=CC=C(C=C5)C(=O)O,Active,,,,2.4,84,FGFR1 Inhibition Activity,NP_075593.1
1606,50100109,11712649,C1C2=CN=C(N=C2C3=C(C=C(C=C3)Cl)C(=N1)C4=C(C=CC=C4F)F)NC5=CC=C(C=C5)C(=O)O,Active,,,,0.22,86,FGR Inhibition Activity,NP_005239.1
1607,50100109,11712649,C1C2=CN=C(N=C2C3=C(C=C(C=C3)Cl)C(=N1)C4=C(C=CC=C4F)F)NC5=CC=C(C=C5)C(=O)O,Active,,,,1.3,87,FYN Inhibition Activity,NP_694592.1
1608,50100109,11712649,C1C2=CN=C(N=C2C3=C(C=C(C=C3)Cl)C(=N1)C4=C(C=CC=C4F)F)NC5=CC=C(C=C5)C(=O)O,Active,,,,0.59,89,LCK Inhibition Activity,NP_005347.3
1609,50100109,11712649,C1C2=CN=C(N=C2C3=C(C=C(C=C3)Cl)C(=N1)C4=C(C=CC=C4F)F)NC5=CC=C(C=C5)C(=O)O,Active,,,,1.4,90,LYN Inhibition Activity,NP_002341.1
1610,50100109,11712649,C1C2=CN=C(N=C2C3=C(C=C(C=C3)Cl)C(=N1)C4=C(C=CC=C4F)F)NC5=CC=C(C=C5)C(=O)O,Inactive,,,,3.6,95,ABL1(E255K) Inhibition Activity,NP_005148.2
1611,50100109,11712649,C1C2=CN=C(N=C2C3=C(C=C(C=C3)Cl)C(=N1)C4=C(C=CC=C4F)F)NC5=CC=C(C=C5)C(=O)O,Active,,,,0.82,96,ABL1(H396P) Inhibition Activity,NP_005148.2
1612,50100109,11712649,C1C2=CN=C(N=C2C3=C(C=C(C=C3)Cl)C(=N1)C4=C(C=CC=C4F)F)NC5=CC=C(C=C5)C(=O)O,Active,,,,0.61,97,ABL1(M351T) Inhibition Activity,NP_005148.2
1613,50100109,11712649,C1C2=CN=C(N=C2C3=C(C=C(C=C3)Cl)C(=N1)C4=C(C=CC=C4F)F)NC5=CC=C(C=C5)C(=O)O,Active,,,,0.64,98,ABL1(Q252H) Inhibition Activity,NP_005148.2
1614,50100109,11712649,C1C2=CN=C(N=C2C3=C(C=C(C=C3)Cl)C(=N1)C4=C(C=CC=C4F)F)NC5=CC=C(C=C5)C(=O)O,Active,,,,0.63,99,ABL1(Y253F) Inhibition Activity,NP_005148.2
1615,50100109,11712649,C1C2=CN=C(N=C2C3=C(C=C(C=C3)Cl)C(=N1)C4=C(C=CC=C4F)F)NC5=CC=C(C=C5)C(=O)O,Inactive,,,,3.3,100,ABL2 Inhibition Activity,NP_005149.4
1616,50100109,11712649,C1C2=CN=C(N=C2C3=C(C=C(C=C3)Cl)C(=N1)C4=C(C=CC=C4F)F)NC5=CC=C(C=C5)C(=O)O,Inactive,,,,3.2,110,CLK2 Inhibition Activity,NP_003984.2
1617,50100109,11712649,C1C2=CN=C(N=C2C3=C(C=C(C=C3)Cl)C(=N1)C4=C(C=CC=C4F)F)NC5=CC=C(C=C5)C(=O)O,Inactive,,,,9,111,CSK Inhibition Activity,NP_004374.1
1618,50100109,11712649,C1C2=CN=C(N=C2C3=C(C=C(C=C3)Cl)C(=N1)C4=C(C=CC=C4F)F)NC5=CC=C(C=C5)C(=O)O,Inactive,,,,3.2,119,EGFR(L858R) Inhibition Activity,NP_005219.2
1619,50100109,11712649,C1C2=CN=C(N=C2C3=C(C=C(C=C3)Cl)C(=N1)C4=C(C=CC=C4F)F)NC5=CC=C(C=C5)C(=O)O,Active,,,,0.37,120,EPHA2 Inhibition Activity,NP_004422.2
1620,50100109,11712649,C1C2=CN=C(N=C2C3=C(C=C(C=C3)Cl)C(=N1)C4=C(C=CC=C4F)F)NC5=CC=C(C=C5)C(=O)O,Active,,,,0.42,121,EPHA4 Inhibition Activity,NP_004429.1
1621,50100109,11712649,C1C2=CN=C(N=C2C3=C(C=C(C=C3)Cl)C(=N1)C4=C(C=CC=C4F)F)NC5=CC=C(C=C5)C(=O)O,Active,,,,1.4,122,EPHA5 Inhibition Activity,NP_004430.4
1622,50100109,11712649,C1C2=CN=C(N=C2C3=C(C=C(C=C3)Cl)C(=N1)C4=C(C=CC=C4F)F)NC5=CC=C(C=C5)C(=O)O,Active,,,,0.33,124,EPHB1 Inhibition Activity,NP_004432.1
1623,50100109,11712649,C1C2=CN=C(N=C2C3=C(C=C(C=C3)Cl)C(=N1)C4=C(C=CC=C4F)F)NC5=CC=C(C=C5)C(=O)O,Inactive,,,,4.4,126,FER Inhibition Activity,NP_005237.2
1624,50100109,11712649,C1C2=CN=C(N=C2C3=C(C=C(C=C3)Cl)C(=N1)C4=C(C=CC=C4F)F)NC5=CC=C(C=C5)C(=O)O,Active,,,,1.7,128,FGFR2 Inhibition Activity,NP_075259.4
1625,50100109,11712649,C1C2=CN=C(N=C2C3=C(C=C(C=C3)Cl)C(=N1)C4=C(C=CC=C4F)F)NC5=CC=C(C=C5)C(=O)O,Active,,,,1.5,130,HCK Inhibition Activity,NP_002101.2
1626,50100109,11712649,C1C2=CN=C(N=C2C3=C(C=C(C=C3)Cl)C(=N1)C4=C(C=CC=C4F)F)NC5=CC=C(C=C5)C(=O)O,Active,,,,2,154,PTK2B Inhibition Activity,NP_775267.1
1627,50100109,11712649,C1C2=CN=C(N=C2C3=C(C=C(C=C3)Cl)C(=N1)C4=C(C=CC=C4F)F)NC5=CC=C(C=C5)C(=O)O,Inactive,,,,3.1,156,ROS1 Inhibition Activity,NP_002935.2
1628,50100109,11712649,C1C2=CN=C(N=C2C3=C(C=C(C=C3)Cl)C(=N1)C4=C(C=CC=C4F)F)NC5=CC=C(C=C5)C(=O)O,Active,,,,1.7,159,SNF1LK Inhibition Activity,NP_775490.2
1629,50100109,11712649,C1C2=CN=C(N=C2C3=C(C=C(C=C3)Cl)C(=N1)C4=C(C=CC=C4F)F)NC5=CC=C(C=C5)C(=O)O,Active,,,,0.8,160,SRC Inhibition Activity,NP_005408.1
1630,50100109,11712649,C1C2=CN=C(N=C2C3=C(C=C(C=C3)Cl)C(=N1)C4=C(C=CC=C4F)F)NC5=CC=C(C=C5)C(=O)O,Active,,,,2.4,167,TNK1 Inhibition Activity,AAH35782.1
1631,50100109,11712649,C1C2=CN=C(N=C2C3=C(C=C(C=C3)Cl)C(=N1)C4=C(C=CC=C4F)F)NC5=CC=C(C=C5)C(=O)O,Active,,,,0.26,170,YES Inhibition Activity,NP_005424.1
1632,50100109,11712649,C1C2=CN=C(N=C2C3=C(C=C(C=C3)Cl)C(=N1)C4=C(C=CC=C4F)F)NC5=CC=C(C=C5)C(=O)O,Active,,,,0.41,179,PLK4 Inhibition Activity,BAB69958.1
1633,50100109,11712649,C1C2=CN=C(N=C2C3=C(C=C(C=C3)Cl)C(=N1)C4=C(C=CC=C4F)F)NC5=CC=C(C=C5)C(=O)O,Active,,,,1.8,181,EPHA1 Inhibition Activity,NP_005223.4
1634,50100109,11712649,C1C2=CN=C(N=C2C3=C(C=C(C=C3)Cl)C(=N1)C4=C(C=CC=C4F)F)NC5=CC=C(C=C5)C(=O)O,Active,,,,0.19,188,DRAK1 Inhibition Activity,NP_004751.2
1635,50100109,11712649,C1C2=CN=C(N=C2C3=C(C=C(C=C3)Cl)C(=N1)C4=C(C=CC=C4F)F)NC5=CC=C(C=C5)C(=O)O,Active,,,,1.4,195,IRAK3 Inhibition Activity,NP_009130.2
1636,50100109,11712649,C1C2=CN=C(N=C2C3=C(C=C(C=C3)Cl)C(=N1)C4=C(C=CC=C4F)F)NC5=CC=C(C=C5)C(=O)O,Active,,,,0.0081,207,DRAK2 Inhibition Activity,NP_004217.1
1637,50100109,11712649,C1C2=CN=C(N=C2C3=C(C=C(C=C3)Cl)C(=N1)C4=C(C=CC=C4F)F)NC5=CC=C(C=C5)C(=O)O,Active,,,,1.2,208,FGFR3 Inhibition Activity,NP_000133.1
1638,50100109,11712649,C1C2=CN=C(N=C2C3=C(C=C(C=C3)Cl)C(=N1)C4=C(C=CC=C4F)F)NC5=CC=C(C=C5)C(=O)O,Active,,,,1.3,209,FGFR3(G697C) Inhibition Activity,NP_000133.1
1639,50100109,11712649,C1C2=CN=C(N=C2C3=C(C=C(C=C3)Cl)C(=N1)C4=C(C=CC=C4F)F)NC5=CC=C(C=C5)C(=O)O,Inactive,,,,3.1,244,TYRO3 Inhibition Activity,NP_006284.2
1640,50100109,11712649,C1C2=CN=C(N=C2C3=C(C=C(C=C3)Cl)C(=N1)C4=C(C=CC=C4F)F)NC5=CC=C(C=C5)C(=O)O,Inactive,,,,3.1,249,BMX Inhibition Activity,NP_001712.1
1641,50100109,11712649,C1C2=CN=C(N=C2C3=C(C=C(C=C3)Cl)C(=N1)C4=C(C=CC=C4F)F)NC5=CC=C(C=C5)C(=O)O,Inactive,,,,4.2,250,BTK Inhibition Activity,NP_000052.1
1642,50100109,11712649,C1C2=CN=C(N=C2C3=C(C=C(C=C3)Cl)C(=N1)C4=C(C=CC=C4F)F)NC5=CC=C(C=C5)C(=O)O,Active,,,,0.73,252,TEC Inhibition Activity,NP_003206.2
1643,50100109,11712649,C1C2=CN=C(N=C2C3=C(C=C(C=C3)Cl)C(=N1)C4=C(C=CC=C4F)F)NC5=CC=C(C=C5)C(=O)O,Active,,,,2.3,264,CLK3 Inhibition Activity,NP_003983.2
1644,50100110,9884685,C1COCCN1C2=NC(=NC3=C2OC4=C3C=CC=N4)C5=CC(=CC=C5)O,Inactive,,,,3.9,14,CLK1 Inhibition Activity,AAA61480.1
1645,50100110,9884685,C1COCCN1C2=NC(=NC3=C2OC4=C3C=CC=N4)C5=CC(=CC=C5)O,Inactive,,,,3.5,42,LIMK2 Inhibition Activity,NP_005560.1
1646,50100110,9884685,C1COCCN1C2=NC(=NC3=C2OC4=C3C=CC=N4)C5=CC(=CC=C5)O,Active,,,,2.9,75,BRAF Inhibition Activity,NP_004324.2
1647,50100110,9884685,C1COCCN1C2=NC(=NC3=C2OC4=C3C=CC=N4)C5=CC(=CC=C5)O,Active,,,,2.3,76,BRAF(V600E) Inhibition Activity,NP_004324.2
1648,50100110,9884685,C1COCCN1C2=NC(=NC3=C2OC4=C3C=CC=N4)C5=CC(=CC=C5)O,Inactive,,,,3.7,92,RAF1 Inhibition Activity,NP_002871.1
1649,50100110,9884685,C1COCCN1C2=NC(=NC3=C2OC4=C3C=CC=N4)C5=CC(=CC=C5)O,Active,,,,0.84,116,DAPK3 Inhibition Activity,NP_001339.1
1650,50100110,9884685,C1COCCN1C2=NC(=NC3=C2OC4=C3C=CC=N4)C5=CC(=CC=C5)O,Active,,,,1.8,182,MRCKA Inhibition Activity,NP_003598.2
1651,50100110,9884685,C1COCCN1C2=NC(=NC3=C2OC4=C3C=CC=N4)C5=CC(=CC=C5)O,Active,,,,1.5,223,MYLK Inhibition Activity,NP_444254.3
1652,50100110,9884685,C1COCCN1C2=NC(=NC3=C2OC4=C3C=CC=N4)C5=CC(=CC=C5)O,Active,,,,2.4,294,DAPK1 Inhibition Activity,NP_004929.2
1653,50100110,9884685,C1COCCN1C2=NC(=NC3=C2OC4=C3C=CC=N4)C5=CC(=CC=C5)O,Active,,,,2.7,296,DAPK2 Inhibition Activity,NP_055141.2
1654,50100110,9884685,C1COCCN1C2=NC(=NC3=C2OC4=C3C=CC=N4)C5=CC(=CC=C5)O,Active,,,,0.0015,297,PIK3CA Inhibition Activity,NP_006209.2
1655,50100110,9884685,C1COCCN1C2=NC(=NC3=C2OC4=C3C=CC=N4)C5=CC(=CC=C5)O,Active,,,,0.0015,298,PIK3CA(E545K) Inhibition Activity,NP_006209.2
1656,50100111,24202429,C[C@]12[C@H]([C@H](C[C@H](O1)N3C4=CC=CC=C4C5=C6C(=C7C8=CC=CC=C8N2C7=C53)CNC6=O)N(C)C(=O)C9=CC=CC=C9)OC,Inactive,,,,3.2,1,ABL1(T315I) Inhibition Activity,NP_005148.2
1657,50100111,24202429,C[C@]12[C@H]([C@H](C[C@H](O1)N3C4=CC=CC=C4C5=C6C(=C7C8=CC=CC=C8N2C7=C53)CNC6=O)N(C)C(=O)C9=CC=CC=C9)OC,Active,,,,0.27,2,ALK Inhibition Activity,NP_004295.2
1658,50100111,24202429,C[C@]12[C@H]([C@H](C[C@H](O1)N3C4=CC=CC=C4C5=C6C(=C7C8=CC=CC=C8N2C7=C53)CNC6=O)N(C)C(=O)C9=CC=CC=C9)OC,Active,,,,0.12,3,AURKA Inhibition Activity,NP_003591.2
1659,50100111,24202429,C[C@]12[C@H]([C@H](C[C@H](O1)N3C4=CC=CC=C4C5=C6C(=C7C8=CC=CC=C8N2C7=C53)CNC6=O)N(C)C(=O)C9=CC=CC=C9)OC,Active,,,,0.062,4,AURKB Inhibition Activity,AAH00442.3
1660,50100111,24202429,C[C@]12[C@H]([C@H](C[C@H](O1)N3C4=CC=CC=C4C5=C6C(=C7C8=CC=CC=C8N2C7=C53)CNC6=O)N(C)C(=O)C9=CC=CC=C9)OC,Active,,,,0.17,5,AURKC Inhibition Activity,AAC77369.1
1661,50100111,24202429,C[C@]12[C@H]([C@H](C[C@H](O1)N3C4=CC=CC=C4C5=C6C(=C7C8=CC=CC=C8N2C7=C53)CNC6=O)N(C)C(=O)C9=CC=CC=C9)OC,Active,,,,0.62,6,AXL Inhibition Activity,NP_001690.2
1662,50100111,24202429,C[C@]12[C@H]([C@H](C[C@H](O1)N3C4=CC=CC=C4C5=C6C(=C7C8=CC=CC=C8N2C7=C53)CNC6=O)N(C)C(=O)C9=CC=CC=C9)OC,Inactive,,,,7.2,10,CDK11 Inhibition Activity,NP_055891.1
1663,50100111,24202429,C[C@]12[C@H]([C@H](C[C@H](O1)N3C4=CC=CC=C4C5=C6C(=C7C8=CC=CC=C8N2C7=C53)CNC6=O)N(C)C(=O)C9=CC=CC=C9)OC,Active,,,,0.35,14,CLK1 Inhibition Activity,AAA61480.1
1664,50100111,24202429,C[C@]12[C@H]([C@H](C[C@H](O1)N3C4=CC=CC=C4C5=C6C(=C7C8=CC=CC=C8N2C7=C53)CNC6=O)N(C)C(=O)C9=CC=CC=C9)OC,Active,,,,0.41,15,CLK4 Inhibition Activity,NP_065717.1
1665,50100111,24202429,C[C@]12[C@H]([C@H](C[C@H](O1)N3C4=CC=CC=C4C5=C6C(=C7C8=CC=CC=C8N2C7=C53)CNC6=O)N(C)C(=O)C9=CC=CC=C9)OC,Active,,,,0.33,16,CSF1R Inhibition Activity,NP_005202.2
1666,50100111,24202429,C[C@]12[C@H]([C@H](C[C@H](O1)N3C4=CC=CC=C4C5=C6C(=C7C8=CC=CC=C8N2C7=C53)CNC6=O)N(C)C(=O)C9=CC=CC=C9)OC,Inactive,,,,7.2,17,DDR1 Inhibition Activity,NP_001945.3
1667,50100111,24202429,C[C@]12[C@H]([C@H](C[C@H](O1)N3C4=CC=CC=C4C5=C6C(=C7C8=CC=CC=C8N2C7=C53)CNC6=O)N(C)C(=O)C9=CC=CC=C9)OC,Active,,,,1.5,19,EGFR(G719C) Inhibition Activity,NP_005219.2
1668,50100111,24202429,C[C@]12[C@H]([C@H](C[C@H](O1)N3C4=CC=CC=C4C5=C6C(=C7C8=CC=CC=C8N2C7=C53)CNC6=O)N(C)C(=O)C9=CC=CC=C9)OC,Active,,,,0.45,26,FLT1 Inhibition Activity,NP_002010.2
1669,50100111,24202429,C[C@]12[C@H]([C@H](C[C@H](O1)N3C4=CC=CC=C4C5=C6C(=C7C8=CC=CC=C8N2C7=C53)CNC6=O)N(C)C(=O)C9=CC=CC=C9)OC,Active,,,,0.011,27,FLT3 Inhibition Activity,NP_004110.2
1670,50100111,24202429,C[C@]12[C@H]([C@H](C[C@H](O1)N3C4=CC=CC=C4C5=C6C(=C7C8=CC=CC=C8N2C7=C53)CNC6=O)N(C)C(=O)C9=CC=CC=C9)OC,Active,,,,0.0068,28,FLT3(D835H) Inhibition Activity,NP_004110.2
1671,50100111,24202429,C[C@]12[C@H]([C@H](C[C@H](O1)N3C4=CC=CC=C4C5=C6C(=C7C8=CC=CC=C8N2C7=C53)CNC6=O)N(C)C(=O)C9=CC=CC=C9)OC,Active,,,,0.015,29,FLT3(D835Y) Inhibition Activity,NP_004110.2
1672,50100111,24202429,C[C@]12[C@H]([C@H](C[C@H](O1)N3C4=CC=CC=C4C5=C6C(=C7C8=CC=CC=C8N2C7=C53)CNC6=O)N(C)C(=O)C9=CC=CC=C9)OC,Active,,,,0.011,30,FLT3(ITD) Inhibition Activity,NP_004110.2
1673,50100111,24202429,C[C@]12[C@H]([C@H](C[C@H](O1)N3C4=CC=CC=C4C5=C6C(=C7C8=CC=CC=C8N2C7=C53)CNC6=O)N(C)C(=O)C9=CC=CC=C9)OC,Active,,,,0.006,31,FLT3(N841I) Inhibition Activity,NP_004110.2
1674,50100111,24202429,C[C@]12[C@H]([C@H](C[C@H](O1)N3C4=CC=CC=C4C5=C6C(=C7C8=CC=CC=C8N2C7=C53)CNC6=O)N(C)C(=O)C9=CC=CC=C9)OC,Active,,,,0.67,32,FLT4 Inhibition Activity,CAA49505.1
1675,50100111,24202429,C[C@]12[C@H]([C@H](C[C@H](O1)N3C4=CC=CC=C4C5=C6C(=C7C8=CC=CC=C8N2C7=C53)CNC6=O)N(C)C(=O)C9=CC=CC=C9)OC,Active,,,,2.4,33,FRK Inhibition Activity,NP_002022.1
1676,50100111,24202429,C[C@]12[C@H]([C@H](C[C@H](O1)N3C4=CC=CC=C4C5=C6C(=C7C8=CC=CC=C8N2C7=C53)CNC6=O)N(C)C(=O)C9=CC=CC=C9)OC,Active,,,,0.22,36,KIT Inhibition Activity,NP_000213.1
1677,50100111,24202429,C[C@]12[C@H]([C@H](C[C@H](O1)N3C4=CC=CC=C4C5=C6C(=C7C8=CC=CC=C8N2C7=C53)CNC6=O)N(C)C(=O)C9=CC=CC=C9)OC,Active,,,,0.0077,37,KIT(D816V) Inhibition Activity,NP_000213.1
1678,50100111,24202429,C[C@]12[C@H]([C@H](C[C@H](O1)N3C4=CC=CC=C4C5=C6C(=C7C8=CC=CC=C8N2C7=C53)CNC6=O)N(C)C(=O)C9=CC=CC=C9)OC,Active,,,,0.15,38,KIT(V559D T670I) Inhibition Activity,NP_000213.1
1679,50100111,24202429,C[C@]12[C@H]([C@H](C[C@H](O1)N3C4=CC=CC=C4C5=C6C(=C7C8=CC=CC=C8N2C7=C53)CNC6=O)N(C)C(=O)C9=CC=CC=C9)OC,Active,,,,1.6,39,KIT(V559D V654A) Inhibition Activity,NP_000213.1
1680,50100111,24202429,C[C@]12[C@H]([C@H](C[C@H](O1)N3C4=CC=CC=C4C5=C6C(=C7C8=CC=CC=C8N2C7=C53)CNC6=O)N(C)C(=O)C9=CC=CC=C9)OC,Active,,,,0.2,40,KIT(V559D) Inhibition Activity,NP_000213.1
1681,50100111,24202429,C[C@]12[C@H]([C@H](C[C@H](O1)N3C4=CC=CC=C4C5=C6C(=C7C8=CC=CC=C8N2C7=C53)CNC6=O)N(C)C(=O)C9=CC=CC=C9)OC,Active,,,,2.2,41,LATS2 Inhibition Activity,NP_055387.2
1682,50100111,24202429,C[C@]12[C@H]([C@H](C[C@H](O1)N3C4=CC=CC=C4C5=C6C(=C7C8=CC=CC=C8N2C7=C53)CNC6=O)N(C)C(=O)C9=CC=CC=C9)OC,Active,,,,0.59,43,LOK Inhibition Activity,BAA35073.1
1683,50100111,24202429,C[C@]12[C@H]([C@H](C[C@H](O1)N3C4=CC=CC=C4C5=C6C(=C7C8=CC=CC=C8N2C7=C53)CNC6=O)N(C)C(=O)C9=CC=CC=C9)OC,Active,,,,3,44,LTK Inhibition Activity,NP_996844.1
1684,50100111,24202429,C[C@]12[C@H]([C@H](C[C@H](O1)N3C4=CC=CC=C4C5=C6C(=C7C8=CC=CC=C8N2C7=C53)CNC6=O)N(C)C(=O)C9=CC=CC=C9)OC,Active,,,,2.1,45,MAP4K1 Inhibition Activity,NP_001036065.1
1685,50100111,24202429,C[C@]12[C@H]([C@H](C[C@H](O1)N3C4=CC=CC=C4C5=C6C(=C7C8=CC=CC=C8N2C7=C53)CNC6=O)N(C)C(=O)C9=CC=CC=C9)OC,Active,,,,0.12,46,MAP4K3 Inhibition Activity,NP_003609.2
1686,50100111,24202429,C[C@]12[C@H]([C@H](C[C@H](O1)N3C4=CC=CC=C4C5=C6C(=C7C8=CC=CC=C8N2C7=C53)CNC6=O)N(C)C(=O)C9=CC=CC=C9)OC,Active,,,,1.1,47,MAP4K5 Inhibition Activity,NP_006566.2
1687,50100111,24202429,C[C@]12[C@H]([C@H](C[C@H](O1)N3C4=CC=CC=C4C5=C6C(=C7C8=CC=CC=C8N2C7=C53)CNC6=O)N(C)C(=O)C9=CC=CC=C9)OC,Active,,,,2.9,48,MERTK Inhibition Activity,AAB60430.1
1688,50100111,24202429,C[C@]12[C@H]([C@H](C[C@H](O1)N3C4=CC=CC=C4C5=C6C(=C7C8=CC=CC=C8N2C7=C53)CNC6=O)N(C)C(=O)C9=CC=CC=C9)OC,Active,,,,0.69,49,MET Inhibition Activity,NP_000236.2
1689,50100111,24202429,C[C@]12[C@H]([C@H](C[C@H](O1)N3C4=CC=CC=C4C5=C6C(=C7C8=CC=CC=C8N2C7=C53)CNC6=O)N(C)C(=O)C9=CC=CC=C9)OC,Active,,,,0.95,51,MKNK2 Inhibition Activity,AAF17226.1
1690,50100111,24202429,C[C@]12[C@H]([C@H](C[C@H](O1)N3C4=CC=CC=C4C5=C6C(=C7C8=CC=CC=C8N2C7=C53)CNC6=O)N(C)C(=O)C9=CC=CC=C9)OC,Active,,,,0.04,52,MST1 Inhibition Activity,NP_006273.1
1691,50100111,24202429,C[C@]12[C@H]([C@H](C[C@H](O1)N3C4=CC=CC=C4C5=C6C(=C7C8=CC=CC=C8N2C7=C53)CNC6=O)N(C)C(=O)C9=CC=CC=C9)OC,Active,,,,0.22,53,MST2 Inhibition Activity,NP_006272.2
1692,50100111,24202429,C[C@]12[C@H]([C@H](C[C@H](O1)N3C4=CC=CC=C4C5=C6C(=C7C8=CC=CC=C8N2C7=C53)CNC6=O)N(C)C(=O)C9=CC=CC=C9)OC,Active,,,,0.38,55,PDGFRA Inhibition Activity,NP_006197.1
1693,50100111,24202429,C[C@]12[C@H]([C@H](C[C@H](O1)N3C4=CC=CC=C4C5=C6C(=C7C8=CC=CC=C8N2C7=C53)CNC6=O)N(C)C(=O)C9=CC=CC=C9)OC,Active,,,,0.11,56,PDGFRB Inhibition Activity,NP_002600.1
1694,50100111,24202429,C[C@]12[C@H]([C@H](C[C@H](O1)N3C4=CC=CC=C4C5=C6C(=C7C8=CC=CC=C8N2C7=C53)CNC6=O)N(C)C(=O)C9=CC=CC=C9)OC,Active,,,,0.72,57,PKAC-alpha Inhibition Activity,NP_002721.1
1695,50100111,24202429,C[C@]12[C@H]([C@H](C[C@H](O1)N3C4=CC=CC=C4C5=C6C(=C7C8=CC=CC=C8N2C7=C53)CNC6=O)N(C)C(=O)C9=CC=CC=C9)OC,Active,,,,0.35,59,RET Inhibition Activity,NP_065681.1
1696,50100111,24202429,C[C@]12[C@H]([C@H](C[C@H](O1)N3C4=CC=CC=C4C5=C6C(=C7C8=CC=CC=C8N2C7=C53)CNC6=O)N(C)C(=O)C9=CC=CC=C9)OC,Active,,,,0.13,60,RET(M918T) Inhibition Activity,NP_065681.1
1697,50100111,24202429,C[C@]12[C@H]([C@H](C[C@H](O1)N3C4=CC=CC=C4C5=C6C(=C7C8=CC=CC=C8N2C7=C53)CNC6=O)N(C)C(=O)C9=CC=CC=C9)OC,Active,,,,0.26,62,RPS6KA4(Kin.Dom.1 - N-terminal) Inhibition Activity,NP_001006945.1
1698,50100111,24202429,C[C@]12[C@H]([C@H](C[C@H](O1)N3C4=CC=CC=C4C5=C6C(=C7C8=CC=CC=C8N2C7=C53)CNC6=O)N(C)C(=O)C9=CC=CC=C9)OC,Active,,,,0.24,63,RPS6KA5(Kin.Dom.1 - N-terminal) Inhibition Activity,NP_872198.1
1699,50100111,24202429,C[C@]12[C@H]([C@H](C[C@H](O1)N3C4=CC=CC=C4C5=C6C(=C7C8=CC=CC=C8N2C7=C53)CNC6=O)N(C)C(=O)C9=CC=CC=C9)OC,Active,,,,0.22,64,SLK Inhibition Activity,NP_055535.2
1700,50100111,24202429,C[C@]12[C@H]([C@H](C[C@H](O1)N3C4=CC=CC=C4C5=C6C(=C7C8=CC=CC=C8N2C7=C53)CNC6=O)N(C)C(=O)C9=CC=CC=C9)OC,Active,,,,1.4,66,TIE1 Inhibition Activity,NP_005415.1
1701,50100111,24202429,C[C@]12[C@H]([C@H](C[C@H](O1)N3C4=CC=CC=C4C5=C6C(=C7C8=CC=CC=C8N2C7=C53)CNC6=O)N(C)C(=O)C9=CC=CC=C9)OC,Active,,,,1.9,67,TIE2 Inhibition Activity,NP_000450.2
1702,50100111,24202429,C[C@]12[C@H]([C@H](C[C@H](O1)N3C4=CC=CC=C4C5=C6C(=C7C8=CC=CC=C8N2C7=C53)CNC6=O)N(C)C(=O)C9=CC=CC=C9)OC,Active,,,,0.38,68,TRKA Inhibition Activity,NP_001012331.1
1703,50100111,24202429,C[C@]12[C@H]([C@H](C[C@H](O1)N3C4=CC=CC=C4C5=C6C(=C7C8=CC=CC=C8N2C7=C53)CNC6=O)N(C)C(=O)C9=CC=CC=C9)OC,Active,,,,0.31,69,TRKB Inhibition Activity,NP_006171.2
1704,50100111,24202429,C[C@]12[C@H]([C@H](C[C@H](O1)N3C4=CC=CC=C4C5=C6C(=C7C8=CC=CC=C8N2C7=C53)CNC6=O)N(C)C(=O)C9=CC=CC=C9)OC,Active,,,,1.7,70,TRKC Inhibition Activity,AAA75374.1
1705,50100111,24202429,C[C@]12[C@H]([C@H](C[C@H](O1)N3C4=CC=CC=C4C5=C6C(=C7C8=CC=CC=C8N2C7=C53)CNC6=O)N(C)C(=O)C9=CC=CC=C9)OC,Inactive,,,,3.2,71,VEGFR2 Inhibition Activity,NP_002244.1
1706,50100111,24202429,C[C@]12[C@H]([C@H](C[C@H](O1)N3C4=CC=CC=C4C5=C6C(=C7C8=CC=CC=C8N2C7=C53)CNC6=O)N(C)C(=O)C9=CC=CC=C9)OC,Active,,,,0.5,74,BLK Inhibition Activity,NP_001706.2
1707,50100111,24202429,C[C@]12[C@H]([C@H](C[C@H](O1)N3C4=CC=CC=C4C5=C6C(=C7C8=CC=CC=C8N2C7=C53)CNC6=O)N(C)C(=O)C9=CC=CC=C9)OC,Active,,,,1.3,78,EGFR Inhibition Activity,NP_005219.2
1708,50100111,24202429,C[C@]12[C@H]([C@H](C[C@H](O1)N3C4=CC=CC=C4C5=C6C(=C7C8=CC=CC=C8N2C7=C53)CNC6=O)N(C)C(=O)C9=CC=CC=C9)OC,Inactive,,,,5.3,79,EGFR(G719S) Inhibition Activity,NP_005219.2
1709,50100111,24202429,C[C@]12[C@H]([C@H](C[C@H](O1)N3C4=CC=CC=C4C5=C6C(=C7C8=CC=CC=C8N2C7=C53)CNC6=O)N(C)C(=O)C9=CC=CC=C9)OC,Active,,,,0.62,80,EGFR(L747-E749del  A750P) Inhibition Activity,NP_005219.2
1710,50100111,24202429,C[C@]12[C@H]([C@H](C[C@H](O1)N3C4=CC=CC=C4C5=C6C(=C7C8=CC=CC=C8N2C7=C53)CNC6=O)N(C)C(=O)C9=CC=CC=C9)OC,Active,,,,1.7,81,EGFR(L747-S752del  P753S) Inhibition Activity,NP_005219.2
1711,50100111,24202429,C[C@]12[C@H]([C@H](C[C@H](O1)N3C4=CC=CC=C4C5=C6C(=C7C8=CC=CC=C8N2C7=C53)CNC6=O)N(C)C(=O)C9=CC=CC=C9)OC,Active,,,,1.9,82,EGFR(L747-T751del Sins) Inhibition Activity,NP_005219.2
1712,50100111,24202429,C[C@]12[C@H]([C@H](C[C@H](O1)N3C4=CC=CC=C4C5=C6C(=C7C8=CC=CC=C8N2C7=C53)CNC6=O)N(C)C(=O)C9=CC=CC=C9)OC,Active,,,,2.8,83,EGFR(L861Q) Inhibition Activity,NP_005219.2
1713,50100111,24202429,C[C@]12[C@H]([C@H](C[C@H](O1)N3C4=CC=CC=C4C5=C6C(=C7C8=CC=CC=C8N2C7=C53)CNC6=O)N(C)C(=O)C9=CC=CC=C9)OC,Active,,,,1.6,84,FGFR1 Inhibition Activity,NP_075593.1
1714,50100111,24202429,C[C@]12[C@H]([C@H](C[C@H](O1)N3C4=CC=CC=C4C5=C6C(=C7C8=CC=CC=C8N2C7=C53)CNC6=O)N(C)C(=O)C9=CC=CC=C9)OC,Active,,,,0.73,86,FGR Inhibition Activity,NP_005239.1
1715,50100111,24202429,C[C@]12[C@H]([C@H](C[C@H](O1)N3C4=CC=CC=C4C5=C6C(=C7C8=CC=CC=C8N2C7=C53)CNC6=O)N(C)C(=O)C9=CC=CC=C9)OC,Active,,,,2.1,87,FYN Inhibition Activity,NP_694592.1
1716,50100111,24202429,C[C@]12[C@H]([C@H](C[C@H](O1)N3C4=CC=CC=C4C5=C6C(=C7C8=CC=CC=C8N2C7=C53)CNC6=O)N(C)C(=O)C9=CC=CC=C9)OC,Active,,,,0.039,88,GCN2(Kin.Dom.2 S808G) Inhibition Activity,NP_001013725.2
1717,50100111,24202429,C[C@]12[C@H]([C@H](C[C@H](O1)N3C4=CC=CC=C4C5=C6C(=C7C8=CC=CC=C8N2C7=C53)CNC6=O)N(C)C(=O)C9=CC=CC=C9)OC,Active,,,,0.28,89,LCK Inhibition Activity,NP_005347.3
1718,50100111,24202429,C[C@]12[C@H]([C@H](C[C@H](O1)N3C4=CC=CC=C4C5=C6C(=C7C8=CC=CC=C8N2C7=C53)CNC6=O)N(C)C(=O)C9=CC=CC=C9)OC,Inactive,,,,4.2,90,LYN Inhibition Activity,NP_002341.1
1719,50100111,24202429,C[C@]12[C@H]([C@H](C[C@H](O1)N3C4=CC=CC=C4C5=C6C(=C7C8=CC=CC=C8N2C7=C53)CNC6=O)N(C)C(=O)C9=CC=CC=C9)OC,Active,,,,0.18,101,AMPK-alpha1 Inhibition Activity,BAA36547.1
1720,50100111,24202429,C[C@]12[C@H]([C@H](C[C@H](O1)N3C4=CC=CC=C4C5=C6C(=C7C8=CC=CC=C8N2C7=C53)CNC6=O)N(C)C(=O)C9=CC=CC=C9)OC,Active,,,,2,103,CAMK1 Inhibition Activity,NP_003647.1
1721,50100111,24202429,C[C@]12[C@H]([C@H](C[C@H](O1)N3C4=CC=CC=C4C5=C6C(=C7C8=CC=CC=C8N2C7=C53)CNC6=O)N(C)C(=O)C9=CC=CC=C9)OC,Active,,,,0.13,105,CAMKK1 Inhibition Activity,NP_115670.1
1722,50100111,24202429,C[C@]12[C@H]([C@H](C[C@H](O1)N3C4=CC=CC=C4C5=C6C(=C7C8=CC=CC=C8N2C7=C53)CNC6=O)N(C)C(=O)C9=CC=CC=C9)OC,Active,,,,0.073,106,CAMKK2 Inhibition Activity,NP_006540.3
1723,50100111,24202429,C[C@]12[C@H]([C@H](C[C@H](O1)N3C4=CC=CC=C4C5=C6C(=C7C8=CC=CC=C8N2C7=C53)CNC6=O)N(C)C(=O)C9=CC=CC=C9)OC,Active,,,,0.86,110,CLK2 Inhibition Activity,NP_003984.2
1724,50100111,24202429,C[C@]12[C@H]([C@H](C[C@H](O1)N3C4=CC=CC=C4C5=C6C(=C7C8=CC=CC=C8N2C7=C53)CNC6=O)N(C)C(=O)C9=CC=CC=C9)OC,Inactive,,,,8.7,111,CSK Inhibition Activity,NP_004374.1
1725,50100111,24202429,C[C@]12[C@H]([C@H](C[C@H](O1)N3C4=CC=CC=C4C5=C6C(=C7C8=CC=CC=C8N2C7=C53)CNC6=O)N(C)C(=O)C9=CC=CC=C9)OC,Active,,,,1.8,116,DAPK3 Inhibition Activity,NP_001339.1
1726,50100111,24202429,C[C@]12[C@H]([C@H](C[C@H](O1)N3C4=CC=CC=C4C5=C6C(=C7C8=CC=CC=C8N2C7=C53)CNC6=O)N(C)C(=O)C9=CC=CC=C9)OC,Inactive,,,,7,118,EGFR(E746-A750del) Inhibition Activity,NP_005219.2
1727,50100111,24202429,C[C@]12[C@H]([C@H](C[C@H](O1)N3C4=CC=CC=C4C5=C6C(=C7C8=CC=CC=C8N2C7=C53)CNC6=O)N(C)C(=O)C9=CC=CC=C9)OC,Active,,,,0.76,119,EGFR(L858R) Inhibition Activity,NP_005219.2
1728,50100111,24202429,C[C@]12[C@H]([C@H](C[C@H](O1)N3C4=CC=CC=C4C5=C6C(=C7C8=CC=CC=C8N2C7=C53)CNC6=O)N(C)C(=O)C9=CC=CC=C9)OC,Active,,,,1.2,126,FER Inhibition Activity,NP_005237.2
1729,50100111,24202429,C[C@]12[C@H]([C@H](C[C@H](O1)N3C4=CC=CC=C4C5=C6C(=C7C8=CC=CC=C8N2C7=C53)CNC6=O)N(C)C(=O)C9=CC=CC=C9)OC,Active,,,,2.4,128,FGFR2 Inhibition Activity,NP_075259.4
1730,50100111,24202429,C[C@]12[C@H]([C@H](C[C@H](O1)N3C4=CC=CC=C4C5=C6C(=C7C8=CC=CC=C8N2C7=C53)CNC6=O)N(C)C(=O)C9=CC=CC=C9)OC,Active,,,,0.38,129,GAK Inhibition Activity,NP_005246.2
1731,50100111,24202429,C[C@]12[C@H]([C@H](C[C@H](O1)N3C4=CC=CC=C4C5=C6C(=C7C8=CC=CC=C8N2C7=C53)CNC6=O)N(C)C(=O)C9=CC=CC=C9)OC,Active,,,,0.72,130,HCK Inhibition Activity,NP_002101.2
1732,50100111,24202429,C[C@]12[C@H]([C@H](C[C@H](O1)N3C4=CC=CC=C4C5=C6C(=C7C8=CC=CC=C8N2C7=C53)CNC6=O)N(C)C(=O)C9=CC=CC=C9)OC,Active,,,,0.094,132,JAK2(Kin.Dom.2/JH1 - catalytic) Inhibition Activity,NP_004963.1
1733,50100111,24202429,C[C@]12[C@H]([C@H](C[C@H](O1)N3C4=CC=CC=C4C5=C6C(=C7C8=CC=CC=C8N2C7=C53)CNC6=O)N(C)C(=O)C9=CC=CC=C9)OC,Active,,,,0.012,133,JAK3(Kin.Dom.2/JH1 - catalytic) Inhibition Activity,NP_000206.2
1734,50100111,24202429,C[C@]12[C@H]([C@H](C[C@H](O1)N3C4=CC=CC=C4C5=C6C(=C7C8=CC=CC=C8N2C7=C53)CNC6=O)N(C)C(=O)C9=CC=CC=C9)OC,Inactive,,,,4.4,134,JNK1 Inhibition Activity,NP_002741.1
1735,50100111,24202429,C[C@]12[C@H]([C@H](C[C@H](O1)N3C4=CC=CC=C4C5=C6C(=C7C8=CC=CC=C8N2C7=C53)CNC6=O)N(C)C(=O)C9=CC=CC=C9)OC,Inactive,,,,3.6,135,JNK3 Inhibition Activity,NP_002744.1
1736,50100111,24202429,C[C@]12[C@H]([C@H](C[C@H](O1)N3C4=CC=CC=C4C5=C6C(=C7C8=CC=CC=C8N2C7=C53)CNC6=O)N(C)C(=O)C9=CC=CC=C9)OC,Active,,,,1.1,136,LATS1 Inhibition Activity,NP_004681.1
1737,50100111,24202429,C[C@]12[C@H]([C@H](C[C@H](O1)N3C4=CC=CC=C4C5=C6C(=C7C8=CC=CC=C8N2C7=C53)CNC6=O)N(C)C(=O)C9=CC=CC=C9)OC,Active,,,,0.65,137,MAP4K4 Inhibition Activity,NP_663719.2
1738,50100111,24202429,C[C@]12[C@H]([C@H](C[C@H](O1)N3C4=CC=CC=C4C5=C6C(=C7C8=CC=CC=C8N2C7=C53)CNC6=O)N(C)C(=O)C9=CC=CC=C9)OC,Active,,,,0.28,138,MELK Inhibition Activity,NP_055606.1
1739,50100111,24202429,C[C@]12[C@H]([C@H](C[C@H](O1)N3C4=CC=CC=C4C5=C6C(=C7C8=CC=CC=C8N2C7=C53)CNC6=O)N(C)C(=O)C9=CC=CC=C9)OC,Active,,,,0.24,148,PKAC-beta Inhibition Activity,NP_002722.1
1740,50100111,24202429,C[C@]12[C@H]([C@H](C[C@H](O1)N3C4=CC=CC=C4C5=C6C(=C7C8=CC=CC=C8N2C7=C53)CNC6=O)N(C)C(=O)C9=CC=CC=C9)OC,Active,,,,0.92,149,PRKCQ Inhibition Activity,NP_006248.1
1741,50100111,24202429,C[C@]12[C@H]([C@H](C[C@H](O1)N3C4=CC=CC=C4C5=C6C(=C7C8=CC=CC=C8N2C7=C53)CNC6=O)N(C)C(=O)C9=CC=CC=C9)OC,Inactive,,,,6.3,151,PRKD2 Inhibition Activity,NP_057541.2
1742,50100111,24202429,C[C@]12[C@H]([C@H](C[C@H](O1)N3C4=CC=CC=C4C5=C6C(=C7C8=CC=CC=C8N2C7=C53)CNC6=O)N(C)C(=O)C9=CC=CC=C9)OC,Inactive,,,,3.2,152,PRKD3 Inhibition Activity,NP_005804.1
1743,50100111,24202429,C[C@]12[C@H]([C@H](C[C@H](O1)N3C4=CC=CC=C4C5=C6C(=C7C8=CC=CC=C8N2C7=C53)CNC6=O)N(C)C(=O)C9=CC=CC=C9)OC,Inactive,,,,6.9,153,PRKR Inhibition Activity,NP_002750.1
1744,50100111,24202429,C[C@]12[C@H]([C@H](C[C@H](O1)N3C4=CC=CC=C4C5=C6C(=C7C8=CC=CC=C8N2C7=C53)CNC6=O)N(C)C(=O)C9=CC=CC=C9)OC,Active,,,,0.66,154,PTK2B Inhibition Activity,NP_775267.1
1745,50100111,24202429,C[C@]12[C@H]([C@H](C[C@H](O1)N3C4=CC=CC=C4C5=C6C(=C7C8=CC=CC=C8N2C7=C53)CNC6=O)N(C)C(=O)C9=CC=CC=C9)OC,Active,,,,0.43,156,ROS1 Inhibition Activity,NP_002935.2
1746,50100111,24202429,C[C@]12[C@H]([C@H](C[C@H](O1)N3C4=CC=CC=C4C5=C6C(=C7C8=CC=CC=C8N2C7=C53)CNC6=O)N(C)C(=O)C9=CC=CC=C9)OC,Active,,,,0.16,159,SNF1LK Inhibition Activity,NP_775490.2
1747,50100111,24202429,C[C@]12[C@H]([C@H](C[C@H](O1)N3C4=CC=CC=C4C5=C6C(=C7C8=CC=CC=C8N2C7=C53)CNC6=O)N(C)C(=O)C9=CC=CC=C9)OC,Active,,,,1.2,160,SRC Inhibition Activity,NP_005408.1
1748,50100111,24202429,C[C@]12[C@H]([C@H](C[C@H](O1)N3C4=CC=CC=C4C5=C6C(=C7C8=CC=CC=C8N2C7=C53)CNC6=O)N(C)C(=O)C9=CC=CC=C9)OC,Active,,,,0.088,163,SYK Inhibition Activity,NP_003168.2
1749,50100111,24202429,C[C@]12[C@H]([C@H](C[C@H](O1)N3C4=CC=CC=C4C5=C6C(=C7C8=CC=CC=C8N2C7=C53)CNC6=O)N(C)C(=O)C9=CC=CC=C9)OC,Active,,,,1.6,166,TNIK Inhibition Activity,NP_055843.1
1750,50100111,24202429,C[C@]12[C@H]([C@H](C[C@H](O1)N3C4=CC=CC=C4C5=C6C(=C7C8=CC=CC=C8N2C7=C53)CNC6=O)N(C)C(=O)C9=CC=CC=C9)OC,Active,,,,0.083,167,TNK1 Inhibition Activity,AAH35782.1
1751,50100111,24202429,C[C@]12[C@H]([C@H](C[C@H](O1)N3C4=CC=CC=C4C5=C6C(=C7C8=CC=CC=C8N2C7=C53)CNC6=O)N(C)C(=O)C9=CC=CC=C9)OC,Active,,,,0.35,168,TTK Inhibition Activity,NP_003309.2
1752,50100111,24202429,C[C@]12[C@H]([C@H](C[C@H](O1)N3C4=CC=CC=C4C5=C6C(=C7C8=CC=CC=C8N2C7=C53)CNC6=O)N(C)C(=O)C9=CC=CC=C9)OC,Active,,,,0.25,169,TYK2(Kin.Dom.2/JH1 - catalytic) Inhibition Activity,CAA38449.1
1753,50100111,24202429,C[C@]12[C@H]([C@H](C[C@H](O1)N3C4=CC=CC=C4C5=C6C(=C7C8=CC=CC=C8N2C7=C53)CNC6=O)N(C)C(=O)C9=CC=CC=C9)OC,Active,,,,0.95,170,YES Inhibition Activity,NP_005424.1
1754,50100111,24202429,C[C@]12[C@H]([C@H](C[C@H](O1)N3C4=CC=CC=C4C5=C6C(=C7C8=CC=CC=C8N2C7=C53)CNC6=O)N(C)C(=O)C9=CC=CC=C9)OC,Active,,,,1.8,171,YSK1 Inhibition Activity,NP_006365.2
1755,50100111,24202429,C[C@]12[C@H]([C@H](C[C@H](O1)N3C4=CC=CC=C4C5=C6C(=C7C8=CC=CC=C8N2C7=C53)CNC6=O)N(C)C(=O)C9=CC=CC=C9)OC,Active,,,,1.8,175,EGFR(S752-I759del) Inhibition Activity,NP_005219.2
1756,50100111,24202429,C[C@]12[C@H]([C@H](C[C@H](O1)N3C4=CC=CC=C4C5=C6C(=C7C8=CC=CC=C8N2C7=C53)CNC6=O)N(C)C(=O)C9=CC=CC=C9)OC,Inactive,,,,3.1,177,ERBB4 Inhibition Activity,NP_001036064.1
1757,50100111,24202429,C[C@]12[C@H]([C@H](C[C@H](O1)N3C4=CC=CC=C4C5=C6C(=C7C8=CC=CC=C8N2C7=C53)CNC6=O)N(C)C(=O)C9=CC=CC=C9)OC,Active,,,,0.066,179,PLK4 Inhibition Activity,BAB69958.1
1758,50100111,24202429,C[C@]12[C@H]([C@H](C[C@H](O1)N3C4=CC=CC=C4C5=C6C(=C7C8=CC=CC=C8N2C7=C53)CNC6=O)N(C)C(=O)C9=CC=CC=C9)OC,Active,,,,1.9,188,DRAK1 Inhibition Activity,NP_004751.2
1759,50100111,24202429,C[C@]12[C@H]([C@H](C[C@H](O1)N3C4=CC=CC=C4C5=C6C(=C7C8=CC=CC=C8N2C7=C53)CNC6=O)N(C)C(=O)C9=CC=CC=C9)OC,Active,,,,0.33,189,DYRK1B Inhibition Activity,NP_004705.1
1760,50100111,24202429,C[C@]12[C@H]([C@H](C[C@H](O1)N3C4=CC=CC=C4C5=C6C(=C7C8=CC=CC=C8N2C7=C53)CNC6=O)N(C)C(=O)C9=CC=CC=C9)OC,Active,,,,2.5,193,GSK3A Inhibition Activity,NP_063937.2
1761,50100111,24202429,C[C@]12[C@H]([C@H](C[C@H](O1)N3C4=CC=CC=C4C5=C6C(=C7C8=CC=CC=C8N2C7=C53)CNC6=O)N(C)C(=O)C9=CC=CC=C9)OC,Active,,,,1.8,194,GSK3B Inhibition Activity,NP_002084.2
1762,50100111,24202429,C[C@]12[C@H]([C@H](C[C@H](O1)N3C4=CC=CC=C4C5=C6C(=C7C8=CC=CC=C8N2C7=C53)CNC6=O)N(C)C(=O)C9=CC=CC=C9)OC,Active,,,,0.18,195,IRAK3 Inhibition Activity,NP_009130.2
1763,50100111,24202429,C[C@]12[C@H]([C@H](C[C@H](O1)N3C4=CC=CC=C4C5=C6C(=C7C8=CC=CC=C8N2C7=C53)CNC6=O)N(C)C(=O)C9=CC=CC=C9)OC,Active,,,,0.18,197,PAK3 Inhibition Activity,NP_002569.1
1764,50100111,24202429,C[C@]12[C@H]([C@H](C[C@H](O1)N3C4=CC=CC=C4C5=C6C(=C7C8=CC=CC=C8N2C7=C53)CNC6=O)N(C)C(=O)C9=CC=CC=C9)OC,Active,,,,0.9,198,PHKG1 Inhibition Activity,NP_006204.1
1765,50100111,24202429,C[C@]12[C@H]([C@H](C[C@H](O1)N3C4=CC=CC=C4C5=C6C(=C7C8=CC=CC=C8N2C7=C53)CNC6=O)N(C)C(=O)C9=CC=CC=C9)OC,Active,,,,0.063,199,SNARK Inhibition Activity,NP_112214.2
1766,50100111,24202429,C[C@]12[C@H]([C@H](C[C@H](O1)N3C4=CC=CC=C4C5=C6C(=C7C8=CC=CC=C8N2C7=C53)CNC6=O)N(C)C(=O)C9=CC=CC=C9)OC,Active,,,,0.048,200,AAK1 Inhibition Activity,NP_055726.3
1767,50100111,24202429,C[C@]12[C@H]([C@H](C[C@H](O1)N3C4=CC=CC=C4C5=C6C(=C7C8=CC=CC=C8N2C7=C53)CNC6=O)N(C)C(=O)C9=CC=CC=C9)OC,Active,,,,0.46,201,AMPK-alpha2 Inhibition Activity,NP_006243.2
1768,50100111,24202429,C[C@]12[C@H]([C@H](C[C@H](O1)N3C4=CC=CC=C4C5=C6C(=C7C8=CC=CC=C8N2C7=C53)CNC6=O)N(C)C(=O)C9=CC=CC=C9)OC,Active,,,,0.041,202,ARK5 Inhibition Activity,NP_055655.1
1769,50100111,24202429,C[C@]12[C@H]([C@H](C[C@H](O1)N3C4=CC=CC=C4C5=C6C(=C7C8=CC=CC=C8N2C7=C53)CNC6=O)N(C)C(=O)C9=CC=CC=C9)OC,Active,,,,0.22,203,BIKE Inhibition Activity,NP_060063.2
1770,50100111,24202429,C[C@]12[C@H]([C@H](C[C@H](O1)N3C4=CC=CC=C4C5=C6C(=C7C8=CC=CC=C8N2C7=C53)CNC6=O)N(C)C(=O)C9=CC=CC=C9)OC,Active,,,,1.3,204,CHEK1 Inhibition Activity,NP_001265.2
1771,50100111,24202429,C[C@]12[C@H]([C@H](C[C@H](O1)N3C4=CC=CC=C4C5=C6C(=C7C8=CC=CC=C8N2C7=C53)CNC6=O)N(C)C(=O)C9=CC=CC=C9)OC,Active,,,,0.25,205,CSNK2A1 Inhibition Activity,NP_001886.1
1772,50100111,24202429,C[C@]12[C@H]([C@H](C[C@H](O1)N3C4=CC=CC=C4C5=C6C(=C7C8=CC=CC=C8N2C7=C53)CNC6=O)N(C)C(=O)C9=CC=CC=C9)OC,Inactive,,,,4.7,207,DRAK2 Inhibition Activity,NP_004217.1
1773,50100111,24202429,C[C@]12[C@H]([C@H](C[C@H](O1)N3C4=CC=CC=C4C5=C6C(=C7C8=CC=CC=C8N2C7=C53)CNC6=O)N(C)C(=O)C9=CC=CC=C9)OC,Active,,,,1.7,208,FGFR3 Inhibition Activity,NP_000133.1
1774,50100111,24202429,C[C@]12[C@H]([C@H](C[C@H](O1)N3C4=CC=CC=C4C5=C6C(=C7C8=CC=CC=C8N2C7=C53)CNC6=O)N(C)C(=O)C9=CC=CC=C9)OC,Active,,,,0.16,210,IKK-epsilon Inhibition Activity,NP_054721.1
1775,50100111,24202429,C[C@]12[C@H]([C@H](C[C@H](O1)N3C4=CC=CC=C4C5=C6C(=C7C8=CC=CC=C8N2C7=C53)CNC6=O)N(C)C(=O)C9=CC=CC=C9)OC,Active,,,,0.35,212,LKB1 Inhibition Activity,NP_000446.1
1776,50100111,24202429,C[C@]12[C@H]([C@H](C[C@H](O1)N3C4=CC=CC=C4C5=C6C(=C7C8=CC=CC=C8N2C7=C53)CNC6=O)N(C)C(=O)C9=CC=CC=C9)OC,Active,,,,0.17,214,MARK1 Inhibition Activity,CAH72463.1
1777,50100111,24202429,C[C@]12[C@H]([C@H](C[C@H](O1)N3C4=CC=CC=C4C5=C6C(=C7C8=CC=CC=C8N2C7=C53)CNC6=O)N(C)C(=O)C9=CC=CC=C9)OC,Active,,,,0.1,215,MARK2 Inhibition Activity,NP_059672.2
1778,50100111,24202429,C[C@]12[C@H]([C@H](C[C@H](O1)N3C4=CC=CC=C4C5=C6C(=C7C8=CC=CC=C8N2C7=C53)CNC6=O)N(C)C(=O)C9=CC=CC=C9)OC,Active,,,,0.021,216,MARK3 Inhibition Activity,NP_002367.5
1779,50100111,24202429,C[C@]12[C@H]([C@H](C[C@H](O1)N3C4=CC=CC=C4C5=C6C(=C7C8=CC=CC=C8N2C7=C53)CNC6=O)N(C)C(=O)C9=CC=CC=C9)OC,Active,,,,0.37,217,MARK4 Inhibition Activity,NP_113605.2
1780,50100111,24202429,C[C@]12[C@H]([C@H](C[C@H](O1)N3C4=CC=CC=C4C5=C6C(=C7C8=CC=CC=C8N2C7=C53)CNC6=O)N(C)C(=O)C9=CC=CC=C9)OC,Active,,,,0.015,219,MLK1 Inhibition Activity,NP_149132.2
1781,50100111,24202429,C[C@]12[C@H]([C@H](C[C@H](O1)N3C4=CC=CC=C4C5=C6C(=C7C8=CC=CC=C8N2C7=C53)CNC6=O)N(C)C(=O)C9=CC=CC=C9)OC,Active,,,,0.017,220,MLK3 Inhibition Activity,NP_002410.1
1782,50100111,24202429,C[C@]12[C@H]([C@H](C[C@H](O1)N3C4=CC=CC=C4C5=C6C(=C7C8=CC=CC=C8N2C7=C53)CNC6=O)N(C)C(=O)C9=CC=CC=C9)OC,Active,,,,2,223,MYLK Inhibition Activity,NP_444254.3
1783,50100111,24202429,C[C@]12[C@H]([C@H](C[C@H](O1)N3C4=CC=CC=C4C5=C6C(=C7C8=CC=CC=C8N2C7=C53)CNC6=O)N(C)C(=O)C9=CC=CC=C9)OC,Active,,,,1.4,228,PHKG2 Inhibition Activity,NP_000285.1
1784,50100111,24202429,C[C@]12[C@H]([C@H](C[C@H](O1)N3C4=CC=CC=C4C5=C6C(=C7C8=CC=CC=C8N2C7=C53)CNC6=O)N(C)C(=O)C9=CC=CC=C9)OC,Active,,,,0.31,229,PIP5K1A Inhibition Activity,AAC50911.1
1785,50100111,24202429,C[C@]12[C@H]([C@H](C[C@H](O1)N3C4=CC=CC=C4C5=C6C(=C7C8=CC=CC=C8N2C7=C53)CNC6=O)N(C)C(=O)C9=CC=CC=C9)OC,Active,,,,0.27,230,PIP5K2B Inhibition Activity,NP_003550.1
1786,50100111,24202429,C[C@]12[C@H]([C@H](C[C@H](O1)N3C4=CC=CC=C4C5=C6C(=C7C8=CC=CC=C8N2C7=C53)CNC6=O)N(C)C(=O)C9=CC=CC=C9)OC,Active,,,,0.0093,231,PKN1 Inhibition Activity,NP_998725.1
1787,50100111,24202429,C[C@]12[C@H]([C@H](C[C@H](O1)N3C4=CC=CC=C4C5=C6C(=C7C8=CC=CC=C8N2C7=C53)CNC6=O)N(C)C(=O)C9=CC=CC=C9)OC,Active,,,,0.015,232,PKN2 Inhibition Activity,NP_006247.1
1788,50100111,24202429,C[C@]12[C@H]([C@H](C[C@H](O1)N3C4=CC=CC=C4C5=C6C(=C7C8=CC=CC=C8N2C7=C53)CNC6=O)N(C)C(=O)C9=CC=CC=C9)OC,Active,,,,1.2,233,RIOK1 Inhibition Activity,NP_113668.2
1789,50100111,24202429,C[C@]12[C@H]([C@H](C[C@H](O1)N3C4=CC=CC=C4C5=C6C(=C7C8=CC=CC=C8N2C7=C53)CNC6=O)N(C)C(=O)C9=CC=CC=C9)OC,Active,,,,0.42,234,RIOK3 Inhibition Activity,NP_003822.2
1790,50100111,24202429,C[C@]12[C@H]([C@H](C[C@H](O1)N3C4=CC=CC=C4C5=C6C(=C7C8=CC=CC=C8N2C7=C53)CNC6=O)N(C)C(=O)C9=CC=CC=C9)OC,Active,,,,0.69,235,RPS6KA1(Kin.Dom.1 - N-terminal) Inhibition Activity,NP_002944.2
1791,50100111,24202429,C[C@]12[C@H]([C@H](C[C@H](O1)N3C4=CC=CC=C4C5=C6C(=C7C8=CC=CC=C8N2C7=C53)CNC6=O)N(C)C(=O)C9=CC=CC=C9)OC,Active,,,,0.73,236,RPS6KA2(Kin.Dom.1 - N-terminal) Inhibition Activity,NP_066958.2
1792,50100111,24202429,C[C@]12[C@H]([C@H](C[C@H](O1)N3C4=CC=CC=C4C5=C6C(=C7C8=CC=CC=C8N2C7=C53)CNC6=O)N(C)C(=O)C9=CC=CC=C9)OC,Active,,,,0.74,237,RPS6KA3(Kin.Dom.1 - N-terminal) Inhibition Activity,NP_004577.1
1793,50100111,24202429,C[C@]12[C@H]([C@H](C[C@H](O1)N3C4=CC=CC=C4C5=C6C(=C7C8=CC=CC=C8N2C7=C53)CNC6=O)N(C)C(=O)C9=CC=CC=C9)OC,Active,,,,1.5,238,RPS6KA6(Kin.Dom.1 - N-terminal) Inhibition Activity,NP_055311.1
1794,50100111,24202429,C[C@]12[C@H]([C@H](C[C@H](O1)N3C4=CC=CC=C4C5=C6C(=C7C8=CC=CC=C8N2C7=C53)CNC6=O)N(C)C(=O)C9=CC=CC=C9)OC,Active,,,,0.56,239,SNF1LK2 Inhibition Activity,NP_056006.1
1795,50100111,24202429,C[C@]12[C@H]([C@H](C[C@H](O1)N3C4=CC=CC=C4C5=C6C(=C7C8=CC=CC=C8N2C7=C53)CNC6=O)N(C)C(=O)C9=CC=CC=C9)OC,Active,,,,0.042,240,SRPK1 Inhibition Activity,NP_003128.3
1796,50100111,24202429,C[C@]12[C@H]([C@H](C[C@H](O1)N3C4=CC=CC=C4C5=C6C(=C7C8=CC=CC=C8N2C7=C53)CNC6=O)N(C)C(=O)C9=CC=CC=C9)OC,Active,,,,0.33,241,SRPK2 Inhibition Activity,AAC05299.1
1797,50100111,24202429,C[C@]12[C@H]([C@H](C[C@H](O1)N3C4=CC=CC=C4C5=C6C(=C7C8=CC=CC=C8N2C7=C53)CNC6=O)N(C)C(=O)C9=CC=CC=C9)OC,Active,,,,0.64,242,SgK085 Inhibition Activity,NP_001012418.2
1798,50100111,24202429,C[C@]12[C@H]([C@H](C[C@H](O1)N3C4=CC=CC=C4C5=C6C(=C7C8=CC=CC=C8N2C7=C53)CNC6=O)N(C)C(=O)C9=CC=CC=C9)OC,Inactive,,,,3.8,259,DMPK Inhibition Activity,NP_004400.4
1799,50100111,24202429,C[C@]12[C@H]([C@H](C[C@H](O1)N3C4=CC=CC=C4C5=C6C(=C7C8=CC=CC=C8N2C7=C53)CNC6=O)N(C)C(=O)C9=CC=CC=C9)OC,Active,,,,0.12,262,TNK2 Inhibition Activity,NP_001010938.1
1800,50100111,24202429,C[C@]12[C@H]([C@H](C[C@H](O1)N3C4=CC=CC=C4C5=C6C(=C7C8=CC=CC=C8N2C7=C53)CNC6=O)N(C)C(=O)C9=CC=CC=C9)OC,Active,,,,0.67,263,CAMK1D Inhibition Activity,NP_065130.1
1801,50100111,24202429,C[C@]12[C@H]([C@H](C[C@H](O1)N3C4=CC=CC=C4C5=C6C(=C7C8=CC=CC=C8N2C7=C53)CNC6=O)N(C)C(=O)C9=CC=CC=C9)OC,Active,,,,2.1,267,PAK1 Inhibition Activity,NP_002567.3
1802,50100111,24202429,C[C@]12[C@H]([C@H](C[C@H](O1)N3C4=CC=CC=C4C5=C6C(=C7C8=CC=CC=C8N2C7=C53)CNC6=O)N(C)C(=O)C9=CC=CC=C9)OC,Active,,,,0.32,268,PRKCD Inhibition Activity,NP_006245.2
1803,50100111,24202429,C[C@]12[C@H]([C@H](C[C@H](O1)N3C4=CC=CC=C4C5=C6C(=C7C8=CC=CC=C8N2C7=C53)CNC6=O)N(C)C(=O)C9=CC=CC=C9)OC,Active,,,,0.02,270,CAMK2A Inhibition Activity,NP_741960.1
1804,50100111,24202429,C[C@]12[C@H]([C@H](C[C@H](O1)N3C4=CC=CC=C4C5=C6C(=C7C8=CC=CC=C8N2C7=C53)CNC6=O)N(C)C(=O)C9=CC=CC=C9)OC,Active,,,,0.79,271,MLK2 Inhibition Activity,NP_002437.2
1805,50100111,24202429,C[C@]12[C@H]([C@H](C[C@H](O1)N3C4=CC=CC=C4C5=C6C(=C7C8=CC=CC=C8N2C7=C53)CNC6=O)N(C)C(=O)C9=CC=CC=C9)OC,Active,,,,0.56,272,PIM1 Inhibition Activity,NP_002639.1
1806,50100111,24202429,C[C@]12[C@H]([C@H](C[C@H](O1)N3C4=CC=CC=C4C5=C6C(=C7C8=CC=CC=C8N2C7=C53)CNC6=O)N(C)C(=O)C9=CC=CC=C9)OC,Active,,,,0.56,274,PIM3 Inhibition Activity,NP_001001852.2
1807,50100111,24202429,C[C@]12[C@H]([C@H](C[C@H](O1)N3C4=CC=CC=C4C5=C6C(=C7C8=CC=CC=C8N2C7=C53)CNC6=O)N(C)C(=O)C9=CC=CC=C9)OC,Active,,,,0.54,275,PRKCE Inhibition Activity,NP_005391.1
1808,50100111,24202429,C[C@]12[C@H]([C@H](C[C@H](O1)N3C4=CC=CC=C4C5=C6C(=C7C8=CC=CC=C8N2C7=C53)CNC6=O)N(C)C(=O)C9=CC=CC=C9)OC,Active,,,,0.29,276,PRKCH Inhibition Activity,NP_006246.2
1809,50100111,24202429,C[C@]12[C@H]([C@H](C[C@H](O1)N3C4=CC=CC=C4C5=C6C(=C7C8=CC=CC=C8N2C7=C53)CNC6=O)N(C)C(=O)C9=CC=CC=C9)OC,Active,,,,1.8,277,CAMK1G Inhibition Activity,NP_065172.1
1810,50100111,24202429,C[C@]12[C@H]([C@H](C[C@H](O1)N3C4=CC=CC=C4C5=C6C(=C7C8=CC=CC=C8N2C7=C53)CNC6=O)N(C)C(=O)C9=CC=CC=C9)OC,Inactive,,,,4.8,278,MEK4 Inhibition Activity,NP_003001.1
1811,50100111,24202429,C[C@]12[C@H]([C@H](C[C@H](O1)N3C4=CC=CC=C4C5=C6C(=C7C8=CC=CC=C8N2C7=C53)CNC6=O)N(C)C(=O)C9=CC=CC=C9)OC,Active,,,,0.28,280,STK16 Inhibition Activity,CAA06700.1
1812,50100111,24202429,C[C@]12[C@H]([C@H](C[C@H](O1)N3C4=CC=CC=C4C5=C6C(=C7C8=CC=CC=C8N2C7=C53)CNC6=O)N(C)C(=O)C9=CC=CC=C9)OC,Active,,,,1.2,281,BRSK1 Inhibition Activity,NP_115806.1
1813,50100111,24202429,C[C@]12[C@H]([C@H](C[C@H](O1)N3C4=CC=CC=C4C5=C6C(=C7C8=CC=CC=C8N2C7=C53)CNC6=O)N(C)C(=O)C9=CC=CC=C9)OC,Active,,,,0.65,282,BRSK2 Inhibition Activity,NP_003948.2
1814,50100111,24202429,C[C@]12[C@H]([C@H](C[C@H](O1)N3C4=CC=CC=C4C5=C6C(=C7C8=CC=CC=C8N2C7=C53)CNC6=O)N(C)C(=O)C9=CC=CC=C9)OC,Inactive,,,,5.3,284,MEK3 Inhibition Activity,NP_002747.2
1815,50100111,24202429,C[C@]12[C@H]([C@H](C[C@H](O1)N3C4=CC=CC=C4C5=C6C(=C7C8=CC=CC=C8N2C7=C53)CNC6=O)N(C)C(=O)C9=CC=CC=C9)OC,Active,,,,0.19,288,PDPK1 Inhibition Activity,NP_002604.1
1816,50100111,24202429,C[C@]12[C@H]([C@H](C[C@H](O1)N3C4=CC=CC=C4C5=C6C(=C7C8=CC=CC=C8N2C7=C53)CNC6=O)N(C)C(=O)C9=CC=CC=C9)OC,Active,,,,0.036,292,CAMK2D Inhibition Activity,AAD20442.1
1817,50100111,24202429,C[C@]12[C@H]([C@H](C[C@H](O1)N3C4=CC=CC=C4C5=C6C(=C7C8=CC=CC=C8N2C7=C53)CNC6=O)N(C)C(=O)C9=CC=CC=C9)OC,Active,,,,0.14,293,CAMK2G Inhibition Activity,NP_751913.1
1818,50100111,24202429,C[C@]12[C@H]([C@H](C[C@H](O1)N3C4=CC=CC=C4C5=C6C(=C7C8=CC=CC=C8N2C7=C53)CNC6=O)N(C)C(=O)C9=CC=CC=C9)OC,Inactive,,,,4.7,294,DAPK1 Inhibition Activity,NP_004929.2
1819,50100111,24202429,C[C@]12[C@H]([C@H](C[C@H](O1)N3C4=CC=CC=C4C5=C6C(=C7C8=CC=CC=C8N2C7=C53)CNC6=O)N(C)C(=O)C9=CC=CC=C9)OC,Active,,,,0.074,295,PRKG2 Inhibition Activity,NP_006250.1
1820,50100111,24202429,C[C@]12[C@H]([C@H](C[C@H](O1)N3C4=CC=CC=C4C5=C6C(=C7C8=CC=CC=C8N2C7=C53)CNC6=O)N(C)C(=O)C9=CC=CC=C9)OC,Active,,,,0.89,296,DAPK2 Inhibition Activity,NP_055141.2
1821,50100111,24202429,C[C@]12[C@H]([C@H](C[C@H](O1)N3C4=CC=CC=C4C5=C6C(=C7C8=CC=CC=C8N2C7=C53)CNC6=O)N(C)C(=O)C9=CC=CC=C9)OC,Active,,,,0.95,299,AKT1 Inhibition Activity,NP_005154.2
1822,50100111,24202429,C[C@]12[C@H]([C@H](C[C@H](O1)N3C4=CC=CC=C4C5=C6C(=C7C8=CC=CC=C8N2C7=C53)CNC6=O)N(C)C(=O)C9=CC=CC=C9)OC,Active,,,,0.78,300,AKT2 Inhibition Activity,NP_001617.1
1823,50100111,24202429,C[C@]12[C@H]([C@H](C[C@H](O1)N3C4=CC=CC=C4C5=C6C(=C7C8=CC=CC=C8N2C7=C53)CNC6=O)N(C)C(=O)C9=CC=CC=C9)OC,Active,,,,0.21,301,CAMK2B Inhibition Activity,NP_001211.3
1824,50100111,24202429,C[C@]12[C@H]([C@H](C[C@H](O1)N3C4=CC=CC=C4C5=C6C(=C7C8=CC=CC=C8N2C7=C53)CNC6=O)N(C)C(=O)C9=CC=CC=C9)OC,Inactive,,,,3.3,302,PAK2 Inhibition Activity,NP_002568.2
1825,50100111,24202429,C[C@]12[C@H]([C@H](C[C@H](O1)N3C4=CC=CC=C4C5=C6C(=C7C8=CC=CC=C8N2C7=C53)CNC6=O)N(C)C(=O)C9=CC=CC=C9)OC,Active,,,,0.25,303,PRKG1 Inhibition Activity,NP_006249.1
1826,50100111,24202429,C[C@]12[C@H]([C@H](C[C@H](O1)N3C4=CC=CC=C4C5=C6C(=C7C8=CC=CC=C8N2C7=C53)CNC6=O)N(C)C(=O)C9=CC=CC=C9)OC,Active,,,,0.96,304,PRKX Inhibition Activity,NP_005035.1
1827,50100111,24202429,C[C@]12[C@H]([C@H](C[C@H](O1)N3C4=CC=CC=C4C5=C6C(=C7C8=CC=CC=C8N2C7=C53)CNC6=O)N(C)C(=O)C9=CC=CC=C9)OC,Inactive,,,,4.8,305,TSSK1 Inhibition Activity,NP_114417.1
1828,50100111,24202429,C[C@]12[C@H]([C@H](C[C@H](O1)N3C4=CC=CC=C4C5=C6C(=C7C8=CC=CC=C8N2C7=C53)CNC6=O)N(C)C(=O)C9=CC=CC=C9)OC,Active,,,,2.6,306,ZAP70 Inhibition Activity,NP_997402.1
1829,50100112,151194,C1=CC=C2C(=C1)C(=NN=C2NC3=CC=C(C=C3)Cl)CC4=CC=NC=C4,Active,,,,0.018,16,CSF1R Inhibition Activity,NP_005202.2
1830,50100112,151194,C1=CC=C2C(=C1)C(=NN=C2NC3=CC=C(C=C3)Cl)CC4=CC=NC=C4,Active,,,,0.27,17,DDR1 Inhibition Activity,NP_001945.3
1831,50100112,151194,C1=CC=C2C(=C1)C(=NN=C2NC3=CC=C(C=C3)Cl)CC4=CC=NC=C4,Active,,,,0.0096,26,FLT1 Inhibition Activity,NP_002010.2
1832,50100112,151194,C1=CC=C2C(=C1)C(=NN=C2NC3=CC=C(C=C3)Cl)CC4=CC=NC=C4,Active,,,,0.33,32,FLT4 Inhibition Activity,CAA49505.1
1833,50100112,151194,C1=CC=C2C(=C1)C(=NN=C2NC3=CC=C(C=C3)Cl)CC4=CC=NC=C4,Active,,,,1.8,33,FRK Inhibition Activity,NP_002022.1
1834,50100112,151194,C1=CC=C2C(=C1)C(=NN=C2NC3=CC=C(C=C3)Cl)CC4=CC=NC=C4,Active,,,,0.0051,36,KIT Inhibition Activity,NP_000213.1
1835,50100112,151194,C1=CC=C2C(=C1)C(=NN=C2NC3=CC=C(C=C3)Cl)CC4=CC=NC=C4,Active,,,,0.21,39,KIT(V559D V654A) Inhibition Activity,NP_000213.1
1836,50100112,151194,C1=CC=C2C(=C1)C(=NN=C2NC3=CC=C(C=C3)Cl)CC4=CC=NC=C4,Active,,,,0.017,40,KIT(V559D) Inhibition Activity,NP_000213.1
1837,50100112,151194,C1=CC=C2C(=C1)C(=NN=C2NC3=CC=C(C=C3)Cl)CC4=CC=NC=C4,Active,,,,0.096,55,PDGFRA Inhibition Activity,NP_006197.1
1838,50100112,151194,C1=CC=C2C(=C1)C(=NN=C2NC3=CC=C(C=C3)Cl)CC4=CC=NC=C4,Active,,,,0.025,56,PDGFRB Inhibition Activity,NP_002600.1
1839,50100112,151194,C1=CC=C2C(=C1)C(=NN=C2NC3=CC=C(C=C3)Cl)CC4=CC=NC=C4,Inactive,,,,7.6,60,RET(M918T) Inhibition Activity,NP_065681.1
1840,50100112,151194,C1=CC=C2C(=C1)C(=NN=C2NC3=CC=C(C=C3)Cl)CC4=CC=NC=C4,Active,,,,0.062,71,VEGFR2 Inhibition Activity,NP_002244.1
1841,50100112,151194,C1=CC=C2C(=C1)C(=NN=C2NC3=CC=C(C=C3)Cl)CC4=CC=NC=C4,Inactive,,,,8.8,77,CIT Inhibition Activity,NP_009105.1
1842,50100112,151194,C1=CC=C2C(=C1)C(=NN=C2NC3=CC=C(C=C3)Cl)CC4=CC=NC=C4,Active,,,,2.4,91,PTK6 Inhibition Activity,NP_005966.1
1843,50100112,151194,C1=CC=C2C(=C1)C(=NN=C2NC3=CC=C(C=C3)Cl)CC4=CC=NC=C4,Inactive,,,,4.4,94,ZAK Inhibition Activity,NP_598407.1
1844,50100113,160355,CC[C@H](CO)NC1=NC(=C2C(=N1)N(C=N2)C(C)C)NCC3=CC=CC=C3,Active,,,,2.3,2,ALK Inhibition Activity,NP_004295.2
1845,50100113,160355,CC[C@H](CO)NC1=NC(=C2C(=N1)N(C=N2)C(C)C)NCC3=CC=CC=C3,Active,,,,1.8,11,CDK7 Inhibition Activity,NP_001790.1
1846,50100113,160355,CC[C@H](CO)NC1=NC(=C2C(=N1)N(C=N2)C(C)C)NCC3=CC=CC=C3,Active,,,,1.2,14,CLK1 Inhibition Activity,AAA61480.1
1847,50100113,160355,CC[C@H](CO)NC1=NC(=C2C(=N1)N(C=N2)C(C)C)NCC3=CC=CC=C3,Inactive,,,,3.4,107,CDK2 Inhibition Activity,NP_001789.2
1848,50100113,160355,CC[C@H](CO)NC1=NC(=C2C(=N1)N(C=N2)C(C)C)NCC3=CC=CC=C3,Active,,,,1.9,109,CDK5 Inhibition Activity,NP_004926.1
1849,50100113,160355,CC[C@H](CO)NC1=NC(=C2C(=N1)N(C=N2)C(C)C)NCC3=CC=CC=C3,Active,,,,0.7,110,CLK2 Inhibition Activity,NP_003984.2
1850,50100113,160355,CC[C@H](CO)NC1=NC(=C2C(=N1)N(C=N2)C(C)C)NCC3=CC=CC=C3,Active,,,,0.26,112,CSNK1D Inhibition Activity,NP_620693.1
1851,50100113,160355,CC[C@H](CO)NC1=NC(=C2C(=N1)N(C=N2)C(C)C)NCC3=CC=CC=C3,Active,,,,0.32,113,CSNK1E Inhibition Activity,NP_001885.1
1852,50100113,160355,CC[C@H](CO)NC1=NC(=C2C(=N1)N(C=N2)C(C)C)NCC3=CC=CC=C3,Active,,,,2.9,115,CSNK1G3 Inhibition Activity,NP_004375.2
1853,50100113,160355,CC[C@H](CO)NC1=NC(=C2C(=N1)N(C=N2)C(C)C)NCC3=CC=CC=C3,Active,,,,1.6,168,TTK Inhibition Activity,NP_003309.2
1854,50100113,160355,CC[C@H](CO)NC1=NC(=C2C(=N1)N(C=N2)C(C)C)NCC3=CC=CC=C3,Active,,,,1.1,189,DYRK1B Inhibition Activity,NP_004705.1
1855,50100114,5169,C1=CC(=CC=C1C2=NC(=C(N2)C3=CC=NC=C3)C4=CC=C(C=C4)F)O,Active,,,,1.1,17,DDR1 Inhibition Activity,NP_001945.3
1856,50100114,5169,C1=CC(=CC=C1C2=NC(=C(N2)C3=CC=NC=C3)C4=CC=C(C=C4)F)O,Active,,,,1.6,18,DDR2 Inhibition Activity,CAA52777.1
1857,50100114,5169,C1=CC(=CC=C1C2=NC(=C(N2)C3=CC=NC=C3)C4=CC=C(C=C4)F)O,Active,,,,0.91,19,EGFR(G719C) Inhibition Activity,NP_005219.2
1858,50100114,5169,C1=CC(=CC=C1C2=NC(=C(N2)C3=CC=NC=C3)C4=CC=C(C=C4)F)O,Active,,,,2.2,21,EPHA6 Inhibition Activity,NP_001073917.2
1859,50100114,5169,C1=CC(=CC=C1C2=NC(=C(N2)C3=CC=NC=C3)C4=CC=C(C=C4)F)O,Inactive,,,,3.1,33,FRK Inhibition Activity,NP_002022.1
1860,50100114,5169,C1=CC(=CC=C1C2=NC(=C(N2)C3=CC=NC=C3)C4=CC=C(C=C4)F)O,Active,,,,0.21,35,JNK2 Inhibition Activity,NP_620707.1
1861,50100114,5169,C1=CC(=CC=C1C2=NC(=C(N2)C3=CC=NC=C3)C4=CC=C(C=C4)F)O,Active,,,,1.7,41,LATS2 Inhibition Activity,NP_055387.2
1862,50100114,5169,C1=CC(=CC=C1C2=NC(=C(N2)C3=CC=NC=C3)C4=CC=C(C=C4)F)O,Active,,,,1.7,57,PKAC-alpha Inhibition Activity,NP_002721.1
1863,50100114,5169,C1=CC(=CC=C1C2=NC(=C(N2)C3=CC=NC=C3)C4=CC=C(C=C4)F)O,Inactive,,,,3.2,64,SLK Inhibition Activity,NP_055535.2
1864,50100114,5169,C1=CC(=CC=C1C2=NC(=C(N2)C3=CC=NC=C3)C4=CC=C(C=C4)F)O,Inactive,,,,4.9,72,YANK2 Inhibition Activity,NP_060871.1
1865,50100114,5169,C1=CC(=CC=C1C2=NC(=C(N2)C3=CC=NC=C3)C4=CC=C(C=C4)F)O,Inactive,,,,4.8,75,BRAF Inhibition Activity,NP_004324.2
1866,50100114,5169,C1=CC(=CC=C1C2=NC(=C(N2)C3=CC=NC=C3)C4=CC=C(C=C4)F)O,Active,,,,0.62,76,BRAF(V600E) Inhibition Activity,NP_004324.2
1867,50100114,5169,C1=CC(=CC=C1C2=NC(=C(N2)C3=CC=NC=C3)C4=CC=C(C=C4)F)O,Active,,,,0.51,77,CIT Inhibition Activity,NP_009105.1
1868,50100114,5169,C1=CC(=CC=C1C2=NC(=C(N2)C3=CC=NC=C3)C4=CC=C(C=C4)F)O,Active,,,,2.6,78,EGFR Inhibition Activity,NP_005219.2
1869,50100114,5169,C1=CC(=CC=C1C2=NC(=C(N2)C3=CC=NC=C3)C4=CC=C(C=C4)F)O,Active,,,,1.9,79,EGFR(G719S) Inhibition Activity,NP_005219.2
1870,50100114,5169,C1=CC(=CC=C1C2=NC(=C(N2)C3=CC=NC=C3)C4=CC=C(C=C4)F)O,Active,,,,2,80,EGFR(L747-E749del  A750P) Inhibition Activity,NP_005219.2
1871,50100114,5169,C1=CC(=CC=C1C2=NC(=C(N2)C3=CC=NC=C3)C4=CC=C(C=C4)F)O,Active,,,,1.4,81,EGFR(L747-S752del  P753S) Inhibition Activity,NP_005219.2
1872,50100114,5169,C1=CC(=CC=C1C2=NC(=C(N2)C3=CC=NC=C3)C4=CC=C(C=C4)F)O,Active,,,,1.1,82,EGFR(L747-T751del Sins) Inhibition Activity,NP_005219.2
1873,50100114,5169,C1=CC(=CC=C1C2=NC(=C(N2)C3=CC=NC=C3)C4=CC=C(C=C4)F)O,Active,,,,2.3,83,EGFR(L861Q) Inhibition Activity,NP_005219.2
1874,50100114,5169,C1=CC(=CC=C1C2=NC(=C(N2)C3=CC=NC=C3)C4=CC=C(C=C4)F)O,Inactive,,,,6.8,91,PTK6 Inhibition Activity,NP_005966.1
1875,50100114,5169,C1=CC(=CC=C1C2=NC(=C(N2)C3=CC=NC=C3)C4=CC=C(C=C4)F)O,Active,,,,1.9,92,RAF1 Inhibition Activity,NP_002871.1
1876,50100114,5169,C1=CC(=CC=C1C2=NC(=C(N2)C3=CC=NC=C3)C4=CC=C(C=C4)F)O,Active,,,,0.059,112,CSNK1D Inhibition Activity,NP_620693.1
1877,50100114,5169,C1=CC(=CC=C1C2=NC(=C(N2)C3=CC=NC=C3)C4=CC=C(C=C4)F)O,Active,,,,0.17,113,CSNK1E Inhibition Activity,NP_001885.1
1878,50100114,5169,C1=CC(=CC=C1C2=NC(=C(N2)C3=CC=NC=C3)C4=CC=C(C=C4)F)O,Active,,,,0.21,118,EGFR(E746-A750del) Inhibition Activity,NP_005219.2
1879,50100114,5169,C1=CC(=CC=C1C2=NC(=C(N2)C3=CC=NC=C3)C4=CC=C(C=C4)F)O,Active,,,,1.9,119,EGFR(L858R) Inhibition Activity,NP_005219.2
1880,50100114,5169,C1=CC(=CC=C1C2=NC(=C(N2)C3=CC=NC=C3)C4=CC=C(C=C4)F)O,Active,,,,0.053,129,GAK Inhibition Activity,NP_005246.2
1881,50100114,5169,C1=CC(=CC=C1C2=NC(=C(N2)C3=CC=NC=C3)C4=CC=C(C=C4)F)O,Active,,,,2.4,134,JNK1 Inhibition Activity,NP_002741.1
1882,50100114,5169,C1=CC(=CC=C1C2=NC(=C(N2)C3=CC=NC=C3)C4=CC=C(C=C4)F)O,Active,,,,0.042,135,JNK3 Inhibition Activity,NP_002744.1
1883,50100114,5169,C1=CC(=CC=C1C2=NC(=C(N2)C3=CC=NC=C3)C4=CC=C(C=C4)F)O,Active,,,,0.028,143,NLK Inhibition Activity,NP_057315.3
1884,50100114,5169,C1=CC(=CC=C1C2=NC(=C(N2)C3=CC=NC=C3)C4=CC=C(C=C4)F)O,Active,,,,0.53,148,PKAC-beta Inhibition Activity,NP_002722.1
1885,50100114,5169,C1=CC(=CC=C1C2=NC(=C(N2)C3=CC=NC=C3)C4=CC=C(C=C4)F)O,Active,,,,0.15,155,RIPK2 Inhibition Activity,NP_003812.1
1886,50100114,5169,C1=CC(=CC=C1C2=NC(=C(N2)C3=CC=NC=C3)C4=CC=C(C=C4)F)O,Active,,,,0.27,158,RPS6KA6(Kin.Dom.2 - C-terminal) Inhibition Activity,NP_055311.1
1887,50100114,5169,C1=CC(=CC=C1C2=NC(=C(N2)C3=CC=NC=C3)C4=CC=C(C=C4)F)O,Active,,,,0.79,162,STK36 Inhibition Activity,NP_056505.2
1888,50100114,5169,C1=CC(=CC=C1C2=NC(=C(N2)C3=CC=NC=C3)C4=CC=C(C=C4)F)O,Active,,,,1.6,166,TNIK Inhibition Activity,NP_055843.1
1889,50100114,5169,C1=CC(=CC=C1C2=NC(=C(N2)C3=CC=NC=C3)C4=CC=C(C=C4)F)O,Inactive,,,,4.5,168,TTK Inhibition Activity,NP_003309.2
1890,50100114,5169,C1=CC(=CC=C1C2=NC(=C(N2)C3=CC=NC=C3)C4=CC=C(C=C4)F)O,Active,,,,0.0098,172,p38-alpha Inhibition Activity,NP_620581.1
1891,50100114,5169,C1=CC(=CC=C1C2=NC(=C(N2)C3=CC=NC=C3)C4=CC=C(C=C4)F)O,Active,,,,0.032,173,p38-beta Inhibition Activity,NP_002742.3
1892,50100114,5169,C1=CC(=CC=C1C2=NC(=C(N2)C3=CC=NC=C3)C4=CC=C(C=C4)F)O,Inactive,,,,3.3,174,p38-gamma Inhibition Activity,AAB40118.1
1893,50100114,5169,C1=CC(=CC=C1C2=NC(=C(N2)C3=CC=NC=C3)C4=CC=C(C=C4)F)O,Active,,,,1.7,175,EGFR(S752-I759del) Inhibition Activity,NP_005219.2
1894,50100114,5169,C1=CC(=CC=C1C2=NC(=C(N2)C3=CC=NC=C3)C4=CC=C(C=C4)F)O,Inactive,,,,4.9,177,ERBB4 Inhibition Activity,NP_001036064.1
1895,50100114,5169,C1=CC(=CC=C1C2=NC(=C(N2)C3=CC=NC=C3)C4=CC=C(C=C4)F)O,Inactive,,,,9.6,178,MEK2 Inhibition Activity,NP_109587.1
1896,50100114,5169,C1=CC(=CC=C1C2=NC(=C(N2)C3=CC=NC=C3)C4=CC=C(C=C4)F)O,Active,,,,0.64,180,DMPK2 Inhibition Activity,NP_059995.2
1897,50100114,5169,C1=CC(=CC=C1C2=NC(=C(N2)C3=CC=NC=C3)C4=CC=C(C=C4)F)O,Inactive,,,,4.2,183,MRCKB Inhibition Activity,NP_006026.3
1898,50100114,5169,C1=CC(=CC=C1C2=NC(=C(N2)C3=CC=NC=C3)C4=CC=C(C=C4)F)O,Active,,,,2.7,194,GSK3B Inhibition Activity,NP_002084.2
1899,50100114,5169,C1=CC(=CC=C1C2=NC(=C(N2)C3=CC=NC=C3)C4=CC=C(C=C4)F)O,Inactive,,,,4.9,248,ADCK4 Inhibition Activity,NP_079152.3
1900,50100114,5169,C1=CC(=CC=C1C2=NC(=C(N2)C3=CC=NC=C3)C4=CC=C(C=C4)F)O,Active,,,,0.17,251,RPS6KA1(Kin.Dom.2 - C-terminal) Inhibition Activity,NP_002944.2
1901,50100114,5169,C1=CC(=CC=C1C2=NC(=C(N2)C3=CC=NC=C3)C4=CC=C(C=C4)F)O,Active,,,,0.95,255,ACVR1B Inhibition Activity,NP_004293.1
1902,50100114,5169,C1=CC(=CC=C1C2=NC(=C(N2)C3=CC=NC=C3)C4=CC=C(C=C4)F)O,Inactive,,,,4.8,257,ACVR2B Inhibition Activity,NP_001097.2
1903,50100114,5169,C1=CC(=CC=C1C2=NC(=C(N2)C3=CC=NC=C3)C4=CC=C(C=C4)F)O,Active,,,,1.9,265,CSNK1A1L Inhibition Activity,NP_660204.2
1904,50100115,176155,CS(=O)C1=CC=C(C=C1)C2=NC(=C(N2)C3=CC=NC=C3)C4=CC=C(C=C4)F,Active,,,,1,17,DDR1 Inhibition Activity,NP_001945.3
1905,50100115,176155,CS(=O)C1=CC=C(C=C1)C2=NC(=C(N2)C3=CC=NC=C3)C4=CC=C(C=C4)F,Inactive,,,,5,18,DDR2 Inhibition Activity,CAA52777.1
1906,50100115,176155,CS(=O)C1=CC=C(C=C1)C2=NC(=C(N2)C3=CC=NC=C3)C4=CC=C(C=C4)F,Active,,,,0.71,19,EGFR(G719C) Inhibition Activity,NP_005219.2
1907,50100115,176155,CS(=O)C1=CC=C(C=C1)C2=NC(=C(N2)C3=CC=NC=C3)C4=CC=C(C=C4)F,Active,,,,1.2,21,EPHA6 Inhibition Activity,NP_001073917.2
1908,50100115,176155,CS(=O)C1=CC=C(C=C1)C2=NC(=C(N2)C3=CC=NC=C3)C4=CC=C(C=C4)F,Active,,,,1.8,33,FRK Inhibition Activity,NP_002022.1
1909,50100115,176155,CS(=O)C1=CC=C(C=C1)C2=NC(=C(N2)C3=CC=NC=C3)C4=CC=C(C=C4)F,Active,,,,0.13,35,JNK2 Inhibition Activity,NP_620707.1
1910,50100115,176155,CS(=O)C1=CC=C(C=C1)C2=NC(=C(N2)C3=CC=NC=C3)C4=CC=C(C=C4)F,Inactive,,,,3.7,64,SLK Inhibition Activity,NP_055535.2
1911,50100115,176155,CS(=O)C1=CC=C(C=C1)C2=NC(=C(N2)C3=CC=NC=C3)C4=CC=C(C=C4)F,Active,,,,2.1,72,YANK2 Inhibition Activity,NP_060871.1
1912,50100115,176155,CS(=O)C1=CC=C(C=C1)C2=NC(=C(N2)C3=CC=NC=C3)C4=CC=C(C=C4)F,Active,,,,0.71,75,BRAF Inhibition Activity,NP_004324.2
1913,50100115,176155,CS(=O)C1=CC=C(C=C1)C2=NC(=C(N2)C3=CC=NC=C3)C4=CC=C(C=C4)F,Active,,,,0.53,76,BRAF(V600E) Inhibition Activity,NP_004324.2
1914,50100115,176155,CS(=O)C1=CC=C(C=C1)C2=NC(=C(N2)C3=CC=NC=C3)C4=CC=C(C=C4)F,Active,,,,0.42,77,CIT Inhibition Activity,NP_009105.1
1915,50100115,176155,CS(=O)C1=CC=C(C=C1)C2=NC(=C(N2)C3=CC=NC=C3)C4=CC=C(C=C4)F,Active,,,,1.7,78,EGFR Inhibition Activity,NP_005219.2
1916,50100115,176155,CS(=O)C1=CC=C(C=C1)C2=NC(=C(N2)C3=CC=NC=C3)C4=CC=C(C=C4)F,Active,,,,1.3,79,EGFR(G719S) Inhibition Activity,NP_005219.2
1917,50100115,176155,CS(=O)C1=CC=C(C=C1)C2=NC(=C(N2)C3=CC=NC=C3)C4=CC=C(C=C4)F,Active,,,,1.7,80,EGFR(L747-E749del  A750P) Inhibition Activity,NP_005219.2
1918,50100115,176155,CS(=O)C1=CC=C(C=C1)C2=NC(=C(N2)C3=CC=NC=C3)C4=CC=C(C=C4)F,Active,,,,1.6,81,EGFR(L747-S752del  P753S) Inhibition Activity,NP_005219.2
1919,50100115,176155,CS(=O)C1=CC=C(C=C1)C2=NC(=C(N2)C3=CC=NC=C3)C4=CC=C(C=C4)F,Active,,,,1.5,82,EGFR(L747-T751del Sins) Inhibition Activity,NP_005219.2
1920,50100115,176155,CS(=O)C1=CC=C(C=C1)C2=NC(=C(N2)C3=CC=NC=C3)C4=CC=C(C=C4)F,Inactive,,,,3.2,83,EGFR(L861Q) Inhibition Activity,NP_005219.2
1921,50100115,176155,CS(=O)C1=CC=C(C=C1)C2=NC(=C(N2)C3=CC=NC=C3)C4=CC=C(C=C4)F,Active,,,,2.8,89,LCK Inhibition Activity,NP_005347.3
1922,50100115,176155,CS(=O)C1=CC=C(C=C1)C2=NC(=C(N2)C3=CC=NC=C3)C4=CC=C(C=C4)F,Inactive,,,,3.9,91,PTK6 Inhibition Activity,NP_005966.1
1923,50100115,176155,CS(=O)C1=CC=C(C=C1)C2=NC(=C(N2)C3=CC=NC=C3)C4=CC=C(C=C4)F,Active,,,,0.98,92,RAF1 Inhibition Activity,NP_002871.1
1924,50100115,176155,CS(=O)C1=CC=C(C=C1)C2=NC(=C(N2)C3=CC=NC=C3)C4=CC=C(C=C4)F,Inactive,,,,3.5,93,TNNI3K Inhibition Activity,NP_057062.1
1925,50100115,176155,CS(=O)C1=CC=C(C=C1)C2=NC(=C(N2)C3=CC=NC=C3)C4=CC=C(C=C4)F,Inactive,,,,4.4,94,ZAK Inhibition Activity,NP_598407.1
1926,50100115,176155,CS(=O)C1=CC=C(C=C1)C2=NC(=C(N2)C3=CC=NC=C3)C4=CC=C(C=C4)F,Active,,,,0.037,112,CSNK1D Inhibition Activity,NP_620693.1
1927,50100115,176155,CS(=O)C1=CC=C(C=C1)C2=NC(=C(N2)C3=CC=NC=C3)C4=CC=C(C=C4)F,Active,,,,0.1,113,CSNK1E Inhibition Activity,NP_001885.1
1928,50100115,176155,CS(=O)C1=CC=C(C=C1)C2=NC(=C(N2)C3=CC=NC=C3)C4=CC=C(C=C4)F,Active,,,,0.34,118,EGFR(E746-A750del) Inhibition Activity,NP_005219.2
1929,50100115,176155,CS(=O)C1=CC=C(C=C1)C2=NC(=C(N2)C3=CC=NC=C3)C4=CC=C(C=C4)F,Active,,,,1.9,119,EGFR(L858R) Inhibition Activity,NP_005219.2
1930,50100115,176155,CS(=O)C1=CC=C(C=C1)C2=NC(=C(N2)C3=CC=NC=C3)C4=CC=C(C=C4)F,Active,,,,0.019,129,GAK Inhibition Activity,NP_005246.2
1931,50100115,176155,CS(=O)C1=CC=C(C=C1)C2=NC(=C(N2)C3=CC=NC=C3)C4=CC=C(C=C4)F,Active,,,,1.1,134,JNK1 Inhibition Activity,NP_002741.1
1932,50100115,176155,CS(=O)C1=CC=C(C=C1)C2=NC(=C(N2)C3=CC=NC=C3)C4=CC=C(C=C4)F,Active,,,,0.035,135,JNK3 Inhibition Activity,NP_002744.1
1933,50100115,176155,CS(=O)C1=CC=C(C=C1)C2=NC(=C(N2)C3=CC=NC=C3)C4=CC=C(C=C4)F,Inactive,,,,3.7,137,MAP4K4 Inhibition Activity,NP_663719.2
1934,50100115,176155,CS(=O)C1=CC=C(C=C1)C2=NC(=C(N2)C3=CC=NC=C3)C4=CC=C(C=C4)F,Active,,,,0.025,143,NLK Inhibition Activity,NP_057315.3
1935,50100115,176155,CS(=O)C1=CC=C(C=C1)C2=NC(=C(N2)C3=CC=NC=C3)C4=CC=C(C=C4)F,Active,,,,0.024,155,RIPK2 Inhibition Activity,NP_003812.1
1936,50100115,176155,CS(=O)C1=CC=C(C=C1)C2=NC(=C(N2)C3=CC=NC=C3)C4=CC=C(C=C4)F,Active,,,,0.25,158,RPS6KA6(Kin.Dom.2 - C-terminal) Inhibition Activity,NP_055311.1
1937,50100115,176155,CS(=O)C1=CC=C(C=C1)C2=NC(=C(N2)C3=CC=NC=C3)C4=CC=C(C=C4)F,Inactive,,,,5.3,160,SRC Inhibition Activity,NP_005408.1
1938,50100115,176155,CS(=O)C1=CC=C(C=C1)C2=NC(=C(N2)C3=CC=NC=C3)C4=CC=C(C=C4)F,Active,,,,1.3,162,STK36 Inhibition Activity,NP_056505.2
1939,50100115,176155,CS(=O)C1=CC=C(C=C1)C2=NC(=C(N2)C3=CC=NC=C3)C4=CC=C(C=C4)F,Active,,,,1.8,165,TGFBR2 Inhibition Activity,NP_003233.4
1940,50100115,176155,CS(=O)C1=CC=C(C=C1)C2=NC(=C(N2)C3=CC=NC=C3)C4=CC=C(C=C4)F,Active,,,,0.82,166,TNIK Inhibition Activity,NP_055843.1
1941,50100115,176155,CS(=O)C1=CC=C(C=C1)C2=NC(=C(N2)C3=CC=NC=C3)C4=CC=C(C=C4)F,Active,,,,2.5,168,TTK Inhibition Activity,NP_003309.2
1942,50100115,176155,CS(=O)C1=CC=C(C=C1)C2=NC(=C(N2)C3=CC=NC=C3)C4=CC=C(C=C4)F,Active,,,,0.012,172,p38-alpha Inhibition Activity,NP_620581.1
1943,50100115,176155,CS(=O)C1=CC=C(C=C1)C2=NC(=C(N2)C3=CC=NC=C3)C4=CC=C(C=C4)F,Active,,,,0.07,173,p38-beta Inhibition Activity,NP_002742.3
1944,50100115,176155,CS(=O)C1=CC=C(C=C1)C2=NC(=C(N2)C3=CC=NC=C3)C4=CC=C(C=C4)F,Active,,,,1.5,174,p38-gamma Inhibition Activity,AAB40118.1
1945,50100115,176155,CS(=O)C1=CC=C(C=C1)C2=NC(=C(N2)C3=CC=NC=C3)C4=CC=C(C=C4)F,Active,,,,2,175,EGFR(S752-I759del) Inhibition Activity,NP_005219.2
1946,50100115,176155,CS(=O)C1=CC=C(C=C1)C2=NC(=C(N2)C3=CC=NC=C3)C4=CC=C(C=C4)F,Inactive,,,,9.6,178,MEK2 Inhibition Activity,NP_109587.1
1947,50100115,176155,CS(=O)C1=CC=C(C=C1)C2=NC(=C(N2)C3=CC=NC=C3)C4=CC=C(C=C4)F,Active,,,,0.4,180,DMPK2 Inhibition Activity,NP_059995.2
1948,50100115,176155,CS(=O)C1=CC=C(C=C1)C2=NC(=C(N2)C3=CC=NC=C3)C4=CC=C(C=C4)F,Inactive,,,,6.2,182,MRCKA Inhibition Activity,NP_003598.2
1949,50100115,176155,CS(=O)C1=CC=C(C=C1)C2=NC(=C(N2)C3=CC=NC=C3)C4=CC=C(C=C4)F,Active,,,,2.7,183,MRCKB Inhibition Activity,NP_006026.3
1950,50100115,176155,CS(=O)C1=CC=C(C=C1)C2=NC(=C(N2)C3=CC=NC=C3)C4=CC=C(C=C4)F,Active,,,,1.7,194,GSK3B Inhibition Activity,NP_002084.2
1951,50100115,176155,CS(=O)C1=CC=C(C=C1)C2=NC(=C(N2)C3=CC=NC=C3)C4=CC=C(C=C4)F,Inactive,,,,3.1,248,ADCK4 Inhibition Activity,NP_079152.3
1952,50100115,176155,CS(=O)C1=CC=C(C=C1)C2=NC(=C(N2)C3=CC=NC=C3)C4=CC=C(C=C4)F,Active,,,,0.32,251,RPS6KA1(Kin.Dom.2 - C-terminal) Inhibition Activity,NP_002944.2
1953,50100115,176155,CS(=O)C1=CC=C(C=C1)C2=NC(=C(N2)C3=CC=NC=C3)C4=CC=C(C=C4)F,Inactive,,,,7.1,253,TGFBR1 Inhibition Activity,NP_004603.1
1954,50100115,176155,CS(=O)C1=CC=C(C=C1)C2=NC(=C(N2)C3=CC=NC=C3)C4=CC=C(C=C4)F,Inactive,,,,4.5,254,TXK Inhibition Activity,NP_003319.2
1955,50100115,176155,CS(=O)C1=CC=C(C=C1)C2=NC(=C(N2)C3=CC=NC=C3)C4=CC=C(C=C4)F,Active,,,,3,255,ACVR1B Inhibition Activity,NP_004293.1
1956,50100115,176155,CS(=O)C1=CC=C(C=C1)C2=NC(=C(N2)C3=CC=NC=C3)C4=CC=C(C=C4)F,Active,,,,1.7,265,CSNK1A1L Inhibition Activity,NP_660204.2
1957,50100116,4521392,C1OC2=C(O1)C=C(C=C2)C3=C(NC(=N3)C4=CC=C(C=C4)C(=O)N)C5=CC=CC=N5,Active,,,,0.17,112,CSNK1D Inhibition Activity,NP_620693.1
1958,50100116,4521392,C1OC2=C(O1)C=C(C=C2)C3=C(NC(=N3)C4=CC=C(C=C4)C(=O)N)C5=CC=CC=N5,Active,,,,0.26,113,CSNK1E Inhibition Activity,NP_001885.1
1959,50100116,4521392,C1OC2=C(O1)C=C(C=C2)C3=C(NC(=N3)C4=CC=C(C=C4)C(=O)N)C5=CC=CC=N5,Inactive,,,,3.4,155,RIPK2 Inhibition Activity,NP_003812.1
1960,50100116,4521392,C1OC2=C(O1)C=C(C=C2)C3=C(NC(=N3)C4=CC=C(C=C4)C(=O)N)C5=CC=CC=N5,Active,,,,1.3,251,RPS6KA1(Kin.Dom.2 - C-terminal) Inhibition Activity,NP_002944.2
1961,50100116,4521392,C1OC2=C(O1)C=C(C=C2)C3=C(NC(=N3)C4=CC=C(C=C4)C(=O)N)C5=CC=CC=N5,Active,,,,0.17,253,TGFBR1 Inhibition Activity,NP_004603.1
1962,50100116,4521392,C1OC2=C(O1)C=C(C=C2)C3=C(NC(=N3)C4=CC=C(C=C4)C(=O)N)C5=CC=CC=N5,Active,,,,0.19,255,ACVR1B Inhibition Activity,NP_004293.1
1963,50100116,4521392,C1OC2=C(O1)C=C(C=C2)C3=C(NC(=N3)C4=CC=C(C=C4)C(=O)N)C5=CC=CC=N5,Inactive,,,,5.9,265,CSNK1A1L Inhibition Activity,NP_660204.2
1964,50100117,10138259,CC1=C(NC(=C1C(=O)NC[C@@H](CN2CCOCC2)O)C)/C=C\3/C4=C(C=CC(=C4)F)NC3=O,Active,,,,0.26,1,ABL1(T315I) Inhibition Activity,NP_005148.2
1965,50100117,10138259,CC1=C(NC(=C1C(=O)NC[C@@H](CN2CCOCC2)O)C)/C=C\3/C4=C(C=CC(=C4)F)NC3=O,Active,,,,0.49,2,ALK Inhibition Activity,NP_004295.2
1966,50100117,10138259,CC1=C(NC(=C1C(=O)NC[C@@H](CN2CCOCC2)O)C)/C=C\3/C4=C(C=CC(=C4)F)NC3=O,Active,,,,0.34,4,AURKB Inhibition Activity,AAH00442.3
1967,50100117,10138259,CC1=C(NC(=C1C(=O)NC[C@@H](CN2CCOCC2)O)C)/C=C\3/C4=C(C=CC(=C4)F)NC3=O,Active,,,,0.81,5,AURKC Inhibition Activity,AAC77369.1
1968,50100117,10138259,CC1=C(NC(=C1C(=O)NC[C@@H](CN2CCOCC2)O)C)/C=C\3/C4=C(C=CC(=C4)F)NC3=O,Active,,,,0.084,6,AXL Inhibition Activity,NP_001690.2
1969,50100117,10138259,CC1=C(NC(=C1C(=O)NC[C@@H](CN2CCOCC2)O)C)/C=C\3/C4=C(C=CC(=C4)F)NC3=O,Active,,,,0.2,7,BMPR2 Inhibition Activity,NP_001195.2
1970,50100117,10138259,CC1=C(NC(=C1C(=O)NC[C@@H](CN2CCOCC2)O)C)/C=C\3/C4=C(C=CC(=C4)F)NC3=O,Active,,,,0.93,11,CDK7 Inhibition Activity,NP_001790.1
1971,50100117,10138259,CC1=C(NC(=C1C(=O)NC[C@@H](CN2CCOCC2)O)C)/C=C\3/C4=C(C=CC(=C4)F)NC3=O,Active,,,,0.36,14,CLK1 Inhibition Activity,AAA61480.1
1972,50100117,10138259,CC1=C(NC(=C1C(=O)NC[C@@H](CN2CCOCC2)O)C)/C=C\3/C4=C(C=CC(=C4)F)NC3=O,Active,,,,0.25,15,CLK4 Inhibition Activity,NP_065717.1
1973,50100117,10138259,CC1=C(NC(=C1C(=O)NC[C@@H](CN2CCOCC2)O)C)/C=C\3/C4=C(C=CC(=C4)F)NC3=O,Active,,,,0.0036,16,CSF1R Inhibition Activity,NP_005202.2
1974,50100117,10138259,CC1=C(NC(=C1C(=O)NC[C@@H](CN2CCOCC2)O)C)/C=C\3/C4=C(C=CC(=C4)F)NC3=O,Inactive,,,,9,19,EGFR(G719C) Inhibition Activity,NP_005219.2
1975,50100117,10138259,CC1=C(NC(=C1C(=O)NC[C@@H](CN2CCOCC2)O)C)/C=C\3/C4=C(C=CC(=C4)F)NC3=O,Active,,,,2,21,EPHA6 Inhibition Activity,NP_001073917.2
1976,50100117,10138259,CC1=C(NC(=C1C(=O)NC[C@@H](CN2CCOCC2)O)C)/C=C\3/C4=C(C=CC(=C4)F)NC3=O,Active,,,,0.0047,26,FLT1 Inhibition Activity,NP_002010.2
1977,50100117,10138259,CC1=C(NC(=C1C(=O)NC[C@@H](CN2CCOCC2)O)C)/C=C\3/C4=C(C=CC(=C4)F)NC3=O,Active,,,,0.00054,27,FLT3 Inhibition Activity,NP_004110.2
1978,50100117,10138259,CC1=C(NC(=C1C(=O)NC[C@@H](CN2CCOCC2)O)C)/C=C\3/C4=C(C=CC(=C4)F)NC3=O,Active,,,,0.0063,28,FLT3(D835H) Inhibition Activity,NP_004110.2
1979,50100117,10138259,CC1=C(NC(=C1C(=O)NC[C@@H](CN2CCOCC2)O)C)/C=C\3/C4=C(C=CC(=C4)F)NC3=O,Active,,,,0.0061,29,FLT3(D835Y) Inhibition Activity,NP_004110.2
1980,50100117,10138259,CC1=C(NC(=C1C(=O)NC[C@@H](CN2CCOCC2)O)C)/C=C\3/C4=C(C=CC(=C4)F)NC3=O,Active,,,,0.0018,30,FLT3(ITD) Inhibition Activity,NP_004110.2
1981,50100117,10138259,CC1=C(NC(=C1C(=O)NC[C@@H](CN2CCOCC2)O)C)/C=C\3/C4=C(C=CC(=C4)F)NC3=O,Active,,,,0.0054,31,FLT3(N841I) Inhibition Activity,NP_004110.2
1982,50100117,10138259,CC1=C(NC(=C1C(=O)NC[C@@H](CN2CCOCC2)O)C)/C=C\3/C4=C(C=CC(=C4)F)NC3=O,Active,,,,0.05,32,FLT4 Inhibition Activity,CAA49505.1
1983,50100117,10138259,CC1=C(NC(=C1C(=O)NC[C@@H](CN2CCOCC2)O)C)/C=C\3/C4=C(C=CC(=C4)F)NC3=O,Active,,,,2,34,INSRR Inhibition Activity,NP_055030.1
1984,50100117,10138259,CC1=C(NC(=C1C(=O)NC[C@@H](CN2CCOCC2)O)C)/C=C\3/C4=C(C=CC(=C4)F)NC3=O,Active,,,,0.00068,36,KIT Inhibition Activity,NP_000213.1
1985,50100117,10138259,CC1=C(NC(=C1C(=O)NC[C@@H](CN2CCOCC2)O)C)/C=C\3/C4=C(C=CC(=C4)F)NC3=O,Active,,,,0.34,37,KIT(D816V) Inhibition Activity,NP_000213.1
1986,50100117,10138259,CC1=C(NC(=C1C(=O)NC[C@@H](CN2CCOCC2)O)C)/C=C\3/C4=C(C=CC(=C4)F)NC3=O,Active,,,,0.00056,38,KIT(V559D T670I) Inhibition Activity,NP_000213.1
1987,50100117,10138259,CC1=C(NC(=C1C(=O)NC[C@@H](CN2CCOCC2)O)C)/C=C\3/C4=C(C=CC(=C4)F)NC3=O,Active,,,,0.00025,39,KIT(V559D V654A) Inhibition Activity,NP_000213.1
1988,50100117,10138259,CC1=C(NC(=C1C(=O)NC[C@@H](CN2CCOCC2)O)C)/C=C\3/C4=C(C=CC(=C4)F)NC3=O,Active,,,,0.00051,40,KIT(V559D) Inhibition Activity,NP_000213.1
1989,50100117,10138259,CC1=C(NC(=C1C(=O)NC[C@@H](CN2CCOCC2)O)C)/C=C\3/C4=C(C=CC(=C4)F)NC3=O,Active,,,,0.43,41,LATS2 Inhibition Activity,NP_055387.2
1990,50100117,10138259,CC1=C(NC(=C1C(=O)NC[C@@H](CN2CCOCC2)O)C)/C=C\3/C4=C(C=CC(=C4)F)NC3=O,Active,,,,0.23,43,LOK Inhibition Activity,BAA35073.1
1991,50100117,10138259,CC1=C(NC(=C1C(=O)NC[C@@H](CN2CCOCC2)O)C)/C=C\3/C4=C(C=CC(=C4)F)NC3=O,Inactive,,,,4.2,44,LTK Inhibition Activity,NP_996844.1
1992,50100117,10138259,CC1=C(NC(=C1C(=O)NC[C@@H](CN2CCOCC2)O)C)/C=C\3/C4=C(C=CC(=C4)F)NC3=O,Active,,,,0.015,45,MAP4K1 Inhibition Activity,NP_001036065.1
1993,50100117,10138259,CC1=C(NC(=C1C(=O)NC[C@@H](CN2CCOCC2)O)C)/C=C\3/C4=C(C=CC(=C4)F)NC3=O,Active,,,,0.21,46,MAP4K3 Inhibition Activity,NP_003609.2
1994,50100117,10138259,CC1=C(NC(=C1C(=O)NC[C@@H](CN2CCOCC2)O)C)/C=C\3/C4=C(C=CC(=C4)F)NC3=O,Active,,,,0.3,47,MAP4K5 Inhibition Activity,NP_006566.2
1995,50100117,10138259,CC1=C(NC(=C1C(=O)NC[C@@H](CN2CCOCC2)O)C)/C=C\3/C4=C(C=CC(=C4)F)NC3=O,Active,,,,0.066,48,MERTK Inhibition Activity,AAB60430.1
1996,50100117,10138259,CC1=C(NC(=C1C(=O)NC[C@@H](CN2CCOCC2)O)C)/C=C\3/C4=C(C=CC(=C4)F)NC3=O,Inactive,,,,5.5,51,MKNK2 Inhibition Activity,AAF17226.1
1997,50100117,10138259,CC1=C(NC(=C1C(=O)NC[C@@H](CN2CCOCC2)O)C)/C=C\3/C4=C(C=CC(=C4)F)NC3=O,Active,,,,0.13,52,MST1 Inhibition Activity,NP_006273.1
1998,50100117,10138259,CC1=C(NC(=C1C(=O)NC[C@@H](CN2CCOCC2)O)C)/C=C\3/C4=C(C=CC(=C4)F)NC3=O,Active,,,,0.065,53,MST2 Inhibition Activity,NP_006272.2
1999,50100117,10138259,CC1=C(NC(=C1C(=O)NC[C@@H](CN2CCOCC2)O)C)/C=C\3/C4=C(C=CC(=C4)F)NC3=O,Active,,,,0.1,54,MUSK Inhibition Activity,NP_005583.1
2000,50100117,10138259,CC1=C(NC(=C1C(=O)NC[C@@H](CN2CCOCC2)O)C)/C=C\3/C4=C(C=CC(=C4)F)NC3=O,Active,,,,0.0011,55,PDGFRA Inhibition Activity,NP_006197.1
2001,50100117,10138259,CC1=C(NC(=C1C(=O)NC[C@@H](CN2CCOCC2)O)C)/C=C\3/C4=C(C=CC(=C4)F)NC3=O,Active,,,,0.00029,56,PDGFRB Inhibition Activity,NP_002600.1
2002,50100117,10138259,CC1=C(NC(=C1C(=O)NC[C@@H](CN2CCOCC2)O)C)/C=C\3/C4=C(C=CC(=C4)F)NC3=O,Active,,,,0.037,59,RET Inhibition Activity,NP_065681.1
2003,50100117,10138259,CC1=C(NC(=C1C(=O)NC[C@@H](CN2CCOCC2)O)C)/C=C\3/C4=C(C=CC(=C4)F)NC3=O,Active,,,,0.024,60,RET(M918T) Inhibition Activity,NP_065681.1
2004,50100117,10138259,CC1=C(NC(=C1C(=O)NC[C@@H](CN2CCOCC2)O)C)/C=C\3/C4=C(C=CC(=C4)F)NC3=O,Active,,,,1.2,61,RIPK1 Inhibition Activity,NP_003795.2
2005,50100117,10138259,CC1=C(NC(=C1C(=O)NC[C@@H](CN2CCOCC2)O)C)/C=C\3/C4=C(C=CC(=C4)F)NC3=O,Active,,,,0.2,62,RPS6KA4(Kin.Dom.1 - N-terminal) Inhibition Activity,NP_001006945.1
2006,50100117,10138259,CC1=C(NC(=C1C(=O)NC[C@@H](CN2CCOCC2)O)C)/C=C\3/C4=C(C=CC(=C4)F)NC3=O,Active,,,,0.15,63,RPS6KA5(Kin.Dom.1 - N-terminal) Inhibition Activity,NP_872198.1
2007,50100117,10138259,CC1=C(NC(=C1C(=O)NC[C@@H](CN2CCOCC2)O)C)/C=C\3/C4=C(C=CC(=C4)F)NC3=O,Active,,,,0.46,64,SLK Inhibition Activity,NP_055535.2
2008,50100117,10138259,CC1=C(NC(=C1C(=O)NC[C@@H](CN2CCOCC2)O)C)/C=C\3/C4=C(C=CC(=C4)F)NC3=O,Active,,,,0.13,65,STK33 Inhibition Activity,NP_112168.1
2009,50100117,10138259,CC1=C(NC(=C1C(=O)NC[C@@H](CN2CCOCC2)O)C)/C=C\3/C4=C(C=CC(=C4)F)NC3=O,Active,,,,0.48,68,TRKA Inhibition Activity,NP_001012331.1
2010,50100117,10138259,CC1=C(NC(=C1C(=O)NC[C@@H](CN2CCOCC2)O)C)/C=C\3/C4=C(C=CC(=C4)F)NC3=O,Active,,,,0.99,69,TRKB Inhibition Activity,NP_006171.2
2011,50100117,10138259,CC1=C(NC(=C1C(=O)NC[C@@H](CN2CCOCC2)O)C)/C=C\3/C4=C(C=CC(=C4)F)NC3=O,Active,,,,0.22,70,TRKC Inhibition Activity,AAA75374.1
2012,50100117,10138259,CC1=C(NC(=C1C(=O)NC[C@@H](CN2CCOCC2)O)C)/C=C\3/C4=C(C=CC(=C4)F)NC3=O,Active,,,,0.0023,71,VEGFR2 Inhibition Activity,NP_002244.1
2013,50100117,10138259,CC1=C(NC(=C1C(=O)NC[C@@H](CN2CCOCC2)O)C)/C=C\3/C4=C(C=CC(=C4)F)NC3=O,Active,,,,1.5,73,ABL1 Inhibition Activity,NP_005148.2
2014,50100117,10138259,CC1=C(NC(=C1C(=O)NC[C@@H](CN2CCOCC2)O)C)/C=C\3/C4=C(C=CC(=C4)F)NC3=O,Active,,,,0.75,74,BLK Inhibition Activity,NP_001706.2
2015,50100117,10138259,CC1=C(NC(=C1C(=O)NC[C@@H](CN2CCOCC2)O)C)/C=C\3/C4=C(C=CC(=C4)F)NC3=O,Active,,,,0.094,77,CIT Inhibition Activity,NP_009105.1
2016,50100117,10138259,CC1=C(NC(=C1C(=O)NC[C@@H](CN2CCOCC2)O)C)/C=C\3/C4=C(C=CC(=C4)F)NC3=O,Active,,,,1.9,84,FGFR1 Inhibition Activity,NP_075593.1
2017,50100117,10138259,CC1=C(NC(=C1C(=O)NC[C@@H](CN2CCOCC2)O)C)/C=C\3/C4=C(C=CC(=C4)F)NC3=O,Active,,,,0.39,86,FGR Inhibition Activity,NP_005239.1
2018,50100117,10138259,CC1=C(NC(=C1C(=O)NC[C@@H](CN2CCOCC2)O)C)/C=C\3/C4=C(C=CC(=C4)F)NC3=O,Active,,,,2.6,87,FYN Inhibition Activity,NP_694592.1
2019,50100117,10138259,CC1=C(NC(=C1C(=O)NC[C@@H](CN2CCOCC2)O)C)/C=C\3/C4=C(C=CC(=C4)F)NC3=O,Active,,,,0.47,88,GCN2(Kin.Dom.2 S808G) Inhibition Activity,NP_001013725.2
2020,50100117,10138259,CC1=C(NC(=C1C(=O)NC[C@@H](CN2CCOCC2)O)C)/C=C\3/C4=C(C=CC(=C4)F)NC3=O,Active,,,,2.3,89,LCK Inhibition Activity,NP_005347.3
2021,50100117,10138259,CC1=C(NC(=C1C(=O)NC[C@@H](CN2CCOCC2)O)C)/C=C\3/C4=C(C=CC(=C4)F)NC3=O,Active,,,,0.81,90,LYN Inhibition Activity,NP_002341.1
2022,50100117,10138259,CC1=C(NC(=C1C(=O)NC[C@@H](CN2CCOCC2)O)C)/C=C\3/C4=C(C=CC(=C4)F)NC3=O,Active,,,,0.93,96,ABL1(H396P) Inhibition Activity,NP_005148.2
2023,50100117,10138259,CC1=C(NC(=C1C(=O)NC[C@@H](CN2CCOCC2)O)C)/C=C\3/C4=C(C=CC(=C4)F)NC3=O,Active,,,,0.97,97,ABL1(M351T) Inhibition Activity,NP_005148.2
2024,50100117,10138259,CC1=C(NC(=C1C(=O)NC[C@@H](CN2CCOCC2)O)C)/C=C\3/C4=C(C=CC(=C4)F)NC3=O,Active,,,,2.1,98,ABL1(Q252H) Inhibition Activity,NP_005148.2
2025,50100117,10138259,CC1=C(NC(=C1C(=O)NC[C@@H](CN2CCOCC2)O)C)/C=C\3/C4=C(C=CC(=C4)F)NC3=O,Active,,,,1.2,99,ABL1(Y253F) Inhibition Activity,NP_005148.2
2026,50100117,10138259,CC1=C(NC(=C1C(=O)NC[C@@H](CN2CCOCC2)O)C)/C=C\3/C4=C(C=CC(=C4)F)NC3=O,Active,,,,0.1,101,AMPK-alpha1 Inhibition Activity,BAA36547.1
2027,50100117,10138259,CC1=C(NC(=C1C(=O)NC[C@@H](CN2CCOCC2)O)C)/C=C\3/C4=C(C=CC(=C4)F)NC3=O,Active,,,,0.16,102,ANKK1 Inhibition Activity,NP_848605.1
2028,50100117,10138259,CC1=C(NC(=C1C(=O)NC[C@@H](CN2CCOCC2)O)C)/C=C\3/C4=C(C=CC(=C4)F)NC3=O,Inactive,,,,3.3,103,CAMK1 Inhibition Activity,NP_003647.1
2029,50100117,10138259,CC1=C(NC(=C1C(=O)NC[C@@H](CN2CCOCC2)O)C)/C=C\3/C4=C(C=CC(=C4)F)NC3=O,Active,,,,2.7,104,CAMK4 Inhibition Activity,NP_001735.1
2030,50100117,10138259,CC1=C(NC(=C1C(=O)NC[C@@H](CN2CCOCC2)O)C)/C=C\3/C4=C(C=CC(=C4)F)NC3=O,Active,,,,0.85,105,CAMKK1 Inhibition Activity,NP_115670.1
2031,50100117,10138259,CC1=C(NC(=C1C(=O)NC[C@@H](CN2CCOCC2)O)C)/C=C\3/C4=C(C=CC(=C4)F)NC3=O,Active,,,,2.5,106,CAMKK2 Inhibition Activity,NP_006540.3
2032,50100117,10138259,CC1=C(NC(=C1C(=O)NC[C@@H](CN2CCOCC2)O)C)/C=C\3/C4=C(C=CC(=C4)F)NC3=O,Active,,,,0.15,110,CLK2 Inhibition Activity,NP_003984.2
2033,50100117,10138259,CC1=C(NC(=C1C(=O)NC[C@@H](CN2CCOCC2)O)C)/C=C\3/C4=C(C=CC(=C4)F)NC3=O,Active,,,,0.26,112,CSNK1D Inhibition Activity,NP_620693.1
2034,50100117,10138259,CC1=C(NC(=C1C(=O)NC[C@@H](CN2CCOCC2)O)C)/C=C\3/C4=C(C=CC(=C4)F)NC3=O,Active,,,,0.34,113,CSNK1E Inhibition Activity,NP_001885.1
2035,50100117,10138259,CC1=C(NC(=C1C(=O)NC[C@@H](CN2CCOCC2)O)C)/C=C\3/C4=C(C=CC(=C4)F)NC3=O,Active,,,,0.79,114,CSNK1G2 Inhibition Activity,NP_001310.3
2036,50100117,10138259,CC1=C(NC(=C1C(=O)NC[C@@H](CN2CCOCC2)O)C)/C=C\3/C4=C(C=CC(=C4)F)NC3=O,Active,,,,0.57,115,CSNK1G3 Inhibition Activity,NP_004375.2
2037,50100117,10138259,CC1=C(NC(=C1C(=O)NC[C@@H](CN2CCOCC2)O)C)/C=C\3/C4=C(C=CC(=C4)F)NC3=O,Active,,,,0.17,116,DAPK3 Inhibition Activity,NP_001339.1
2038,50100117,10138259,CC1=C(NC(=C1C(=O)NC[C@@H](CN2CCOCC2)O)C)/C=C\3/C4=C(C=CC(=C4)F)NC3=O,Active,,,,0.56,117,DLK Inhibition Activity,NP_006292.3
2039,50100117,10138259,CC1=C(NC(=C1C(=O)NC[C@@H](CN2CCOCC2)O)C)/C=C\3/C4=C(C=CC(=C4)F)NC3=O,Active,,,,0.034,126,FER Inhibition Activity,NP_005237.2
2040,50100117,10138259,CC1=C(NC(=C1C(=O)NC[C@@H](CN2CCOCC2)O)C)/C=C\3/C4=C(C=CC(=C4)F)NC3=O,Active,,,,0.79,128,FGFR2 Inhibition Activity,NP_075259.4
2041,50100117,10138259,CC1=C(NC(=C1C(=O)NC[C@@H](CN2CCOCC2)O)C)/C=C\3/C4=C(C=CC(=C4)F)NC3=O,Active,,,,0.044,129,GAK Inhibition Activity,NP_005246.2
2042,50100117,10138259,CC1=C(NC(=C1C(=O)NC[C@@H](CN2CCOCC2)O)C)/C=C\3/C4=C(C=CC(=C4)F)NC3=O,Active,,,,2.2,130,HCK Inhibition Activity,NP_002101.2
2043,50100117,10138259,CC1=C(NC(=C1C(=O)NC[C@@H](CN2CCOCC2)O)C)/C=C\3/C4=C(C=CC(=C4)F)NC3=O,Active,,,,0.19,131,ITK Inhibition Activity,NP_005537.3
2044,50100117,10138259,CC1=C(NC(=C1C(=O)NC[C@@H](CN2CCOCC2)O)C)/C=C\3/C4=C(C=CC(=C4)F)NC3=O,Active,,,,1.6,132,JAK2(Kin.Dom.2/JH1 - catalytic) Inhibition Activity,NP_004963.1
2045,50100117,10138259,CC1=C(NC(=C1C(=O)NC[C@@H](CN2CCOCC2)O)C)/C=C\3/C4=C(C=CC(=C4)F)NC3=O,Active,,,,0.58,133,JAK3(Kin.Dom.2/JH1 - catalytic) Inhibition Activity,NP_000206.2
2046,50100117,10138259,CC1=C(NC(=C1C(=O)NC[C@@H](CN2CCOCC2)O)C)/C=C\3/C4=C(C=CC(=C4)F)NC3=O,Active,,,,0.85,136,LATS1 Inhibition Activity,NP_004681.1
2047,50100117,10138259,CC1=C(NC(=C1C(=O)NC[C@@H](CN2CCOCC2)O)C)/C=C\3/C4=C(C=CC(=C4)F)NC3=O,Active,,,,0.26,137,MAP4K4 Inhibition Activity,NP_663719.2
2048,50100117,10138259,CC1=C(NC(=C1C(=O)NC[C@@H](CN2CCOCC2)O)C)/C=C\3/C4=C(C=CC(=C4)F)NC3=O,Active,,,,0.34,138,MELK Inhibition Activity,NP_055606.1
2049,50100117,10138259,CC1=C(NC(=C1C(=O)NC[C@@H](CN2CCOCC2)O)C)/C=C\3/C4=C(C=CC(=C4)F)NC3=O,Active,,,,0.19,139,MYLK2 Inhibition Activity,NP_149109.1
2050,50100117,10138259,CC1=C(NC(=C1C(=O)NC[C@@H](CN2CCOCC2)O)C)/C=C\3/C4=C(C=CC(=C4)F)NC3=O,Active,,,,0.94,144,PCTK1 Inhibition Activity,NP_006192.1
2051,50100117,10138259,CC1=C(NC(=C1C(=O)NC[C@@H](CN2CCOCC2)O)C)/C=C\3/C4=C(C=CC(=C4)F)NC3=O,Inactive,,,,7.2,149,PRKCQ Inhibition Activity,NP_006248.1
2052,50100117,10138259,CC1=C(NC(=C1C(=O)NC[C@@H](CN2CCOCC2)O)C)/C=C\3/C4=C(C=CC(=C4)F)NC3=O,Active,,,,2.4,150,PRKD1 Inhibition Activity,NP_002733.2
2053,50100117,10138259,CC1=C(NC(=C1C(=O)NC[C@@H](CN2CCOCC2)O)C)/C=C\3/C4=C(C=CC(=C4)F)NC3=O,Inactive,,,,3.7,151,PRKD2 Inhibition Activity,NP_057541.2
2054,50100117,10138259,CC1=C(NC(=C1C(=O)NC[C@@H](CN2CCOCC2)O)C)/C=C\3/C4=C(C=CC(=C4)F)NC3=O,Active,,,,2.7,152,PRKD3 Inhibition Activity,NP_005804.1
2055,50100117,10138259,CC1=C(NC(=C1C(=O)NC[C@@H](CN2CCOCC2)O)C)/C=C\3/C4=C(C=CC(=C4)F)NC3=O,Active,,,,1.3,153,PRKR Inhibition Activity,NP_002750.1
2056,50100117,10138259,CC1=C(NC(=C1C(=O)NC[C@@H](CN2CCOCC2)O)C)/C=C\3/C4=C(C=CC(=C4)F)NC3=O,Active,,,,0.6,154,PTK2B Inhibition Activity,NP_775267.1
2057,50100117,10138259,CC1=C(NC(=C1C(=O)NC[C@@H](CN2CCOCC2)O)C)/C=C\3/C4=C(C=CC(=C4)F)NC3=O,Inactive,,,,9.6,157,RPS6KA2(Kin.Dom.2 - C-terminal) Inhibition Activity,NP_001006933.2
2058,50100117,10138259,CC1=C(NC(=C1C(=O)NC[C@@H](CN2CCOCC2)O)C)/C=C\3/C4=C(C=CC(=C4)F)NC3=O,Active,,,,2.7,159,SNF1LK Inhibition Activity,NP_775490.2
2059,50100117,10138259,CC1=C(NC(=C1C(=O)NC[C@@H](CN2CCOCC2)O)C)/C=C\3/C4=C(C=CC(=C4)F)NC3=O,Inactive,,,,4.9,160,SRC Inhibition Activity,NP_005408.1
2060,50100117,10138259,CC1=C(NC(=C1C(=O)NC[C@@H](CN2CCOCC2)O)C)/C=C\3/C4=C(C=CC(=C4)F)NC3=O,Active,,,,0.062,161,SRMS Inhibition Activity,NP_543013.1
2061,50100117,10138259,CC1=C(NC(=C1C(=O)NC[C@@H](CN2CCOCC2)O)C)/C=C\3/C4=C(C=CC(=C4)F)NC3=O,Active,,,,0.09,166,TNIK Inhibition Activity,NP_055843.1
2062,50100117,10138259,CC1=C(NC(=C1C(=O)NC[C@@H](CN2CCOCC2)O)C)/C=C\3/C4=C(C=CC(=C4)F)NC3=O,Active,,,,1.5,167,TNK1 Inhibition Activity,AAH35782.1
2063,50100117,10138259,CC1=C(NC(=C1C(=O)NC[C@@H](CN2CCOCC2)O)C)/C=C\3/C4=C(C=CC(=C4)F)NC3=O,Active,,,,0.18,168,TTK Inhibition Activity,NP_003309.2
2064,50100117,10138259,CC1=C(NC(=C1C(=O)NC[C@@H](CN2CCOCC2)O)C)/C=C\3/C4=C(C=CC(=C4)F)NC3=O,Inactive,,,,5.1,169,TYK2(Kin.Dom.2/JH1 - catalytic) Inhibition Activity,CAA38449.1
2065,50100117,10138259,CC1=C(NC(=C1C(=O)NC[C@@H](CN2CCOCC2)O)C)/C=C\3/C4=C(C=CC(=C4)F)NC3=O,Active,,,,0.26,170,YES Inhibition Activity,NP_005424.1
2066,50100117,10138259,CC1=C(NC(=C1C(=O)NC[C@@H](CN2CCOCC2)O)C)/C=C\3/C4=C(C=CC(=C4)F)NC3=O,Active,,,,0.36,171,YSK1 Inhibition Activity,NP_006365.2
2067,50100117,10138259,CC1=C(NC(=C1C(=O)NC[C@@H](CN2CCOCC2)O)C)/C=C\3/C4=C(C=CC(=C4)F)NC3=O,Active,,,,0.12,178,MEK2 Inhibition Activity,NP_109587.1
2068,50100117,10138259,CC1=C(NC(=C1C(=O)NC[C@@H](CN2CCOCC2)O)C)/C=C\3/C4=C(C=CC(=C4)F)NC3=O,Active,,,,0.18,179,PLK4 Inhibition Activity,BAB69958.1
2069,50100117,10138259,CC1=C(NC(=C1C(=O)NC[C@@H](CN2CCOCC2)O)C)/C=C\3/C4=C(C=CC(=C4)F)NC3=O,Active,,,,1.2,184,PTK2 Inhibition Activity,NP_722560.1
2070,50100117,10138259,CC1=C(NC(=C1C(=O)NC[C@@H](CN2CCOCC2)O)C)/C=C\3/C4=C(C=CC(=C4)F)NC3=O,Active,,,,0.55,185,DCAMKL1 Inhibition Activity,NP_004725.1
2071,50100117,10138259,CC1=C(NC(=C1C(=O)NC[C@@H](CN2CCOCC2)O)C)/C=C\3/C4=C(C=CC(=C4)F)NC3=O,Active,,,,0.24,187,DCAMKL3 Inhibition Activity,NP_208382.1
2072,50100117,10138259,CC1=C(NC(=C1C(=O)NC[C@@H](CN2CCOCC2)O)C)/C=C\3/C4=C(C=CC(=C4)F)NC3=O,Active,,,,0.024,188,DRAK1 Inhibition Activity,NP_004751.2
2073,50100117,10138259,CC1=C(NC(=C1C(=O)NC[C@@H](CN2CCOCC2)O)C)/C=C\3/C4=C(C=CC(=C4)F)NC3=O,Active,,,,2.6,189,DYRK1B Inhibition Activity,NP_004705.1
2074,50100117,10138259,CC1=C(NC(=C1C(=O)NC[C@@H](CN2CCOCC2)O)C)/C=C\3/C4=C(C=CC(=C4)F)NC3=O,Active,,,,1.9,195,IRAK3 Inhibition Activity,NP_009130.2
2075,50100117,10138259,CC1=C(NC(=C1C(=O)NC[C@@H](CN2CCOCC2)O)C)/C=C\3/C4=C(C=CC(=C4)F)NC3=O,Active,,,,0.042,196,MLCK Inhibition Activity,NP_872299.2
2076,50100117,10138259,CC1=C(NC(=C1C(=O)NC[C@@H](CN2CCOCC2)O)C)/C=C\3/C4=C(C=CC(=C4)F)NC3=O,Active,,,,0.19,197,PAK3 Inhibition Activity,NP_002569.1
2077,50100117,10138259,CC1=C(NC(=C1C(=O)NC[C@@H](CN2CCOCC2)O)C)/C=C\3/C4=C(C=CC(=C4)F)NC3=O,Active,,,,0.083,198,PHKG1 Inhibition Activity,NP_006204.1
2078,50100117,10138259,CC1=C(NC(=C1C(=O)NC[C@@H](CN2CCOCC2)O)C)/C=C\3/C4=C(C=CC(=C4)F)NC3=O,Active,,,,0.4,199,SNARK Inhibition Activity,NP_112214.2
2079,50100117,10138259,CC1=C(NC(=C1C(=O)NC[C@@H](CN2CCOCC2)O)C)/C=C\3/C4=C(C=CC(=C4)F)NC3=O,Active,,,,0.066,200,AAK1 Inhibition Activity,NP_055726.3
2080,50100117,10138259,CC1=C(NC(=C1C(=O)NC[C@@H](CN2CCOCC2)O)C)/C=C\3/C4=C(C=CC(=C4)F)NC3=O,Active,,,,0.29,201,AMPK-alpha2 Inhibition Activity,NP_006243.2
2081,50100117,10138259,CC1=C(NC(=C1C(=O)NC[C@@H](CN2CCOCC2)O)C)/C=C\3/C4=C(C=CC(=C4)F)NC3=O,Active,,,,0.46,202,ARK5 Inhibition Activity,NP_055655.1
2082,50100117,10138259,CC1=C(NC(=C1C(=O)NC[C@@H](CN2CCOCC2)O)C)/C=C\3/C4=C(C=CC(=C4)F)NC3=O,Active,,,,0.027,203,BIKE Inhibition Activity,NP_060063.2
2083,50100117,10138259,CC1=C(NC(=C1C(=O)NC[C@@H](CN2CCOCC2)O)C)/C=C\3/C4=C(C=CC(=C4)F)NC3=O,Active,,,,1.2,204,CHEK1 Inhibition Activity,NP_001265.2
2084,50100117,10138259,CC1=C(NC(=C1C(=O)NC[C@@H](CN2CCOCC2)O)C)/C=C\3/C4=C(C=CC(=C4)F)NC3=O,Active,,,,0.097,205,CSNK2A1 Inhibition Activity,NP_001886.1
2085,50100117,10138259,CC1=C(NC(=C1C(=O)NC[C@@H](CN2CCOCC2)O)C)/C=C\3/C4=C(C=CC(=C4)F)NC3=O,Active,,,,0.14,206,CSNK2A2 Inhibition Activity,NP_001887.1
2086,50100117,10138259,CC1=C(NC(=C1C(=O)NC[C@@H](CN2CCOCC2)O)C)/C=C\3/C4=C(C=CC(=C4)F)NC3=O,Active,,,,0.32,207,DRAK2 Inhibition Activity,NP_004217.1
2087,50100117,10138259,CC1=C(NC(=C1C(=O)NC[C@@H](CN2CCOCC2)O)C)/C=C\3/C4=C(C=CC(=C4)F)NC3=O,Active,,,,0.56,208,FGFR3 Inhibition Activity,NP_000133.1
2088,50100117,10138259,CC1=C(NC(=C1C(=O)NC[C@@H](CN2CCOCC2)O)C)/C=C\3/C4=C(C=CC(=C4)F)NC3=O,Active,,,,0.38,209,FGFR3(G697C) Inhibition Activity,NP_000133.1
2089,50100117,10138259,CC1=C(NC(=C1C(=O)NC[C@@H](CN2CCOCC2)O)C)/C=C\3/C4=C(C=CC(=C4)F)NC3=O,Active,,,,0.48,210,IKK-epsilon Inhibition Activity,NP_054721.1
2090,50100117,10138259,CC1=C(NC(=C1C(=O)NC[C@@H](CN2CCOCC2)O)C)/C=C\3/C4=C(C=CC(=C4)F)NC3=O,Active,,,,0.097,211,JAK1(Kin.Dom.1/JH2 - pseudokinase) Inhibition Activity,NP_002218.2
2091,50100117,10138259,CC1=C(NC(=C1C(=O)NC[C@@H](CN2CCOCC2)O)C)/C=C\3/C4=C(C=CC(=C4)F)NC3=O,Active,,,,0.36,212,LKB1 Inhibition Activity,NP_000446.1
2092,50100117,10138259,CC1=C(NC(=C1C(=O)NC[C@@H](CN2CCOCC2)O)C)/C=C\3/C4=C(C=CC(=C4)F)NC3=O,Active,,,,1.5,214,MARK1 Inhibition Activity,CAH72463.1
2093,50100117,10138259,CC1=C(NC(=C1C(=O)NC[C@@H](CN2CCOCC2)O)C)/C=C\3/C4=C(C=CC(=C4)F)NC3=O,Active,,,,0.44,215,MARK2 Inhibition Activity,NP_059672.2
2094,50100117,10138259,CC1=C(NC(=C1C(=O)NC[C@@H](CN2CCOCC2)O)C)/C=C\3/C4=C(C=CC(=C4)F)NC3=O,Active,,,,1.1,216,MARK3 Inhibition Activity,NP_002367.5
2095,50100117,10138259,CC1=C(NC(=C1C(=O)NC[C@@H](CN2CCOCC2)O)C)/C=C\3/C4=C(C=CC(=C4)F)NC3=O,Active,,,,2,217,MARK4 Inhibition Activity,NP_113605.2
2096,50100117,10138259,CC1=C(NC(=C1C(=O)NC[C@@H](CN2CCOCC2)O)C)/C=C\3/C4=C(C=CC(=C4)F)NC3=O,Active,,,,0.077,218,MEK1 Inhibition Activity,NP_002746.1
2097,50100117,10138259,CC1=C(NC(=C1C(=O)NC[C@@H](CN2CCOCC2)O)C)/C=C\3/C4=C(C=CC(=C4)F)NC3=O,Active,,,,2.6,219,MLK1 Inhibition Activity,NP_149132.2
2098,50100117,10138259,CC1=C(NC(=C1C(=O)NC[C@@H](CN2CCOCC2)O)C)/C=C\3/C4=C(C=CC(=C4)F)NC3=O,Active,,,,1.7,220,MLK3 Inhibition Activity,NP_002410.1
2099,50100117,10138259,CC1=C(NC(=C1C(=O)NC[C@@H](CN2CCOCC2)O)C)/C=C\3/C4=C(C=CC(=C4)F)NC3=O,Active,,,,0.1,221,MST3 Inhibition Activity,NP_003567.2
2100,50100117,10138259,CC1=C(NC(=C1C(=O)NC[C@@H](CN2CCOCC2)O)C)/C=C\3/C4=C(C=CC(=C4)F)NC3=O,Active,,,,0.33,222,MST4 Inhibition Activity,NP_057626.2
2101,50100117,10138259,CC1=C(NC(=C1C(=O)NC[C@@H](CN2CCOCC2)O)C)/C=C\3/C4=C(C=CC(=C4)F)NC3=O,Active,,,,0.36,223,MYLK Inhibition Activity,NP_444254.3
2102,50100117,10138259,CC1=C(NC(=C1C(=O)NC[C@@H](CN2CCOCC2)O)C)/C=C\3/C4=C(C=CC(=C4)F)NC3=O,Active,,,,1.1,224,NEK2 Inhibition Activity,NP_002488.1
2103,50100117,10138259,CC1=C(NC(=C1C(=O)NC[C@@H](CN2CCOCC2)O)C)/C=C\3/C4=C(C=CC(=C4)F)NC3=O,Inactive,,,,3.2,226,NEK7 Inhibition Activity,NP_598001.1
2104,50100117,10138259,CC1=C(NC(=C1C(=O)NC[C@@H](CN2CCOCC2)O)C)/C=C\3/C4=C(C=CC(=C4)F)NC3=O,Active,,,,0.1,228,PHKG2 Inhibition Activity,NP_000285.1
2105,50100117,10138259,CC1=C(NC(=C1C(=O)NC[C@@H](CN2CCOCC2)O)C)/C=C\3/C4=C(C=CC(=C4)F)NC3=O,Active,,,,0.13,229,PIP5K1A Inhibition Activity,AAC50911.1
2106,50100117,10138259,CC1=C(NC(=C1C(=O)NC[C@@H](CN2CCOCC2)O)C)/C=C\3/C4=C(C=CC(=C4)F)NC3=O,Active,,,,0.26,230,PIP5K2B Inhibition Activity,NP_003550.1
2107,50100117,10138259,CC1=C(NC(=C1C(=O)NC[C@@H](CN2CCOCC2)O)C)/C=C\3/C4=C(C=CC(=C4)F)NC3=O,Active,,,,1.9,231,PKN1 Inhibition Activity,NP_998725.1
2108,50100117,10138259,CC1=C(NC(=C1C(=O)NC[C@@H](CN2CCOCC2)O)C)/C=C\3/C4=C(C=CC(=C4)F)NC3=O,Inactive,,,,3.8,232,PKN2 Inhibition Activity,NP_006247.1
2109,50100117,10138259,CC1=C(NC(=C1C(=O)NC[C@@H](CN2CCOCC2)O)C)/C=C\3/C4=C(C=CC(=C4)F)NC3=O,Active,,,,0.59,233,RIOK1 Inhibition Activity,NP_113668.2
2110,50100117,10138259,CC1=C(NC(=C1C(=O)NC[C@@H](CN2CCOCC2)O)C)/C=C\3/C4=C(C=CC(=C4)F)NC3=O,Inactive,,,,9.7,234,RIOK3 Inhibition Activity,NP_003822.2
2111,50100117,10138259,CC1=C(NC(=C1C(=O)NC[C@@H](CN2CCOCC2)O)C)/C=C\3/C4=C(C=CC(=C4)F)NC3=O,Active,,,,0.18,235,RPS6KA1(Kin.Dom.1 - N-terminal) Inhibition Activity,NP_002944.2
2112,50100117,10138259,CC1=C(NC(=C1C(=O)NC[C@@H](CN2CCOCC2)O)C)/C=C\3/C4=C(C=CC(=C4)F)NC3=O,Active,,,,0.26,236,RPS6KA2(Kin.Dom.1 - N-terminal) Inhibition Activity,NP_066958.2
2113,50100117,10138259,CC1=C(NC(=C1C(=O)NC[C@@H](CN2CCOCC2)O)C)/C=C\3/C4=C(C=CC(=C4)F)NC3=O,Active,,,,2.1,237,RPS6KA3(Kin.Dom.1 - N-terminal) Inhibition Activity,NP_004577.1
2114,50100117,10138259,CC1=C(NC(=C1C(=O)NC[C@@H](CN2CCOCC2)O)C)/C=C\3/C4=C(C=CC(=C4)F)NC3=O,Inactive,,,,3.1,238,RPS6KA6(Kin.Dom.1 - N-terminal) Inhibition Activity,NP_055311.1
2115,50100117,10138259,CC1=C(NC(=C1C(=O)NC[C@@H](CN2CCOCC2)O)C)/C=C\3/C4=C(C=CC(=C4)F)NC3=O,Active,,,,0.75,239,SNF1LK2 Inhibition Activity,NP_056006.1
2116,50100117,10138259,CC1=C(NC(=C1C(=O)NC[C@@H](CN2CCOCC2)O)C)/C=C\3/C4=C(C=CC(=C4)F)NC3=O,Inactive,,,,4,240,SRPK1 Inhibition Activity,NP_003128.3
2117,50100117,10138259,CC1=C(NC(=C1C(=O)NC[C@@H](CN2CCOCC2)O)C)/C=C\3/C4=C(C=CC(=C4)F)NC3=O,Active,,,,0.2,241,SRPK2 Inhibition Activity,AAC05299.1
2118,50100117,10138259,CC1=C(NC(=C1C(=O)NC[C@@H](CN2CCOCC2)O)C)/C=C\3/C4=C(C=CC(=C4)F)NC3=O,Active,,,,0.032,242,SgK085 Inhibition Activity,NP_001012418.2
2119,50100117,10138259,CC1=C(NC(=C1C(=O)NC[C@@H](CN2CCOCC2)O)C)/C=C\3/C4=C(C=CC(=C4)F)NC3=O,Active,,,,0.27,243,TLK2 Inhibition Activity,AAF03095.1
2120,50100117,10138259,CC1=C(NC(=C1C(=O)NC[C@@H](CN2CCOCC2)O)C)/C=C\3/C4=C(C=CC(=C4)F)NC3=O,Active,,,,2.4,244,TYRO3 Inhibition Activity,NP_006284.2
2121,50100117,10138259,CC1=C(NC(=C1C(=O)NC[C@@H](CN2CCOCC2)O)C)/C=C\3/C4=C(C=CC(=C4)F)NC3=O,Active,,,,3,245,WEE1 Inhibition Activity,NP_003381.1
2122,50100117,10138259,CC1=C(NC(=C1C(=O)NC[C@@H](CN2CCOCC2)O)C)/C=C\3/C4=C(C=CC(=C4)F)NC3=O,Inactive,,,,5.8,251,RPS6KA1(Kin.Dom.2 - C-terminal) Inhibition Activity,NP_002944.2
2123,50100117,10138259,CC1=C(NC(=C1C(=O)NC[C@@H](CN2CCOCC2)O)C)/C=C\3/C4=C(C=CC(=C4)F)NC3=O,Inactive,,,,4.9,262,TNK2 Inhibition Activity,NP_001010938.1
2124,50100117,10138259,CC1=C(NC(=C1C(=O)NC[C@@H](CN2CCOCC2)O)C)/C=C\3/C4=C(C=CC(=C4)F)NC3=O,Active,,,,0.97,263,CAMK1D Inhibition Activity,NP_065130.1
2125,50100117,10138259,CC1=C(NC(=C1C(=O)NC[C@@H](CN2CCOCC2)O)C)/C=C\3/C4=C(C=CC(=C4)F)NC3=O,Active,,,,1.5,265,CSNK1A1L Inhibition Activity,NP_660204.2
2126,50100117,10138259,CC1=C(NC(=C1C(=O)NC[C@@H](CN2CCOCC2)O)C)/C=C\3/C4=C(C=CC(=C4)F)NC3=O,Active,,,,2,269,RPS6KA4(Kin.Dom.2 - C-terminal) Inhibition Activity,NP_003933.1
2127,50100117,10138259,CC1=C(NC(=C1C(=O)NC[C@@H](CN2CCOCC2)O)C)/C=C\3/C4=C(C=CC(=C4)F)NC3=O,Active,,,,0.35,270,CAMK2A Inhibition Activity,NP_741960.1
2128,50100117,10138259,CC1=C(NC(=C1C(=O)NC[C@@H](CN2CCOCC2)O)C)/C=C\3/C4=C(C=CC(=C4)F)NC3=O,Active,,,,2.4,274,PIM3 Inhibition Activity,NP_001001852.2
2129,50100117,10138259,CC1=C(NC(=C1C(=O)NC[C@@H](CN2CCOCC2)O)C)/C=C\3/C4=C(C=CC(=C4)F)NC3=O,Active,,,,0.94,277,CAMK1G Inhibition Activity,NP_065172.1
2130,50100117,10138259,CC1=C(NC(=C1C(=O)NC[C@@H](CN2CCOCC2)O)C)/C=C\3/C4=C(C=CC(=C4)F)NC3=O,Active,,,,1.4,278,MEK4 Inhibition Activity,NP_003001.1
2131,50100117,10138259,CC1=C(NC(=C1C(=O)NC[C@@H](CN2CCOCC2)O)C)/C=C\3/C4=C(C=CC(=C4)F)NC3=O,Inactive,,,,5.5,279,MEK6 Inhibition Activity,NP_002749.2
2132,50100117,10138259,CC1=C(NC(=C1C(=O)NC[C@@H](CN2CCOCC2)O)C)/C=C\3/C4=C(C=CC(=C4)F)NC3=O,Active,,,,0.73,280,STK16 Inhibition Activity,CAA06700.1
2133,50100117,10138259,CC1=C(NC(=C1C(=O)NC[C@@H](CN2CCOCC2)O)C)/C=C\3/C4=C(C=CC(=C4)F)NC3=O,Inactive,,,,5,281,BRSK1 Inhibition Activity,NP_115806.1
2134,50100117,10138259,CC1=C(NC(=C1C(=O)NC[C@@H](CN2CCOCC2)O)C)/C=C\3/C4=C(C=CC(=C4)F)NC3=O,Inactive,,,,4.1,282,BRSK2 Inhibition Activity,NP_003948.2
2135,50100117,10138259,CC1=C(NC(=C1C(=O)NC[C@@H](CN2CCOCC2)O)C)/C=C\3/C4=C(C=CC(=C4)F)NC3=O,Active,,,,1,283,CSNK1G1 Inhibition Activity,NP_071331.2
2136,50100117,10138259,CC1=C(NC(=C1C(=O)NC[C@@H](CN2CCOCC2)O)C)/C=C\3/C4=C(C=CC(=C4)F)NC3=O,Active,,,,2.6,288,PDPK1 Inhibition Activity,NP_002604.1
2137,50100117,10138259,CC1=C(NC(=C1C(=O)NC[C@@H](CN2CCOCC2)O)C)/C=C\3/C4=C(C=CC(=C4)F)NC3=O,Active,,,,0.63,290,TLK1 Inhibition Activity,NP_036422.3
2138,50100117,10138259,CC1=C(NC(=C1C(=O)NC[C@@H](CN2CCOCC2)O)C)/C=C\3/C4=C(C=CC(=C4)F)NC3=O,Active,,,,0.76,292,CAMK2D Inhibition Activity,AAD20442.1
2139,50100117,10138259,CC1=C(NC(=C1C(=O)NC[C@@H](CN2CCOCC2)O)C)/C=C\3/C4=C(C=CC(=C4)F)NC3=O,Active,,,,1.1,293,CAMK2G Inhibition Activity,NP_751913.1
2140,50100117,10138259,CC1=C(NC(=C1C(=O)NC[C@@H](CN2CCOCC2)O)C)/C=C\3/C4=C(C=CC(=C4)F)NC3=O,Active,,,,0.27,294,DAPK1 Inhibition Activity,NP_004929.2
2141,50100117,10138259,CC1=C(NC(=C1C(=O)NC[C@@H](CN2CCOCC2)O)C)/C=C\3/C4=C(C=CC(=C4)F)NC3=O,Active,,,,0.4,296,DAPK2 Inhibition Activity,NP_055141.2
2142,50100117,10138259,CC1=C(NC(=C1C(=O)NC[C@@H](CN2CCOCC2)O)C)/C=C\3/C4=C(C=CC(=C4)F)NC3=O,Active,,,,2.3,301,CAMK2B Inhibition Activity,NP_001211.3
2143,50100117,10138259,CC1=C(NC(=C1C(=O)NC[C@@H](CN2CCOCC2)O)C)/C=C\3/C4=C(C=CC(=C4)F)NC3=O,Active,,,,1.2,307,INSR Inhibition Activity,NP_000199.2
2144,50100117,10138259,CC1=C(NC(=C1C(=O)NC[C@@H](CN2CCOCC2)O)C)/C=C\3/C4=C(C=CC(=C4)F)NC3=O,Active,,,,2,308,NDR2 Inhibition Activity,NP_055815.1
2145,50100117,10138259,CC1=C(NC(=C1C(=O)NC[C@@H](CN2CCOCC2)O)C)/C=C\3/C4=C(C=CC(=C4)F)NC3=O,Active,,,,1.5,309,RPS6KA5(Kin.Dom.2 - C-terminal) Inhibition Activity,NP_004746.2
2146,50100118,216239,CNC(=O)C1=NC=CC(=C1)OC2=CC=C(C=C2)NC(=O)NC3=CC(=C(C=C3)Cl)C(F)(F)F,Active,,,,0.16,1,ABL1(T315I) Inhibition Activity,NP_005148.2
2147,50100118,216239,CNC(=O)C1=NC=CC(=C1)OC2=CC=C(C=C2)NC(=O)NC3=CC(=C(C=C3)Cl)C(F)(F)F,Active,,,,0.44,4,AURKB Inhibition Activity,AAH00442.3
2148,50100118,216239,CNC(=O)C1=NC=CC(=C1)OC2=CC=C(C=C2)NC(=O)NC3=CC(=C(C=C3)Cl)C(F)(F)F,Active,,,,0.21,5,AURKC Inhibition Activity,AAC77369.1
2149,50100118,216239,CNC(=O)C1=NC=CC(=C1)OC2=CC=C(C=C2)NC(=O)NC3=CC(=C(C=C3)Cl)C(F)(F)F,Inactive,,,,4.5,6,AXL Inhibition Activity,NP_001690.2
2150,50100118,216239,CNC(=O)C1=NC=CC(=C1)OC2=CC=C(C=C2)NC(=O)NC3=CC(=C(C=C3)Cl)C(F)(F)F,Active,,,,0.25,10,CDK11 Inhibition Activity,NP_055891.1
2151,50100118,216239,CNC(=O)C1=NC=CC(=C1)OC2=CC=C(C=C2)NC(=O)NC3=CC(=C(C=C3)Cl)C(F)(F)F,Active,,,,0.14,11,CDK7 Inhibition Activity,NP_001790.1
2152,50100118,216239,CNC(=O)C1=NC=CC(=C1)OC2=CC=C(C=C2)NC(=O)NC3=CC(=C(C=C3)Cl)C(F)(F)F,Active,,,,0.31,12,CDK8 Inhibition Activity,NP_001251.1
2153,50100118,216239,CNC(=O)C1=NC=CC(=C1)OC2=CC=C(C=C2)NC(=O)NC3=CC(=C(C=C3)Cl)C(F)(F)F,Active,,,,0.028,16,CSF1R Inhibition Activity,NP_005202.2
2154,50100118,216239,CNC(=O)C1=NC=CC(=C1)OC2=CC=C(C=C2)NC(=O)NC3=CC(=C(C=C3)Cl)C(F)(F)F,Active,,,,0.0015,17,DDR1 Inhibition Activity,NP_001945.3
2155,50100118,216239,CNC(=O)C1=NC=CC(=C1)OC2=CC=C(C=C2)NC(=O)NC3=CC(=C(C=C3)Cl)C(F)(F)F,Active,,,,0.0066,18,DDR2 Inhibition Activity,CAA52777.1
2156,50100118,216239,CNC(=O)C1=NC=CC(=C1)OC2=CC=C(C=C2)NC(=O)NC3=CC(=C(C=C3)Cl)C(F)(F)F,Active,,,,1.9,20,EPHA3 Inhibition Activity,NP_005224.2
2157,50100118,216239,CNC(=O)C1=NC=CC(=C1)OC2=CC=C(C=C2)NC(=O)NC3=CC(=C(C=C3)Cl)C(F)(F)F,Active,,,,0.37,21,EPHA6 Inhibition Activity,NP_001073917.2
2158,50100118,216239,CNC(=O)C1=NC=CC(=C1)OC2=CC=C(C=C2)NC(=O)NC3=CC(=C(C=C3)Cl)C(F)(F)F,Inactive,,,,5.3,22,EPHA7 Inhibition Activity,NP_004431.1
2159,50100118,216239,CNC(=O)C1=NC=CC(=C1)OC2=CC=C(C=C2)NC(=O)NC3=CC(=C(C=C3)Cl)C(F)(F)F,Active,,,,1.8,24,EPHB4 Inhibition Activity,NP_004435.3
2160,50100118,216239,CNC(=O)C1=NC=CC(=C1)OC2=CC=C(C=C2)NC(=O)NC3=CC(=C(C=C3)Cl)C(F)(F)F,Active,,,,0.046,25,ERK8 Inhibition Activity,NP_620590.2
2161,50100118,216239,CNC(=O)C1=NC=CC(=C1)OC2=CC=C(C=C2)NC(=O)NC3=CC(=C(C=C3)Cl)C(F)(F)F,Active,,,,0.031,26,FLT1 Inhibition Activity,NP_002010.2
2162,50100118,216239,CNC(=O)C1=NC=CC(=C1)OC2=CC=C(C=C2)NC(=O)NC3=CC(=C(C=C3)Cl)C(F)(F)F,Active,,,,0.013,27,FLT3 Inhibition Activity,NP_004110.2
2163,50100118,216239,CNC(=O)C1=NC=CC(=C1)OC2=CC=C(C=C2)NC(=O)NC3=CC(=C(C=C3)Cl)C(F)(F)F,Active,,,,0.03,28,FLT3(D835H) Inhibition Activity,NP_004110.2
2164,50100118,216239,CNC(=O)C1=NC=CC(=C1)OC2=CC=C(C=C2)NC(=O)NC3=CC(=C(C=C3)Cl)C(F)(F)F,Active,,,,0.082,29,FLT3(D835Y) Inhibition Activity,NP_004110.2
2165,50100118,216239,CNC(=O)C1=NC=CC(=C1)OC2=CC=C(C=C2)NC(=O)NC3=CC(=C(C=C3)Cl)C(F)(F)F,Active,,,,0.079,30,FLT3(ITD) Inhibition Activity,NP_004110.2
2166,50100118,216239,CNC(=O)C1=NC=CC(=C1)OC2=CC=C(C=C2)NC(=O)NC3=CC(=C(C=C3)Cl)C(F)(F)F,Active,,,,0.011,31,FLT3(N841I) Inhibition Activity,NP_004110.2
2167,50100118,216239,CNC(=O)C1=NC=CC(=C1)OC2=CC=C(C=C2)NC(=O)NC3=CC(=C(C=C3)Cl)C(F)(F)F,Active,,,,0.095,32,FLT4 Inhibition Activity,CAA49505.1
2168,50100118,216239,CNC(=O)C1=NC=CC(=C1)OC2=CC=C(C=C2)NC(=O)NC3=CC(=C(C=C3)Cl)C(F)(F)F,Active,,,,0.51,33,FRK Inhibition Activity,NP_002022.1
2169,50100118,216239,CNC(=O)C1=NC=CC(=C1)OC2=CC=C(C=C2)NC(=O)NC3=CC(=C(C=C3)Cl)C(F)(F)F,Active,,,,0.031,36,KIT Inhibition Activity,NP_000213.1
2170,50100118,216239,CNC(=O)C1=NC=CC(=C1)OC2=CC=C(C=C2)NC(=O)NC3=CC(=C(C=C3)Cl)C(F)(F)F,Active,,,,0.31,37,KIT(D816V) Inhibition Activity,NP_000213.1
2171,50100118,216239,CNC(=O)C1=NC=CC(=C1)OC2=CC=C(C=C2)NC(=O)NC3=CC(=C(C=C3)Cl)C(F)(F)F,Active,,,,0.018,38,KIT(V559D T670I) Inhibition Activity,NP_000213.1
2172,50100118,216239,CNC(=O)C1=NC=CC(=C1)OC2=CC=C(C=C2)NC(=O)NC3=CC(=C(C=C3)Cl)C(F)(F)F,Active,,,,0.24,39,KIT(V559D V654A) Inhibition Activity,NP_000213.1
2173,50100118,216239,CNC(=O)C1=NC=CC(=C1)OC2=CC=C(C=C2)NC(=O)NC3=CC(=C(C=C3)Cl)C(F)(F)F,Active,,,,0.016,40,KIT(V559D) Inhibition Activity,NP_000213.1
2174,50100118,216239,CNC(=O)C1=NC=CC(=C1)OC2=CC=C(C=C2)NC(=O)NC3=CC(=C(C=C3)Cl)C(F)(F)F,Active,,,,0.15,43,LOK Inhibition Activity,BAA35073.1
2175,50100118,216239,CNC(=O)C1=NC=CC(=C1)OC2=CC=C(C=C2)NC(=O)NC3=CC(=C(C=C3)Cl)C(F)(F)F,Active,,,,1.6,47,MAP4K5 Inhibition Activity,NP_006566.2
2176,50100118,216239,CNC(=O)C1=NC=CC(=C1)OC2=CC=C(C=C2)NC(=O)NC3=CC(=C(C=C3)Cl)C(F)(F)F,Inactive,,,,3.6,48,MERTK Inhibition Activity,AAB60430.1
2177,50100118,216239,CNC(=O)C1=NC=CC(=C1)OC2=CC=C(C=C2)NC(=O)NC3=CC(=C(C=C3)Cl)C(F)(F)F,Active,,,,0.23,50,MKNK1 Inhibition Activity,CAI14764.1
2178,50100118,216239,CNC(=O)C1=NC=CC(=C1)OC2=CC=C(C=C2)NC(=O)NC3=CC(=C(C=C3)Cl)C(F)(F)F,Active,,,,0.13,51,MKNK2 Inhibition Activity,AAF17226.1
2179,50100118,216239,CNC(=O)C1=NC=CC(=C1)OC2=CC=C(C=C2)NC(=O)NC3=CC(=C(C=C3)Cl)C(F)(F)F,Active,,,,0.13,54,MUSK Inhibition Activity,NP_005583.1
2180,50100118,216239,CNC(=O)C1=NC=CC(=C1)OC2=CC=C(C=C2)NC(=O)NC3=CC(=C(C=C3)Cl)C(F)(F)F,Active,,,,0.062,55,PDGFRA Inhibition Activity,NP_006197.1
2181,50100118,216239,CNC(=O)C1=NC=CC(=C1)OC2=CC=C(C=C2)NC(=O)NC3=CC(=C(C=C3)Cl)C(F)(F)F,Active,,,,0.037,56,PDGFRB Inhibition Activity,NP_002600.1
2182,50100118,216239,CNC(=O)C1=NC=CC(=C1)OC2=CC=C(C=C2)NC(=O)NC3=CC(=C(C=C3)Cl)C(F)(F)F,Active,,,,0.013,59,RET Inhibition Activity,NP_065681.1
2183,50100118,216239,CNC(=O)C1=NC=CC(=C1)OC2=CC=C(C=C2)NC(=O)NC3=CC(=C(C=C3)Cl)C(F)(F)F,Active,,,,0.0074,60,RET(M918T) Inhibition Activity,NP_065681.1
2184,50100118,216239,CNC(=O)C1=NC=CC(=C1)OC2=CC=C(C=C2)NC(=O)NC3=CC(=C(C=C3)Cl)C(F)(F)F,Active,,,,1,64,SLK Inhibition Activity,NP_055535.2
2185,50100118,216239,CNC(=O)C1=NC=CC(=C1)OC2=CC=C(C=C2)NC(=O)NC3=CC(=C(C=C3)Cl)C(F)(F)F,Active,,,,2.4,65,STK33 Inhibition Activity,NP_112168.1
2186,50100118,216239,CNC(=O)C1=NC=CC(=C1)OC2=CC=C(C=C2)NC(=O)NC3=CC(=C(C=C3)Cl)C(F)(F)F,Active,,,,0.068,66,TIE1 Inhibition Activity,NP_005415.1
2187,50100118,216239,CNC(=O)C1=NC=CC(=C1)OC2=CC=C(C=C2)NC(=O)NC3=CC(=C(C=C3)Cl)C(F)(F)F,Active,,,,2.1,67,TIE2 Inhibition Activity,NP_000450.2
2188,50100118,216239,CNC(=O)C1=NC=CC(=C1)OC2=CC=C(C=C2)NC(=O)NC3=CC(=C(C=C3)Cl)C(F)(F)F,Inactive,,,,6.3,68,TRKA Inhibition Activity,NP_001012331.1
2189,50100118,216239,CNC(=O)C1=NC=CC(=C1)OC2=CC=C(C=C2)NC(=O)NC3=CC(=C(C=C3)Cl)C(F)(F)F,Active,,,,2.1,69,TRKB Inhibition Activity,NP_006171.2
2190,50100118,216239,CNC(=O)C1=NC=CC(=C1)OC2=CC=C(C=C2)NC(=O)NC3=CC(=C(C=C3)Cl)C(F)(F)F,Active,,,,0.6,70,TRKC Inhibition Activity,AAA75374.1
2191,50100118,216239,CNC(=O)C1=NC=CC(=C1)OC2=CC=C(C=C2)NC(=O)NC3=CC(=C(C=C3)Cl)C(F)(F)F,Active,,,,0.059,71,VEGFR2 Inhibition Activity,NP_002244.1
2192,50100118,216239,CNC(=O)C1=NC=CC(=C1)OC2=CC=C(C=C2)NC(=O)NC3=CC(=C(C=C3)Cl)C(F)(F)F,Active,,,,0.68,73,ABL1 Inhibition Activity,NP_005148.2
2193,50100118,216239,CNC(=O)C1=NC=CC(=C1)OC2=CC=C(C=C2)NC(=O)NC3=CC(=C(C=C3)Cl)C(F)(F)F,Active,,,,0.54,75,BRAF Inhibition Activity,NP_004324.2
2194,50100118,216239,CNC(=O)C1=NC=CC(=C1)OC2=CC=C(C=C2)NC(=O)NC3=CC(=C(C=C3)Cl)C(F)(F)F,Active,,,,0.26,76,BRAF(V600E) Inhibition Activity,NP_004324.2
2195,50100118,216239,CNC(=O)C1=NC=CC(=C1)OC2=CC=C(C=C2)NC(=O)NC3=CC(=C(C=C3)Cl)C(F)(F)F,Inactive,,,,6.2,77,CIT Inhibition Activity,NP_009105.1
2196,50100118,216239,CNC(=O)C1=NC=CC(=C1)OC2=CC=C(C=C2)NC(=O)NC3=CC(=C(C=C3)Cl)C(F)(F)F,Active,,,,2.8,84,FGFR1 Inhibition Activity,NP_075593.1
2197,50100118,216239,CNC(=O)C1=NC=CC(=C1)OC2=CC=C(C=C2)NC(=O)NC3=CC(=C(C=C3)Cl)C(F)(F)F,Active,,,,2.7,89,LCK Inhibition Activity,NP_005347.3
2198,50100118,216239,CNC(=O)C1=NC=CC(=C1)OC2=CC=C(C=C2)NC(=O)NC3=CC(=C(C=C3)Cl)C(F)(F)F,Active,,,,3,90,LYN Inhibition Activity,NP_002341.1
2199,50100118,216239,CNC(=O)C1=NC=CC(=C1)OC2=CC=C(C=C2)NC(=O)NC3=CC(=C(C=C3)Cl)C(F)(F)F,Active,,,,0.23,92,RAF1 Inhibition Activity,NP_002871.1
2200,50100118,216239,CNC(=O)C1=NC=CC(=C1)OC2=CC=C(C=C2)NC(=O)NC3=CC(=C(C=C3)Cl)C(F)(F)F,Active,,,,0.28,93,TNNI3K Inhibition Activity,NP_057062.1
2201,50100118,216239,CNC(=O)C1=NC=CC(=C1)OC2=CC=C(C=C2)NC(=O)NC3=CC(=C(C=C3)Cl)C(F)(F)F,Active,,,,0.0063,94,ZAK Inhibition Activity,NP_598407.1
2202,50100118,216239,CNC(=O)C1=NC=CC(=C1)OC2=CC=C(C=C2)NC(=O)NC3=CC(=C(C=C3)Cl)C(F)(F)F,Inactive,,,,3.9,95,ABL1(E255K) Inhibition Activity,NP_005148.2
2203,50100118,216239,CNC(=O)C1=NC=CC(=C1)OC2=CC=C(C=C2)NC(=O)NC3=CC(=C(C=C3)Cl)C(F)(F)F,Active,,,,1.6,96,ABL1(H396P) Inhibition Activity,NP_005148.2
2204,50100118,216239,CNC(=O)C1=NC=CC(=C1)OC2=CC=C(C=C2)NC(=O)NC3=CC(=C(C=C3)Cl)C(F)(F)F,Active,,,,0.25,97,ABL1(M351T) Inhibition Activity,NP_005148.2
2205,50100118,216239,CNC(=O)C1=NC=CC(=C1)OC2=CC=C(C=C2)NC(=O)NC3=CC(=C(C=C3)Cl)C(F)(F)F,Active,,,,0.48,98,ABL1(Q252H) Inhibition Activity,NP_005148.2
2206,50100118,216239,CNC(=O)C1=NC=CC(=C1)OC2=CC=C(C=C2)NC(=O)NC3=CC(=C(C=C3)Cl)C(F)(F)F,Active,,,,0.42,99,ABL1(Y253F) Inhibition Activity,NP_005148.2
2207,50100118,216239,CNC(=O)C1=NC=CC(=C1)OC2=CC=C(C=C2)NC(=O)NC3=CC(=C(C=C3)Cl)C(F)(F)F,Active,,,,2.9,100,ABL2 Inhibition Activity,NP_005149.4
2208,50100118,216239,CNC(=O)C1=NC=CC(=C1)OC2=CC=C(C=C2)NC(=O)NC3=CC(=C(C=C3)Cl)C(F)(F)F,Active,,,,2,120,EPHA2 Inhibition Activity,NP_004422.2
2209,50100118,216239,CNC(=O)C1=NC=CC(=C1)OC2=CC=C(C=C2)NC(=O)NC3=CC(=C(C=C3)Cl)C(F)(F)F,Active,,,,3,121,EPHA4 Inhibition Activity,NP_004429.1
2210,50100118,216239,CNC(=O)C1=NC=CC(=C1)OC2=CC=C(C=C2)NC(=O)NC3=CC(=C(C=C3)Cl)C(F)(F)F,Active,,,,2.4,123,EPHA8 Inhibition Activity,NP_065387.1
2211,50100118,216239,CNC(=O)C1=NC=CC(=C1)OC2=CC=C(C=C2)NC(=O)NC3=CC(=C(C=C3)Cl)C(F)(F)F,Active,,,,3,124,EPHB1 Inhibition Activity,NP_004432.1
2212,50100118,216239,CNC(=O)C1=NC=CC(=C1)OC2=CC=C(C=C2)NC(=O)NC3=CC(=C(C=C3)Cl)C(F)(F)F,Active,,,,1.9,125,EPHB2 Inhibition Activity,NP_059145.2
2213,50100118,216239,CNC(=O)C1=NC=CC(=C1)OC2=CC=C(C=C2)NC(=O)NC3=CC(=C(C=C3)Cl)C(F)(F)F,Active,,,,2.7,128,FGFR2 Inhibition Activity,NP_075259.4
2214,50100118,216239,CNC(=O)C1=NC=CC(=C1)OC2=CC=C(C=C2)NC(=O)NC3=CC(=C(C=C3)Cl)C(F)(F)F,Inactive,,,,4.8,137,MAP4K4 Inhibition Activity,NP_663719.2
2215,50100118,216239,CNC(=O)C1=NC=CC(=C1)OC2=CC=C(C=C2)NC(=O)NC3=CC(=C(C=C3)Cl)C(F)(F)F,Active,,,,0.64,143,NLK Inhibition Activity,NP_057315.3
2216,50100118,216239,CNC(=O)C1=NC=CC(=C1)OC2=CC=C(C=C2)NC(=O)NC3=CC(=C(C=C3)Cl)C(F)(F)F,Active,,,,1.6,145,PCTK2 Inhibition Activity,CAA47004.1
2217,50100118,216239,CNC(=O)C1=NC=CC(=C1)OC2=CC=C(C=C2)NC(=O)NC3=CC(=C(C=C3)Cl)C(F)(F)F,Active,,,,2.9,147,PFTK1 Inhibition Activity,NP_036527.1
2218,50100118,216239,CNC(=O)C1=NC=CC(=C1)OC2=CC=C(C=C2)NC(=O)NC3=CC(=C(C=C3)Cl)C(F)(F)F,Active,,,,1.3,155,RIPK2 Inhibition Activity,NP_003812.1
2219,50100118,216239,CNC(=O)C1=NC=CC(=C1)OC2=CC=C(C=C2)NC(=O)NC3=CC(=C(C=C3)Cl)C(F)(F)F,Inactive,,,,7.5,158,RPS6KA6(Kin.Dom.2 - C-terminal) Inhibition Activity,NP_055311.1
2220,50100118,216239,CNC(=O)C1=NC=CC(=C1)OC2=CC=C(C=C2)NC(=O)NC3=CC(=C(C=C3)Cl)C(F)(F)F,Inactive,,,,9.8,161,SRMS Inhibition Activity,NP_543013.1
2221,50100118,216239,CNC(=O)C1=NC=CC(=C1)OC2=CC=C(C=C2)NC(=O)NC3=CC(=C(C=C3)Cl)C(F)(F)F,Inactive,,,,3.8,162,STK36 Inhibition Activity,NP_056505.2
2222,50100118,216239,CNC(=O)C1=NC=CC(=C1)OC2=CC=C(C=C2)NC(=O)NC3=CC(=C(C=C3)Cl)C(F)(F)F,Active,,,,2.3,167,TNK1 Inhibition Activity,AAH35782.1
2223,50100118,216239,CNC(=O)C1=NC=CC(=C1)OC2=CC=C(C=C2)NC(=O)NC3=CC(=C(C=C3)Cl)C(F)(F)F,Inactive,,,,3.5,168,TTK Inhibition Activity,NP_003309.2
2224,50100118,216239,CNC(=O)C1=NC=CC(=C1)OC2=CC=C(C=C2)NC(=O)NC3=CC(=C(C=C3)Cl)C(F)(F)F,Active,,,,0.37,172,p38-alpha Inhibition Activity,NP_620581.1
2225,50100118,216239,CNC(=O)C1=NC=CC(=C1)OC2=CC=C(C=C2)NC(=O)NC3=CC(=C(C=C3)Cl)C(F)(F)F,Active,,,,0.23,173,p38-beta Inhibition Activity,NP_002742.3
2226,50100118,216239,CNC(=O)C1=NC=CC(=C1)OC2=CC=C(C=C2)NC(=O)NC3=CC(=C(C=C3)Cl)C(F)(F)F,Inactive,,,,7.6,174,p38-gamma Inhibition Activity,AAB40118.1
2227,50100118,216239,CNC(=O)C1=NC=CC(=C1)OC2=CC=C(C=C2)NC(=O)NC3=CC(=C(C=C3)Cl)C(F)(F)F,Inactive,,,,4.5,179,PLK4 Inhibition Activity,BAB69958.1
2228,50100118,216239,CNC(=O)C1=NC=CC(=C1)OC2=CC=C(C=C2)NC(=O)NC3=CC(=C(C=C3)Cl)C(F)(F)F,Inactive,,,,3.1,181,EPHA1 Inhibition Activity,NP_005223.4
2229,50100118,216239,CNC(=O)C1=NC=CC(=C1)OC2=CC=C(C=C2)NC(=O)NC3=CC(=C(C=C3)Cl)C(F)(F)F,Inactive,,,,5.9,209,FGFR3(G697C) Inhibition Activity,NP_000133.1
2230,50100118,216239,CNC(=O)C1=NC=CC(=C1)OC2=CC=C(C=C2)NC(=O)NC3=CC(=C(C=C3)Cl)C(F)(F)F,Active,,,,1.6,260,LIMK1 Inhibition Activity,NP_002305.1
2231,50100119,451705,C[C@]12[C@H]([C@H](C[C@H](O1)N3C4=CC=CC=C4C5=C6C(=C7C8=CC=CC=C8N2C7=C53)CNC6=O)NC)OC,Active,,,,0.027,1,ABL1(T315I) Inhibition Activity,NP_005148.2
2232,50100119,451705,C[C@]12[C@H]([C@H](C[C@H](O1)N3C4=CC=CC=C4C5=C6C(=C7C8=CC=CC=C8N2C7=C53)CNC6=O)NC)OC,Active,,,,0.032,2,ALK Inhibition Activity,NP_004295.2
2233,50100119,451705,C[C@]12[C@H]([C@H](C[C@H](O1)N3C4=CC=CC=C4C5=C6C(=C7C8=CC=CC=C8N2C7=C53)CNC6=O)NC)OC,Active,,,,0.11,3,AURKA Inhibition Activity,NP_003591.2
2234,50100119,451705,C[C@]12[C@H]([C@H](C[C@H](O1)N3C4=CC=CC=C4C5=C6C(=C7C8=CC=CC=C8N2C7=C53)CNC6=O)NC)OC,Active,,,,0.019,4,AURKB Inhibition Activity,AAH00442.3
2235,50100119,451705,C[C@]12[C@H]([C@H](C[C@H](O1)N3C4=CC=CC=C4C5=C6C(=C7C8=CC=CC=C8N2C7=C53)CNC6=O)NC)OC,Active,,,,0.023,5,AURKC Inhibition Activity,AAC77369.1
2236,50100119,451705,C[C@]12[C@H]([C@H](C[C@H](O1)N3C4=CC=CC=C4C5=C6C(=C7C8=CC=CC=C8N2C7=C53)CNC6=O)NC)OC,Active,,,,0.0068,6,AXL Inhibition Activity,NP_001690.2
2237,50100119,451705,C[C@]12[C@H]([C@H](C[C@H](O1)N3C4=CC=CC=C4C5=C6C(=C7C8=CC=CC=C8N2C7=C53)CNC6=O)NC)OC,Active,,,,0.19,10,CDK11 Inhibition Activity,NP_055891.1
2238,50100119,451705,C[C@]12[C@H]([C@H](C[C@H](O1)N3C4=CC=CC=C4C5=C6C(=C7C8=CC=CC=C8N2C7=C53)CNC6=O)NC)OC,Active,,,,0.045,11,CDK7 Inhibition Activity,NP_001790.1
2239,50100119,451705,C[C@]12[C@H]([C@H](C[C@H](O1)N3C4=CC=CC=C4C5=C6C(=C7C8=CC=CC=C8N2C7=C53)CNC6=O)NC)OC,Active,,,,0.51,12,CDK8 Inhibition Activity,NP_001251.1
2240,50100119,451705,C[C@]12[C@H]([C@H](C[C@H](O1)N3C4=CC=CC=C4C5=C6C(=C7C8=CC=CC=C8N2C7=C53)CNC6=O)NC)OC,Active,,,,0.1,13,CDK9 Inhibition Activity,NP_001252.1
2241,50100119,451705,C[C@]12[C@H]([C@H](C[C@H](O1)N3C4=CC=CC=C4C5=C6C(=C7C8=CC=CC=C8N2C7=C53)CNC6=O)NC)OC,Active,,,,0.032,14,CLK1 Inhibition Activity,AAA61480.1
2242,50100119,451705,C[C@]12[C@H]([C@H](C[C@H](O1)N3C4=CC=CC=C4C5=C6C(=C7C8=CC=CC=C8N2C7=C53)CNC6=O)NC)OC,Active,,,,0.0096,15,CLK4 Inhibition Activity,NP_065717.1
2243,50100119,451705,C[C@]12[C@H]([C@H](C[C@H](O1)N3C4=CC=CC=C4C5=C6C(=C7C8=CC=CC=C8N2C7=C53)CNC6=O)NC)OC,Active,,,,0.012,16,CSF1R Inhibition Activity,NP_005202.2
2244,50100119,451705,C[C@]12[C@H]([C@H](C[C@H](O1)N3C4=CC=CC=C4C5=C6C(=C7C8=CC=CC=C8N2C7=C53)CNC6=O)NC)OC,Active,,,,0.019,17,DDR1 Inhibition Activity,NP_001945.3
2245,50100119,451705,C[C@]12[C@H]([C@H](C[C@H](O1)N3C4=CC=CC=C4C5=C6C(=C7C8=CC=CC=C8N2C7=C53)CNC6=O)NC)OC,Active,,,,0.042,18,DDR2 Inhibition Activity,CAA52777.1
2246,50100119,451705,C[C@]12[C@H]([C@H](C[C@H](O1)N3C4=CC=CC=C4C5=C6C(=C7C8=CC=CC=C8N2C7=C53)CNC6=O)NC)OC,Active,,,,1.1,19,EGFR(G719C) Inhibition Activity,NP_005219.2
2247,50100119,451705,C[C@]12[C@H]([C@H](C[C@H](O1)N3C4=CC=CC=C4C5=C6C(=C7C8=CC=CC=C8N2C7=C53)CNC6=O)NC)OC,Active,,,,0.027,20,EPHA3 Inhibition Activity,NP_005224.2
2248,50100119,451705,C[C@]12[C@H]([C@H](C[C@H](O1)N3C4=CC=CC=C4C5=C6C(=C7C8=CC=CC=C8N2C7=C53)CNC6=O)NC)OC,Active,,,,0.29,21,EPHA6 Inhibition Activity,NP_001073917.2
2249,50100119,451705,C[C@]12[C@H]([C@H](C[C@H](O1)N3C4=CC=CC=C4C5=C6C(=C7C8=CC=CC=C8N2C7=C53)CNC6=O)NC)OC,Active,,,,0.63,22,EPHA7 Inhibition Activity,NP_004431.1
2250,50100119,451705,C[C@]12[C@H]([C@H](C[C@H](O1)N3C4=CC=CC=C4C5=C6C(=C7C8=CC=CC=C8N2C7=C53)CNC6=O)NC)OC,Active,,,,0.035,25,ERK8 Inhibition Activity,NP_620590.2
2251,50100119,451705,C[C@]12[C@H]([C@H](C[C@H](O1)N3C4=CC=CC=C4C5=C6C(=C7C8=CC=CC=C8N2C7=C53)CNC6=O)NC)OC,Active,,,,0.15,26,FLT1 Inhibition Activity,NP_002010.2
2252,50100119,451705,C[C@]12[C@H]([C@H](C[C@H](O1)N3C4=CC=CC=C4C5=C6C(=C7C8=CC=CC=C8N2C7=C53)CNC6=O)NC)OC,Active,,,,0.0029,27,FLT3 Inhibition Activity,NP_004110.2
2253,50100119,451705,C[C@]12[C@H]([C@H](C[C@H](O1)N3C4=CC=CC=C4C5=C6C(=C7C8=CC=CC=C8N2C7=C53)CNC6=O)NC)OC,Active,,,,0.0021,28,FLT3(D835H) Inhibition Activity,NP_004110.2
2254,50100119,451705,C[C@]12[C@H]([C@H](C[C@H](O1)N3C4=CC=CC=C4C5=C6C(=C7C8=CC=CC=C8N2C7=C53)CNC6=O)NC)OC,Active,,,,0.0025,29,FLT3(D835Y) Inhibition Activity,NP_004110.2
2255,50100119,451705,C[C@]12[C@H]([C@H](C[C@H](O1)N3C4=CC=CC=C4C5=C6C(=C7C8=CC=CC=C8N2C7=C53)CNC6=O)NC)OC,Active,,,,0.0024,30,FLT3(ITD) Inhibition Activity,NP_004110.2
2256,50100119,451705,C[C@]12[C@H]([C@H](C[C@H](O1)N3C4=CC=CC=C4C5=C6C(=C7C8=CC=CC=C8N2C7=C53)CNC6=O)NC)OC,Active,,,,0.0021,31,FLT3(N841I) Inhibition Activity,NP_004110.2
2257,50100119,451705,C[C@]12[C@H]([C@H](C[C@H](O1)N3C4=CC=CC=C4C5=C6C(=C7C8=CC=CC=C8N2C7=C53)CNC6=O)NC)OC,Active,,,,0.028,32,FLT4 Inhibition Activity,CAA49505.1
2258,50100119,451705,C[C@]12[C@H]([C@H](C[C@H](O1)N3C4=CC=CC=C4C5=C6C(=C7C8=CC=CC=C8N2C7=C53)CNC6=O)NC)OC,Active,,,,0.045,33,FRK Inhibition Activity,NP_002022.1
2259,50100119,451705,C[C@]12[C@H]([C@H](C[C@H](O1)N3C4=CC=CC=C4C5=C6C(=C7C8=CC=CC=C8N2C7=C53)CNC6=O)NC)OC,Active,,,,0.081,34,INSRR Inhibition Activity,NP_055030.1
2260,50100119,451705,C[C@]12[C@H]([C@H](C[C@H](O1)N3C4=CC=CC=C4C5=C6C(=C7C8=CC=CC=C8N2C7=C53)CNC6=O)NC)OC,Active,,,,0.019,36,KIT Inhibition Activity,NP_000213.1
2261,50100119,451705,C[C@]12[C@H]([C@H](C[C@H](O1)N3C4=CC=CC=C4C5=C6C(=C7C8=CC=CC=C8N2C7=C53)CNC6=O)NC)OC,Active,,,,0.00064,37,KIT(D816V) Inhibition Activity,NP_000213.1
2262,50100119,451705,C[C@]12[C@H]([C@H](C[C@H](O1)N3C4=CC=CC=C4C5=C6C(=C7C8=CC=CC=C8N2C7=C53)CNC6=O)NC)OC,Active,,,,0.0095,38,KIT(V559D T670I) Inhibition Activity,NP_000213.1
2263,50100119,451705,C[C@]12[C@H]([C@H](C[C@H](O1)N3C4=CC=CC=C4C5=C6C(=C7C8=CC=CC=C8N2C7=C53)CNC6=O)NC)OC,Active,,,,0.038,39,KIT(V559D V654A) Inhibition Activity,NP_000213.1
2264,50100119,451705,C[C@]12[C@H]([C@H](C[C@H](O1)N3C4=CC=CC=C4C5=C6C(=C7C8=CC=CC=C8N2C7=C53)CNC6=O)NC)OC,Active,,,,0.015,40,KIT(V559D) Inhibition Activity,NP_000213.1
2265,50100119,451705,C[C@]12[C@H]([C@H](C[C@H](O1)N3C4=CC=CC=C4C5=C6C(=C7C8=CC=CC=C8N2C7=C53)CNC6=O)NC)OC,Active,,,,0.017,41,LATS2 Inhibition Activity,NP_055387.2
2266,50100119,451705,C[C@]12[C@H]([C@H](C[C@H](O1)N3C4=CC=CC=C4C5=C6C(=C7C8=CC=CC=C8N2C7=C53)CNC6=O)NC)OC,Inactive,,,,9.2,42,LIMK2 Inhibition Activity,NP_005560.1
2267,50100119,451705,C[C@]12[C@H]([C@H](C[C@H](O1)N3C4=CC=CC=C4C5=C6C(=C7C8=CC=CC=C8N2C7=C53)CNC6=O)NC)OC,Active,,,,3.7e-05,43,LOK Inhibition Activity,BAA35073.1
2268,50100119,451705,C[C@]12[C@H]([C@H](C[C@H](O1)N3C4=CC=CC=C4C5=C6C(=C7C8=CC=CC=C8N2C7=C53)CNC6=O)NC)OC,Active,,,,0.037,44,LTK Inhibition Activity,NP_996844.1
2269,50100119,451705,C[C@]12[C@H]([C@H](C[C@H](O1)N3C4=CC=CC=C4C5=C6C(=C7C8=CC=CC=C8N2C7=C53)CNC6=O)NC)OC,Active,,,,0.0043,45,MAP4K1 Inhibition Activity,NP_001036065.1
2270,50100119,451705,C[C@]12[C@H]([C@H](C[C@H](O1)N3C4=CC=CC=C4C5=C6C(=C7C8=CC=CC=C8N2C7=C53)CNC6=O)NC)OC,Active,,,,0.0082,46,MAP4K3 Inhibition Activity,NP_003609.2
2271,50100119,451705,C[C@]12[C@H]([C@H](C[C@H](O1)N3C4=CC=CC=C4C5=C6C(=C7C8=CC=CC=C8N2C7=C53)CNC6=O)NC)OC,Active,,,,0.018,47,MAP4K5 Inhibition Activity,NP_006566.2
2272,50100119,451705,C[C@]12[C@H]([C@H](C[C@H](O1)N3C4=CC=CC=C4C5=C6C(=C7C8=CC=CC=C8N2C7=C53)CNC6=O)NC)OC,Active,,,,0.0064,48,MERTK Inhibition Activity,AAB60430.1
2273,50100119,451705,C[C@]12[C@H]([C@H](C[C@H](O1)N3C4=CC=CC=C4C5=C6C(=C7C8=CC=CC=C8N2C7=C53)CNC6=O)NC)OC,Active,,,,0.19,49,MET Inhibition Activity,NP_000236.2
2274,50100119,451705,C[C@]12[C@H]([C@H](C[C@H](O1)N3C4=CC=CC=C4C5=C6C(=C7C8=CC=CC=C8N2C7=C53)CNC6=O)NC)OC,Active,,,,0.17,50,MKNK1 Inhibition Activity,CAI14764.1
2275,50100119,451705,C[C@]12[C@H]([C@H](C[C@H](O1)N3C4=CC=CC=C4C5=C6C(=C7C8=CC=CC=C8N2C7=C53)CNC6=O)NC)OC,Active,,,,0.017,51,MKNK2 Inhibition Activity,AAF17226.1
2276,50100119,451705,C[C@]12[C@H]([C@H](C[C@H](O1)N3C4=CC=CC=C4C5=C6C(=C7C8=CC=CC=C8N2C7=C53)CNC6=O)NC)OC,Active,,,,0.00019,52,MST1 Inhibition Activity,NP_006273.1
2277,50100119,451705,C[C@]12[C@H]([C@H](C[C@H](O1)N3C4=CC=CC=C4C5=C6C(=C7C8=CC=CC=C8N2C7=C53)CNC6=O)NC)OC,Active,,,,0.00018,53,MST2 Inhibition Activity,NP_006272.2
2278,50100119,451705,C[C@]12[C@H]([C@H](C[C@H](O1)N3C4=CC=CC=C4C5=C6C(=C7C8=CC=CC=C8N2C7=C53)CNC6=O)NC)OC,Active,,,,0.086,54,MUSK Inhibition Activity,NP_005583.1
2279,50100119,451705,C[C@]12[C@H]([C@H](C[C@H](O1)N3C4=CC=CC=C4C5=C6C(=C7C8=CC=CC=C8N2C7=C53)CNC6=O)NC)OC,Active,,,,0.01,55,PDGFRA Inhibition Activity,NP_006197.1
2280,50100119,451705,C[C@]12[C@H]([C@H](C[C@H](O1)N3C4=CC=CC=C4C5=C6C(=C7C8=CC=CC=C8N2C7=C53)CNC6=O)NC)OC,Active,,,,0.0018,56,PDGFRB Inhibition Activity,NP_002600.1
2281,50100119,451705,C[C@]12[C@H]([C@H](C[C@H](O1)N3C4=CC=CC=C4C5=C6C(=C7C8=CC=CC=C8N2C7=C53)CNC6=O)NC)OC,Active,,,,0.019,57,PKAC-alpha Inhibition Activity,NP_002721.1
2282,50100119,451705,C[C@]12[C@H]([C@H](C[C@H](O1)N3C4=CC=CC=C4C5=C6C(=C7C8=CC=CC=C8N2C7=C53)CNC6=O)NC)OC,Active,,,,0.91,58,PLK3 Inhibition Activity,NP_004064.2
2283,50100119,451705,C[C@]12[C@H]([C@H](C[C@H](O1)N3C4=CC=CC=C4C5=C6C(=C7C8=CC=CC=C8N2C7=C53)CNC6=O)NC)OC,Active,,,,0.015,59,RET Inhibition Activity,NP_065681.1
2284,50100119,451705,C[C@]12[C@H]([C@H](C[C@H](O1)N3C4=CC=CC=C4C5=C6C(=C7C8=CC=CC=C8N2C7=C53)CNC6=O)NC)OC,Active,,,,0.028,60,RET(M918T) Inhibition Activity,NP_065681.1
2285,50100119,451705,C[C@]12[C@H]([C@H](C[C@H](O1)N3C4=CC=CC=C4C5=C6C(=C7C8=CC=CC=C8N2C7=C53)CNC6=O)NC)OC,Active,,,,0.12,62,RPS6KA4(Kin.Dom.1 - N-terminal) Inhibition Activity,NP_001006945.1
2286,50100119,451705,C[C@]12[C@H]([C@H](C[C@H](O1)N3C4=CC=CC=C4C5=C6C(=C7C8=CC=CC=C8N2C7=C53)CNC6=O)NC)OC,Active,,,,0.042,63,RPS6KA5(Kin.Dom.1 - N-terminal) Inhibition Activity,NP_872198.1
2287,50100119,451705,C[C@]12[C@H]([C@H](C[C@H](O1)N3C4=CC=CC=C4C5=C6C(=C7C8=CC=CC=C8N2C7=C53)CNC6=O)NC)OC,Active,,,,2.4e-05,64,SLK Inhibition Activity,NP_055535.2
2288,50100119,451705,C[C@]12[C@H]([C@H](C[C@H](O1)N3C4=CC=CC=C4C5=C6C(=C7C8=CC=CC=C8N2C7=C53)CNC6=O)NC)OC,Active,,,,0.0018,65,STK33 Inhibition Activity,NP_112168.1
2289,50100119,451705,C[C@]12[C@H]([C@H](C[C@H](O1)N3C4=CC=CC=C4C5=C6C(=C7C8=CC=CC=C8N2C7=C53)CNC6=O)NC)OC,Active,,,,0.065,66,TIE1 Inhibition Activity,NP_005415.1
2290,50100119,451705,C[C@]12[C@H]([C@H](C[C@H](O1)N3C4=CC=CC=C4C5=C6C(=C7C8=CC=CC=C8N2C7=C53)CNC6=O)NC)OC,Active,,,,0.14,67,TIE2 Inhibition Activity,NP_000450.2
2291,50100119,451705,C[C@]12[C@H]([C@H](C[C@H](O1)N3C4=CC=CC=C4C5=C6C(=C7C8=CC=CC=C8N2C7=C53)CNC6=O)NC)OC,Active,,,,0.004,68,TRKA Inhibition Activity,NP_001012331.1
2292,50100119,451705,C[C@]12[C@H]([C@H](C[C@H](O1)N3C4=CC=CC=C4C5=C6C(=C7C8=CC=CC=C8N2C7=C53)CNC6=O)NC)OC,Active,,,,0.0038,69,TRKB Inhibition Activity,NP_006171.2
2293,50100119,451705,C[C@]12[C@H]([C@H](C[C@H](O1)N3C4=CC=CC=C4C5=C6C(=C7C8=CC=CC=C8N2C7=C53)CNC6=O)NC)OC,Active,,,,0.017,70,TRKC Inhibition Activity,AAA75374.1
2294,50100119,451705,C[C@]12[C@H]([C@H](C[C@H](O1)N3C4=CC=CC=C4C5=C6C(=C7C8=CC=CC=C8N2C7=C53)CNC6=O)NC)OC,Active,,,,0.22,71,VEGFR2 Inhibition Activity,NP_002244.1
2295,50100119,451705,C[C@]12[C@H]([C@H](C[C@H](O1)N3C4=CC=CC=C4C5=C6C(=C7C8=CC=CC=C8N2C7=C53)CNC6=O)NC)OC,Active,,,,0.098,72,YANK2 Inhibition Activity,NP_060871.1
2296,50100119,451705,C[C@]12[C@H]([C@H](C[C@H](O1)N3C4=CC=CC=C4C5=C6C(=C7C8=CC=CC=C8N2C7=C53)CNC6=O)NC)OC,Active,,,,0.29,73,ABL1 Inhibition Activity,NP_005148.2
2297,50100119,451705,C[C@]12[C@H]([C@H](C[C@H](O1)N3C4=CC=CC=C4C5=C6C(=C7C8=CC=CC=C8N2C7=C53)CNC6=O)NC)OC,Active,,,,0.015,74,BLK Inhibition Activity,NP_001706.2
2298,50100119,451705,C[C@]12[C@H]([C@H](C[C@H](O1)N3C4=CC=CC=C4C5=C6C(=C7C8=CC=CC=C8N2C7=C53)CNC6=O)NC)OC,Active,,,,0.34,77,CIT Inhibition Activity,NP_009105.1
2299,50100119,451705,C[C@]12[C@H]([C@H](C[C@H](O1)N3C4=CC=CC=C4C5=C6C(=C7C8=CC=CC=C8N2C7=C53)CNC6=O)NC)OC,Active,,,,0.37,78,EGFR Inhibition Activity,NP_005219.2
2300,50100119,451705,C[C@]12[C@H]([C@H](C[C@H](O1)N3C4=CC=CC=C4C5=C6C(=C7C8=CC=CC=C8N2C7=C53)CNC6=O)NC)OC,Active,,,,1.1,79,EGFR(G719S) Inhibition Activity,NP_005219.2
2301,50100119,451705,C[C@]12[C@H]([C@H](C[C@H](O1)N3C4=CC=CC=C4C5=C6C(=C7C8=CC=CC=C8N2C7=C53)CNC6=O)NC)OC,Active,,,,0.096,80,EGFR(L747-E749del  A750P) Inhibition Activity,NP_005219.2
2302,50100119,451705,C[C@]12[C@H]([C@H](C[C@H](O1)N3C4=CC=CC=C4C5=C6C(=C7C8=CC=CC=C8N2C7=C53)CNC6=O)NC)OC,Active,,,,0.3,81,EGFR(L747-S752del  P753S) Inhibition Activity,NP_005219.2
2303,50100119,451705,C[C@]12[C@H]([C@H](C[C@H](O1)N3C4=CC=CC=C4C5=C6C(=C7C8=CC=CC=C8N2C7=C53)CNC6=O)NC)OC,Active,,,,0.21,82,EGFR(L747-T751del Sins) Inhibition Activity,NP_005219.2
2304,50100119,451705,C[C@]12[C@H]([C@H](C[C@H](O1)N3C4=CC=CC=C4C5=C6C(=C7C8=CC=CC=C8N2C7=C53)CNC6=O)NC)OC,Active,,,,0.6,83,EGFR(L861Q) Inhibition Activity,NP_005219.2
2305,50100119,451705,C[C@]12[C@H]([C@H](C[C@H](O1)N3C4=CC=CC=C4C5=C6C(=C7C8=CC=CC=C8N2C7=C53)CNC6=O)NC)OC,Active,,,,0.09,84,FGFR1 Inhibition Activity,NP_075593.1
2306,50100119,451705,C[C@]12[C@H]([C@H](C[C@H](O1)N3C4=CC=CC=C4C5=C6C(=C7C8=CC=CC=C8N2C7=C53)CNC6=O)NC)OC,Active,,,,0.25,85,FGFR4 Inhibition Activity,NP_075252.2
2307,50100119,451705,C[C@]12[C@H]([C@H](C[C@H](O1)N3C4=CC=CC=C4C5=C6C(=C7C8=CC=CC=C8N2C7=C53)CNC6=O)NC)OC,Active,,,,0.017,86,FGR Inhibition Activity,NP_005239.1
2308,50100119,451705,C[C@]12[C@H]([C@H](C[C@H](O1)N3C4=CC=CC=C4C5=C6C(=C7C8=CC=CC=C8N2C7=C53)CNC6=O)NC)OC,Active,,,,0.033,87,FYN Inhibition Activity,NP_694592.1
2309,50100119,451705,C[C@]12[C@H]([C@H](C[C@H](O1)N3C4=CC=CC=C4C5=C6C(=C7C8=CC=CC=C8N2C7=C53)CNC6=O)NC)OC,Active,,,,0.016,88,GCN2(Kin.Dom.2 S808G) Inhibition Activity,NP_001013725.2
2310,50100119,451705,C[C@]12[C@H]([C@H](C[C@H](O1)N3C4=CC=CC=C4C5=C6C(=C7C8=CC=CC=C8N2C7=C53)CNC6=O)NC)OC,Active,,,,0.03,89,LCK Inhibition Activity,NP_005347.3
2311,50100119,451705,C[C@]12[C@H]([C@H](C[C@H](O1)N3C4=CC=CC=C4C5=C6C(=C7C8=CC=CC=C8N2C7=C53)CNC6=O)NC)OC,Active,,,,0.04,90,LYN Inhibition Activity,NP_002341.1
2312,50100119,451705,C[C@]12[C@H]([C@H](C[C@H](O1)N3C4=CC=CC=C4C5=C6C(=C7C8=CC=CC=C8N2C7=C53)CNC6=O)NC)OC,Active,,,,2.3,91,PTK6 Inhibition Activity,NP_005966.1
2313,50100119,451705,C[C@]12[C@H]([C@H](C[C@H](O1)N3C4=CC=CC=C4C5=C6C(=C7C8=CC=CC=C8N2C7=C53)CNC6=O)NC)OC,Active,,,,1,93,TNNI3K Inhibition Activity,NP_057062.1
2314,50100119,451705,C[C@]12[C@H]([C@H](C[C@H](O1)N3C4=CC=CC=C4C5=C6C(=C7C8=CC=CC=C8N2C7=C53)CNC6=O)NC)OC,Active,,,,1,95,ABL1(E255K) Inhibition Activity,NP_005148.2
2315,50100119,451705,C[C@]12[C@H]([C@H](C[C@H](O1)N3C4=CC=CC=C4C5=C6C(=C7C8=CC=CC=C8N2C7=C53)CNC6=O)NC)OC,Active,,,,0.21,96,ABL1(H396P) Inhibition Activity,NP_005148.2
2316,50100119,451705,C[C@]12[C@H]([C@H](C[C@H](O1)N3C4=CC=CC=C4C5=C6C(=C7C8=CC=CC=C8N2C7=C53)CNC6=O)NC)OC,Active,,,,0.22,97,ABL1(M351T) Inhibition Activity,NP_005148.2
2317,50100119,451705,C[C@]12[C@H]([C@H](C[C@H](O1)N3C4=CC=CC=C4C5=C6C(=C7C8=CC=CC=C8N2C7=C53)CNC6=O)NC)OC,Active,,,,0.091,98,ABL1(Q252H) Inhibition Activity,NP_005148.2
2318,50100119,451705,C[C@]12[C@H]([C@H](C[C@H](O1)N3C4=CC=CC=C4C5=C6C(=C7C8=CC=CC=C8N2C7=C53)CNC6=O)NC)OC,Active,,,,0.27,99,ABL1(Y253F) Inhibition Activity,NP_005148.2
2319,50100119,451705,C[C@]12[C@H]([C@H](C[C@H](O1)N3C4=CC=CC=C4C5=C6C(=C7C8=CC=CC=C8N2C7=C53)CNC6=O)NC)OC,Active,,,,0.11,100,ABL2 Inhibition Activity,NP_005149.4
2320,50100119,451705,C[C@]12[C@H]([C@H](C[C@H](O1)N3C4=CC=CC=C4C5=C6C(=C7C8=CC=CC=C8N2C7=C53)CNC6=O)NC)OC,Active,,,,0.0037,101,AMPK-alpha1 Inhibition Activity,BAA36547.1
2321,50100119,451705,C[C@]12[C@H]([C@H](C[C@H](O1)N3C4=CC=CC=C4C5=C6C(=C7C8=CC=CC=C8N2C7=C53)CNC6=O)NC)OC,Active,,,,0.27,102,ANKK1 Inhibition Activity,NP_848605.1
2322,50100119,451705,C[C@]12[C@H]([C@H](C[C@H](O1)N3C4=CC=CC=C4C5=C6C(=C7C8=CC=CC=C8N2C7=C53)CNC6=O)NC)OC,Active,,,,0.027,103,CAMK1 Inhibition Activity,NP_003647.1
2323,50100119,451705,C[C@]12[C@H]([C@H](C[C@H](O1)N3C4=CC=CC=C4C5=C6C(=C7C8=CC=CC=C8N2C7=C53)CNC6=O)NC)OC,Active,,,,0.041,104,CAMK4 Inhibition Activity,NP_001735.1
2324,50100119,451705,C[C@]12[C@H]([C@H](C[C@H](O1)N3C4=CC=CC=C4C5=C6C(=C7C8=CC=CC=C8N2C7=C53)CNC6=O)NC)OC,Active,,,,3.9e-05,105,CAMKK1 Inhibition Activity,NP_115670.1
2325,50100119,451705,C[C@]12[C@H]([C@H](C[C@H](O1)N3C4=CC=CC=C4C5=C6C(=C7C8=CC=CC=C8N2C7=C53)CNC6=O)NC)OC,Active,,,,0.00016,106,CAMKK2 Inhibition Activity,NP_006540.3
2326,50100119,451705,C[C@]12[C@H]([C@H](C[C@H](O1)N3C4=CC=CC=C4C5=C6C(=C7C8=CC=CC=C8N2C7=C53)CNC6=O)NC)OC,Active,,,,0.007,107,CDK2 Inhibition Activity,NP_001789.2
2327,50100119,451705,C[C@]12[C@H]([C@H](C[C@H](O1)N3C4=CC=CC=C4C5=C6C(=C7C8=CC=CC=C8N2C7=C53)CNC6=O)NC)OC,Active,,,,0.03,108,CDK3 Inhibition Activity,NP_001249.1
2328,50100119,451705,C[C@]12[C@H]([C@H](C[C@H](O1)N3C4=CC=CC=C4C5=C6C(=C7C8=CC=CC=C8N2C7=C53)CNC6=O)NC)OC,Active,,,,0.084,109,CDK5 Inhibition Activity,NP_004926.1
2329,50100119,451705,C[C@]12[C@H]([C@H](C[C@H](O1)N3C4=CC=CC=C4C5=C6C(=C7C8=CC=CC=C8N2C7=C53)CNC6=O)NC)OC,Active,,,,0.0082,110,CLK2 Inhibition Activity,NP_003984.2
2330,50100119,451705,C[C@]12[C@H]([C@H](C[C@H](O1)N3C4=CC=CC=C4C5=C6C(=C7C8=CC=CC=C8N2C7=C53)CNC6=O)NC)OC,Active,,,,0.33,111,CSK Inhibition Activity,NP_004374.1
2331,50100119,451705,C[C@]12[C@H]([C@H](C[C@H](O1)N3C4=CC=CC=C4C5=C6C(=C7C8=CC=CC=C8N2C7=C53)CNC6=O)NC)OC,Active,,,,2.4,112,CSNK1D Inhibition Activity,NP_620693.1
2332,50100119,451705,C[C@]12[C@H]([C@H](C[C@H](O1)N3C4=CC=CC=C4C5=C6C(=C7C8=CC=CC=C8N2C7=C53)CNC6=O)NC)OC,Active,,,,0.073,113,CSNK1E Inhibition Activity,NP_001885.1
2333,50100119,451705,C[C@]12[C@H]([C@H](C[C@H](O1)N3C4=CC=CC=C4C5=C6C(=C7C8=CC=CC=C8N2C7=C53)CNC6=O)NC)OC,Active,,,,0.78,114,CSNK1G2 Inhibition Activity,NP_001310.3
2334,50100119,451705,C[C@]12[C@H]([C@H](C[C@H](O1)N3C4=CC=CC=C4C5=C6C(=C7C8=CC=CC=C8N2C7=C53)CNC6=O)NC)OC,Active,,,,0.001,116,DAPK3 Inhibition Activity,NP_001339.1
2335,50100119,451705,C[C@]12[C@H]([C@H](C[C@H](O1)N3C4=CC=CC=C4C5=C6C(=C7C8=CC=CC=C8N2C7=C53)CNC6=O)NC)OC,Active,,,,1.5,117,DLK Inhibition Activity,NP_006292.3
2336,50100119,451705,C[C@]12[C@H]([C@H](C[C@H](O1)N3C4=CC=CC=C4C5=C6C(=C7C8=CC=CC=C8N2C7=C53)CNC6=O)NC)OC,Active,,,,0.12,118,EGFR(E746-A750del) Inhibition Activity,NP_005219.2
2337,50100119,451705,C[C@]12[C@H]([C@H](C[C@H](O1)N3C4=CC=CC=C4C5=C6C(=C7C8=CC=CC=C8N2C7=C53)CNC6=O)NC)OC,Active,,,,0.27,119,EGFR(L858R) Inhibition Activity,NP_005219.2
2338,50100119,451705,C[C@]12[C@H]([C@H](C[C@H](O1)N3C4=CC=CC=C4C5=C6C(=C7C8=CC=CC=C8N2C7=C53)CNC6=O)NC)OC,Active,,,,1.2,120,EPHA2 Inhibition Activity,NP_004422.2
2339,50100119,451705,C[C@]12[C@H]([C@H](C[C@H](O1)N3C4=CC=CC=C4C5=C6C(=C7C8=CC=CC=C8N2C7=C53)CNC6=O)NC)OC,Active,,,,0.29,121,EPHA4 Inhibition Activity,NP_004429.1
2340,50100119,451705,C[C@]12[C@H]([C@H](C[C@H](O1)N3C4=CC=CC=C4C5=C6C(=C7C8=CC=CC=C8N2C7=C53)CNC6=O)NC)OC,Active,,,,0.095,122,EPHA5 Inhibition Activity,NP_004430.4
2341,50100119,451705,C[C@]12[C@H]([C@H](C[C@H](O1)N3C4=CC=CC=C4C5=C6C(=C7C8=CC=CC=C8N2C7=C53)CNC6=O)NC)OC,Active,,,,0.19,123,EPHA8 Inhibition Activity,NP_065387.1
2342,50100119,451705,C[C@]12[C@H]([C@H](C[C@H](O1)N3C4=CC=CC=C4C5=C6C(=C7C8=CC=CC=C8N2C7=C53)CNC6=O)NC)OC,Active,,,,0.24,124,EPHB1 Inhibition Activity,NP_004432.1
2343,50100119,451705,C[C@]12[C@H]([C@H](C[C@H](O1)N3C4=CC=CC=C4C5=C6C(=C7C8=CC=CC=C8N2C7=C53)CNC6=O)NC)OC,Active,,,,2.1,125,EPHB2 Inhibition Activity,NP_059145.2
2344,50100119,451705,C[C@]12[C@H]([C@H](C[C@H](O1)N3C4=CC=CC=C4C5=C6C(=C7C8=CC=CC=C8N2C7=C53)CNC6=O)NC)OC,Active,,,,0.024,126,FER Inhibition Activity,NP_005237.2
2345,50100119,451705,C[C@]12[C@H]([C@H](C[C@H](O1)N3C4=CC=CC=C4C5=C6C(=C7C8=CC=CC=C8N2C7=C53)CNC6=O)NC)OC,Active,,,,0.023,127,FES Inhibition Activity,NP_001996.1
2346,50100119,451705,C[C@]12[C@H]([C@H](C[C@H](O1)N3C4=CC=CC=C4C5=C6C(=C7C8=CC=CC=C8N2C7=C53)CNC6=O)NC)OC,Active,,,,0.1,128,FGFR2 Inhibition Activity,NP_075259.4
2347,50100119,451705,C[C@]12[C@H]([C@H](C[C@H](O1)N3C4=CC=CC=C4C5=C6C(=C7C8=CC=CC=C8N2C7=C53)CNC6=O)NC)OC,Active,,,,0.017,129,GAK Inhibition Activity,NP_005246.2
2348,50100119,451705,C[C@]12[C@H]([C@H](C[C@H](O1)N3C4=CC=CC=C4C5=C6C(=C7C8=CC=CC=C8N2C7=C53)CNC6=O)NC)OC,Active,,,,0.02,130,HCK Inhibition Activity,NP_002101.2
2349,50100119,451705,C[C@]12[C@H]([C@H](C[C@H](O1)N3C4=CC=CC=C4C5=C6C(=C7C8=CC=CC=C8N2C7=C53)CNC6=O)NC)OC,Active,,,,0.019,131,ITK Inhibition Activity,NP_005537.3
2350,50100119,451705,C[C@]12[C@H]([C@H](C[C@H](O1)N3C4=CC=CC=C4C5=C6C(=C7C8=CC=CC=C8N2C7=C53)CNC6=O)NC)OC,Active,,,,0.011,132,JAK2(Kin.Dom.2/JH1 - catalytic) Inhibition Activity,NP_004963.1
2351,50100119,451705,C[C@]12[C@H]([C@H](C[C@H](O1)N3C4=CC=CC=C4C5=C6C(=C7C8=CC=CC=C8N2C7=C53)CNC6=O)NC)OC,Active,,,,0.01,133,JAK3(Kin.Dom.2/JH1 - catalytic) Inhibition Activity,NP_000206.2
2352,50100119,451705,C[C@]12[C@H]([C@H](C[C@H](O1)N3C4=CC=CC=C4C5=C6C(=C7C8=CC=CC=C8N2C7=C53)CNC6=O)NC)OC,Active,,,,0.22,134,JNK1 Inhibition Activity,NP_002741.1
2353,50100119,451705,C[C@]12[C@H]([C@H](C[C@H](O1)N3C4=CC=CC=C4C5=C6C(=C7C8=CC=CC=C8N2C7=C53)CNC6=O)NC)OC,Active,,,,0.11,135,JNK3 Inhibition Activity,NP_002744.1
2354,50100119,451705,C[C@]12[C@H]([C@H](C[C@H](O1)N3C4=CC=CC=C4C5=C6C(=C7C8=CC=CC=C8N2C7=C53)CNC6=O)NC)OC,Active,,,,0.042,136,LATS1 Inhibition Activity,NP_004681.1
2355,50100119,451705,C[C@]12[C@H]([C@H](C[C@H](O1)N3C4=CC=CC=C4C5=C6C(=C7C8=CC=CC=C8N2C7=C53)CNC6=O)NC)OC,Active,,,,0.024,137,MAP4K4 Inhibition Activity,NP_663719.2
2356,50100119,451705,C[C@]12[C@H]([C@H](C[C@H](O1)N3C4=CC=CC=C4C5=C6C(=C7C8=CC=CC=C8N2C7=C53)CNC6=O)NC)OC,Active,,,,0.033,138,MELK Inhibition Activity,NP_055606.1
2357,50100119,451705,C[C@]12[C@H]([C@H](C[C@H](O1)N3C4=CC=CC=C4C5=C6C(=C7C8=CC=CC=C8N2C7=C53)CNC6=O)NC)OC,Active,,,,0.061,139,MYLK2 Inhibition Activity,NP_149109.1
2358,50100119,451705,C[C@]12[C@H]([C@H](C[C@H](O1)N3C4=CC=CC=C4C5=C6C(=C7C8=CC=CC=C8N2C7=C53)CNC6=O)NC)OC,Active,,,,0.5,140,MYO3A Inhibition Activity,NP_059129.3
2359,50100119,451705,C[C@]12[C@H]([C@H](C[C@H](O1)N3C4=CC=CC=C4C5=C6C(=C7C8=CC=CC=C8N2C7=C53)CNC6=O)NC)OC,Active,,,,0.3,141,MYO3B Inhibition Activity,NP_620482.3
2360,50100119,451705,C[C@]12[C@H]([C@H](C[C@H](O1)N3C4=CC=CC=C4C5=C6C(=C7C8=CC=CC=C8N2C7=C53)CNC6=O)NC)OC,Active,,,,0.81,142,NEK5 Inhibition Activity,NP_954983.1
2361,50100119,451705,C[C@]12[C@H]([C@H](C[C@H](O1)N3C4=CC=CC=C4C5=C6C(=C7C8=CC=CC=C8N2C7=C53)CNC6=O)NC)OC,Active,,,,0.22,143,NLK Inhibition Activity,NP_057315.3
2362,50100119,451705,C[C@]12[C@H]([C@H](C[C@H](O1)N3C4=CC=CC=C4C5=C6C(=C7C8=CC=CC=C8N2C7=C53)CNC6=O)NC)OC,Active,,,,0.024,144,PCTK1 Inhibition Activity,NP_006192.1
2363,50100119,451705,C[C@]12[C@H]([C@H](C[C@H](O1)N3C4=CC=CC=C4C5=C6C(=C7C8=CC=CC=C8N2C7=C53)CNC6=O)NC)OC,Active,,,,0.096,145,PCTK2 Inhibition Activity,CAA47004.1
2364,50100119,451705,C[C@]12[C@H]([C@H](C[C@H](O1)N3C4=CC=CC=C4C5=C6C(=C7C8=CC=CC=C8N2C7=C53)CNC6=O)NC)OC,Active,,,,0.27,146,PCTK3 Inhibition Activity,NP_002587.2
2365,50100119,451705,C[C@]12[C@H]([C@H](C[C@H](O1)N3C4=CC=CC=C4C5=C6C(=C7C8=CC=CC=C8N2C7=C53)CNC6=O)NC)OC,Active,,,,0.16,147,PFTK1 Inhibition Activity,NP_036527.1
2366,50100119,451705,C[C@]12[C@H]([C@H](C[C@H](O1)N3C4=CC=CC=C4C5=C6C(=C7C8=CC=CC=C8N2C7=C53)CNC6=O)NC)OC,Active,,,,0.029,148,PKAC-beta Inhibition Activity,NP_002722.1
2367,50100119,451705,C[C@]12[C@H]([C@H](C[C@H](O1)N3C4=CC=CC=C4C5=C6C(=C7C8=CC=CC=C8N2C7=C53)CNC6=O)NC)OC,Active,,,,0.0085,149,PRKCQ Inhibition Activity,NP_006248.1
2368,50100119,451705,C[C@]12[C@H]([C@H](C[C@H](O1)N3C4=CC=CC=C4C5=C6C(=C7C8=CC=CC=C8N2C7=C53)CNC6=O)NC)OC,Active,,,,0.027,150,PRKD1 Inhibition Activity,NP_002733.2
2369,50100119,451705,C[C@]12[C@H]([C@H](C[C@H](O1)N3C4=CC=CC=C4C5=C6C(=C7C8=CC=CC=C8N2C7=C53)CNC6=O)NC)OC,Active,,,,0.072,151,PRKD2 Inhibition Activity,NP_057541.2
2370,50100119,451705,C[C@]12[C@H]([C@H](C[C@H](O1)N3C4=CC=CC=C4C5=C6C(=C7C8=CC=CC=C8N2C7=C53)CNC6=O)NC)OC,Active,,,,0.018,152,PRKD3 Inhibition Activity,NP_005804.1
2371,50100119,451705,C[C@]12[C@H]([C@H](C[C@H](O1)N3C4=CC=CC=C4C5=C6C(=C7C8=CC=CC=C8N2C7=C53)CNC6=O)NC)OC,Active,,,,0.36,153,PRKR Inhibition Activity,NP_002750.1
2372,50100119,451705,C[C@]12[C@H]([C@H](C[C@H](O1)N3C4=CC=CC=C4C5=C6C(=C7C8=CC=CC=C8N2C7=C53)CNC6=O)NC)OC,Active,,,,0.0035,154,PTK2B Inhibition Activity,NP_775267.1
2373,50100119,451705,C[C@]12[C@H]([C@H](C[C@H](O1)N3C4=CC=CC=C4C5=C6C(=C7C8=CC=CC=C8N2C7=C53)CNC6=O)NC)OC,Inactive,,,,5.2,155,RIPK2 Inhibition Activity,NP_003812.1
2374,50100119,451705,C[C@]12[C@H]([C@H](C[C@H](O1)N3C4=CC=CC=C4C5=C6C(=C7C8=CC=CC=C8N2C7=C53)CNC6=O)NC)OC,Active,,,,0.03,156,ROS1 Inhibition Activity,NP_002935.2
2375,50100119,451705,C[C@]12[C@H]([C@H](C[C@H](O1)N3C4=CC=CC=C4C5=C6C(=C7C8=CC=CC=C8N2C7=C53)CNC6=O)NC)OC,Active,,,,0.19,157,RPS6KA2(Kin.Dom.2 - C-terminal) Inhibition Activity,NP_001006933.2
2376,50100119,451705,C[C@]12[C@H]([C@H](C[C@H](O1)N3C4=CC=CC=C4C5=C6C(=C7C8=CC=CC=C8N2C7=C53)CNC6=O)NC)OC,Inactive,,,,3.3,158,RPS6KA6(Kin.Dom.2 - C-terminal) Inhibition Activity,NP_055311.1
2377,50100119,451705,C[C@]12[C@H]([C@H](C[C@H](O1)N3C4=CC=CC=C4C5=C6C(=C7C8=CC=CC=C8N2C7=C53)CNC6=O)NC)OC,Active,,,,0.0022,159,SNF1LK Inhibition Activity,NP_775490.2
2378,50100119,451705,C[C@]12[C@H]([C@H](C[C@H](O1)N3C4=CC=CC=C4C5=C6C(=C7C8=CC=CC=C8N2C7=C53)CNC6=O)NC)OC,Active,,,,0.086,160,SRC Inhibition Activity,NP_005408.1
2379,50100119,451705,C[C@]12[C@H]([C@H](C[C@H](O1)N3C4=CC=CC=C4C5=C6C(=C7C8=CC=CC=C8N2C7=C53)CNC6=O)NC)OC,Active,,,,0.74,161,SRMS Inhibition Activity,NP_543013.1
2380,50100119,451705,C[C@]12[C@H]([C@H](C[C@H](O1)N3C4=CC=CC=C4C5=C6C(=C7C8=CC=CC=C8N2C7=C53)CNC6=O)NC)OC,Inactive,,,,6.7,162,STK36 Inhibition Activity,NP_056505.2
2381,50100119,451705,C[C@]12[C@H]([C@H](C[C@H](O1)N3C4=CC=CC=C4C5=C6C(=C7C8=CC=CC=C8N2C7=C53)CNC6=O)NC)OC,Active,,,,0.014,163,SYK Inhibition Activity,NP_003168.2
2382,50100119,451705,C[C@]12[C@H]([C@H](C[C@H](O1)N3C4=CC=CC=C4C5=C6C(=C7C8=CC=CC=C8N2C7=C53)CNC6=O)NC)OC,Active,,,,0.32,164,TESK1 Inhibition Activity,NP_006276.2
2383,50100119,451705,C[C@]12[C@H]([C@H](C[C@H](O1)N3C4=CC=CC=C4C5=C6C(=C7C8=CC=CC=C8N2C7=C53)CNC6=O)NC)OC,Active,,,,0.0047,166,TNIK Inhibition Activity,NP_055843.1
2384,50100119,451705,C[C@]12[C@H]([C@H](C[C@H](O1)N3C4=CC=CC=C4C5=C6C(=C7C8=CC=CC=C8N2C7=C53)CNC6=O)NC)OC,Active,,,,0.0025,167,TNK1 Inhibition Activity,AAH35782.1
2385,50100119,451705,C[C@]12[C@H]([C@H](C[C@H](O1)N3C4=CC=CC=C4C5=C6C(=C7C8=CC=CC=C8N2C7=C53)CNC6=O)NC)OC,Active,,,,0.061,168,TTK Inhibition Activity,NP_003309.2
2386,50100119,451705,C[C@]12[C@H]([C@H](C[C@H](O1)N3C4=CC=CC=C4C5=C6C(=C7C8=CC=CC=C8N2C7=C53)CNC6=O)NC)OC,Active,,,,0.056,169,TYK2(Kin.Dom.2/JH1 - catalytic) Inhibition Activity,CAA38449.1
2387,50100119,451705,C[C@]12[C@H]([C@H](C[C@H](O1)N3C4=CC=CC=C4C5=C6C(=C7C8=CC=CC=C8N2C7=C53)CNC6=O)NC)OC,Active,,,,0.052,170,YES Inhibition Activity,NP_005424.1
2388,50100119,451705,C[C@]12[C@H]([C@H](C[C@H](O1)N3C4=CC=CC=C4C5=C6C(=C7C8=CC=CC=C8N2C7=C53)CNC6=O)NC)OC,Active,,,,0.11,171,YSK1 Inhibition Activity,NP_006365.2
2389,50100119,451705,C[C@]12[C@H]([C@H](C[C@H](O1)N3C4=CC=CC=C4C5=C6C(=C7C8=CC=CC=C8N2C7=C53)CNC6=O)NC)OC,Active,,,,0.042,174,p38-gamma Inhibition Activity,AAB40118.1
2390,50100119,451705,C[C@]12[C@H]([C@H](C[C@H](O1)N3C4=CC=CC=C4C5=C6C(=C7C8=CC=CC=C8N2C7=C53)CNC6=O)NC)OC,Active,,,,0.29,175,EGFR(S752-I759del) Inhibition Activity,NP_005219.2
2391,50100119,451705,C[C@]12[C@H]([C@H](C[C@H](O1)N3C4=CC=CC=C4C5=C6C(=C7C8=CC=CC=C8N2C7=C53)CNC6=O)NC)OC,Active,,,,0.77,177,ERBB4 Inhibition Activity,NP_001036064.1
2392,50100119,451705,C[C@]12[C@H]([C@H](C[C@H](O1)N3C4=CC=CC=C4C5=C6C(=C7C8=CC=CC=C8N2C7=C53)CNC6=O)NC)OC,Active,,,,0.028,178,MEK2 Inhibition Activity,NP_109587.1
2393,50100119,451705,C[C@]12[C@H]([C@H](C[C@H](O1)N3C4=CC=CC=C4C5=C6C(=C7C8=CC=CC=C8N2C7=C53)CNC6=O)NC)OC,Active,,,,0.00077,179,PLK4 Inhibition Activity,BAB69958.1
2394,50100119,451705,C[C@]12[C@H]([C@H](C[C@H](O1)N3C4=CC=CC=C4C5=C6C(=C7C8=CC=CC=C8N2C7=C53)CNC6=O)NC)OC,Active,,,,0.037,180,DMPK2 Inhibition Activity,NP_059995.2
2395,50100119,451705,C[C@]12[C@H]([C@H](C[C@H](O1)N3C4=CC=CC=C4C5=C6C(=C7C8=CC=CC=C8N2C7=C53)CNC6=O)NC)OC,Active,,,,0.3,181,EPHA1 Inhibition Activity,NP_005223.4
2396,50100119,451705,C[C@]12[C@H]([C@H](C[C@H](O1)N3C4=CC=CC=C4C5=C6C(=C7C8=CC=CC=C8N2C7=C53)CNC6=O)NC)OC,Active,,,,0.057,182,MRCKA Inhibition Activity,NP_003598.2
2397,50100119,451705,C[C@]12[C@H]([C@H](C[C@H](O1)N3C4=CC=CC=C4C5=C6C(=C7C8=CC=CC=C8N2C7=C53)CNC6=O)NC)OC,Active,,,,0.042,183,MRCKB Inhibition Activity,NP_006026.3
2398,50100119,451705,C[C@]12[C@H]([C@H](C[C@H](O1)N3C4=CC=CC=C4C5=C6C(=C7C8=CC=CC=C8N2C7=C53)CNC6=O)NC)OC,Active,,,,0.064,184,PTK2 Inhibition Activity,NP_722560.1
2399,50100119,451705,C[C@]12[C@H]([C@H](C[C@H](O1)N3C4=CC=CC=C4C5=C6C(=C7C8=CC=CC=C8N2C7=C53)CNC6=O)NC)OC,Active,,,,0.11,185,DCAMKL1 Inhibition Activity,NP_004725.1
2400,50100119,451705,C[C@]12[C@H]([C@H](C[C@H](O1)N3C4=CC=CC=C4C5=C6C(=C7C8=CC=CC=C8N2C7=C53)CNC6=O)NC)OC,Active,,,,0.073,186,DCAMKL2 Inhibition Activity,NP_001035351.4
2401,50100119,451705,C[C@]12[C@H]([C@H](C[C@H](O1)N3C4=CC=CC=C4C5=C6C(=C7C8=CC=CC=C8N2C7=C53)CNC6=O)NC)OC,Active,,,,0.017,187,DCAMKL3 Inhibition Activity,NP_208382.1
2402,50100119,451705,C[C@]12[C@H]([C@H](C[C@H](O1)N3C4=CC=CC=C4C5=C6C(=C7C8=CC=CC=C8N2C7=C53)CNC6=O)NC)OC,Active,,,,0.014,188,DRAK1 Inhibition Activity,NP_004751.2
2403,50100119,451705,C[C@]12[C@H]([C@H](C[C@H](O1)N3C4=CC=CC=C4C5=C6C(=C7C8=CC=CC=C8N2C7=C53)CNC6=O)NC)OC,Active,,,,0.028,189,DYRK1B Inhibition Activity,NP_004705.1
2404,50100119,451705,C[C@]12[C@H]([C@H](C[C@H](O1)N3C4=CC=CC=C4C5=C6C(=C7C8=CC=CC=C8N2C7=C53)CNC6=O)NC)OC,Active,,,,1.6,192,ERK5 Inhibition Activity,NP_002740.2
2405,50100119,451705,C[C@]12[C@H]([C@H](C[C@H](O1)N3C4=CC=CC=C4C5=C6C(=C7C8=CC=CC=C8N2C7=C53)CNC6=O)NC)OC,Active,,,,0.14,193,GSK3A Inhibition Activity,NP_063937.2
2406,50100119,451705,C[C@]12[C@H]([C@H](C[C@H](O1)N3C4=CC=CC=C4C5=C6C(=C7C8=CC=CC=C8N2C7=C53)CNC6=O)NC)OC,Active,,,,0.069,194,GSK3B Inhibition Activity,NP_002084.2
2407,50100119,451705,C[C@]12[C@H]([C@H](C[C@H](O1)N3C4=CC=CC=C4C5=C6C(=C7C8=CC=CC=C8N2C7=C53)CNC6=O)NC)OC,Active,,,,0.013,195,IRAK3 Inhibition Activity,NP_009130.2
2408,50100119,451705,C[C@]12[C@H]([C@H](C[C@H](O1)N3C4=CC=CC=C4C5=C6C(=C7C8=CC=CC=C8N2C7=C53)CNC6=O)NC)OC,Active,,,,0.14,196,MLCK Inhibition Activity,NP_872299.2
2409,50100119,451705,C[C@]12[C@H]([C@H](C[C@H](O1)N3C4=CC=CC=C4C5=C6C(=C7C8=CC=CC=C8N2C7=C53)CNC6=O)NC)OC,Active,,,,0.0071,197,PAK3 Inhibition Activity,NP_002569.1
2410,50100119,451705,C[C@]12[C@H]([C@H](C[C@H](O1)N3C4=CC=CC=C4C5=C6C(=C7C8=CC=CC=C8N2C7=C53)CNC6=O)NC)OC,Active,,,,0.00065,198,PHKG1 Inhibition Activity,NP_006204.1
2411,50100119,451705,C[C@]12[C@H]([C@H](C[C@H](O1)N3C4=CC=CC=C4C5=C6C(=C7C8=CC=CC=C8N2C7=C53)CNC6=O)NC)OC,Active,,,,8.6e-05,199,SNARK Inhibition Activity,NP_112214.2
2412,50100119,451705,C[C@]12[C@H]([C@H](C[C@H](O1)N3C4=CC=CC=C4C5=C6C(=C7C8=CC=CC=C8N2C7=C53)CNC6=O)NC)OC,Active,,,,0.0012,200,AAK1 Inhibition Activity,NP_055726.3
2413,50100119,451705,C[C@]12[C@H]([C@H](C[C@H](O1)N3C4=CC=CC=C4C5=C6C(=C7C8=CC=CC=C8N2C7=C53)CNC6=O)NC)OC,Active,,,,0.012,201,AMPK-alpha2 Inhibition Activity,NP_006243.2
2414,50100119,451705,C[C@]12[C@H]([C@H](C[C@H](O1)N3C4=CC=CC=C4C5=C6C(=C7C8=CC=CC=C8N2C7=C53)CNC6=O)NC)OC,Active,,,,0.0044,202,ARK5 Inhibition Activity,NP_055655.1
2415,50100119,451705,C[C@]12[C@H]([C@H](C[C@H](O1)N3C4=CC=CC=C4C5=C6C(=C7C8=CC=CC=C8N2C7=C53)CNC6=O)NC)OC,Active,,,,0.0056,203,BIKE Inhibition Activity,NP_060063.2
2416,50100119,451705,C[C@]12[C@H]([C@H](C[C@H](O1)N3C4=CC=CC=C4C5=C6C(=C7C8=CC=CC=C8N2C7=C53)CNC6=O)NC)OC,Active,,,,0.0032,204,CHEK1 Inhibition Activity,NP_001265.2
2417,50100119,451705,C[C@]12[C@H]([C@H](C[C@H](O1)N3C4=CC=CC=C4C5=C6C(=C7C8=CC=CC=C8N2C7=C53)CNC6=O)NC)OC,Active,,,,0.036,205,CSNK2A1 Inhibition Activity,NP_001886.1
2418,50100119,451705,C[C@]12[C@H]([C@H](C[C@H](O1)N3C4=CC=CC=C4C5=C6C(=C7C8=CC=CC=C8N2C7=C53)CNC6=O)NC)OC,Active,,,,0.0065,206,CSNK2A2 Inhibition Activity,NP_001887.1
2419,50100119,451705,C[C@]12[C@H]([C@H](C[C@H](O1)N3C4=CC=CC=C4C5=C6C(=C7C8=CC=CC=C8N2C7=C53)CNC6=O)NC)OC,Active,,,,0.021,207,DRAK2 Inhibition Activity,NP_004217.1
2420,50100119,451705,C[C@]12[C@H]([C@H](C[C@H](O1)N3C4=CC=CC=C4C5=C6C(=C7C8=CC=CC=C8N2C7=C53)CNC6=O)NC)OC,Active,,,,0.088,208,FGFR3 Inhibition Activity,NP_000133.1
2421,50100119,451705,C[C@]12[C@H]([C@H](C[C@H](O1)N3C4=CC=CC=C4C5=C6C(=C7C8=CC=CC=C8N2C7=C53)CNC6=O)NC)OC,Active,,,,0.31,209,FGFR3(G697C) Inhibition Activity,NP_000133.1
2422,50100119,451705,C[C@]12[C@H]([C@H](C[C@H](O1)N3C4=CC=CC=C4C5=C6C(=C7C8=CC=CC=C8N2C7=C53)CNC6=O)NC)OC,Active,,,,0.0051,210,IKK-epsilon Inhibition Activity,NP_054721.1
2423,50100119,451705,C[C@]12[C@H]([C@H](C[C@H](O1)N3C4=CC=CC=C4C5=C6C(=C7C8=CC=CC=C8N2C7=C53)CNC6=O)NC)OC,Active,,,,0.061,212,LKB1 Inhibition Activity,NP_000446.1
2424,50100119,451705,C[C@]12[C@H]([C@H](C[C@H](O1)N3C4=CC=CC=C4C5=C6C(=C7C8=CC=CC=C8N2C7=C53)CNC6=O)NC)OC,Active,,,,1.2,213,MAP3K4 Inhibition Activity,NP_005913.2
2425,50100119,451705,C[C@]12[C@H]([C@H](C[C@H](O1)N3C4=CC=CC=C4C5=C6C(=C7C8=CC=CC=C8N2C7=C53)CNC6=O)NC)OC,Active,,,,0.004,214,MARK1 Inhibition Activity,CAH72463.1
2426,50100119,451705,C[C@]12[C@H]([C@H](C[C@H](O1)N3C4=CC=CC=C4C5=C6C(=C7C8=CC=CC=C8N2C7=C53)CNC6=O)NC)OC,Active,,,,0.0007,215,MARK2 Inhibition Activity,NP_059672.2
2427,50100119,451705,C[C@]12[C@H]([C@H](C[C@H](O1)N3C4=CC=CC=C4C5=C6C(=C7C8=CC=CC=C8N2C7=C53)CNC6=O)NC)OC,Active,,,,0.003,216,MARK3 Inhibition Activity,NP_002367.5
2428,50100119,451705,C[C@]12[C@H]([C@H](C[C@H](O1)N3C4=CC=CC=C4C5=C6C(=C7C8=CC=CC=C8N2C7=C53)CNC6=O)NC)OC,Active,,,,0.0054,217,MARK4 Inhibition Activity,NP_113605.2
2429,50100119,451705,C[C@]12[C@H]([C@H](C[C@H](O1)N3C4=CC=CC=C4C5=C6C(=C7C8=CC=CC=C8N2C7=C53)CNC6=O)NC)OC,Active,,,,0.021,218,MEK1 Inhibition Activity,NP_002746.1
2430,50100119,451705,C[C@]12[C@H]([C@H](C[C@H](O1)N3C4=CC=CC=C4C5=C6C(=C7C8=CC=CC=C8N2C7=C53)CNC6=O)NC)OC,Active,,,,0.01,219,MLK1 Inhibition Activity,NP_149132.2
2431,50100119,451705,C[C@]12[C@H]([C@H](C[C@H](O1)N3C4=CC=CC=C4C5=C6C(=C7C8=CC=CC=C8N2C7=C53)CNC6=O)NC)OC,Active,,,,0.02,220,MLK3 Inhibition Activity,NP_002410.1
2432,50100119,451705,C[C@]12[C@H]([C@H](C[C@H](O1)N3C4=CC=CC=C4C5=C6C(=C7C8=CC=CC=C8N2C7=C53)CNC6=O)NC)OC,Active,,,,0.12,221,MST3 Inhibition Activity,NP_003567.2
2433,50100119,451705,C[C@]12[C@H]([C@H](C[C@H](O1)N3C4=CC=CC=C4C5=C6C(=C7C8=CC=CC=C8N2C7=C53)CNC6=O)NC)OC,Active,,,,0.14,222,MST4 Inhibition Activity,NP_057626.2
2434,50100119,451705,C[C@]12[C@H]([C@H](C[C@H](O1)N3C4=CC=CC=C4C5=C6C(=C7C8=CC=CC=C8N2C7=C53)CNC6=O)NC)OC,Active,,,,0.015,223,MYLK Inhibition Activity,NP_444254.3
2435,50100119,451705,C[C@]12[C@H]([C@H](C[C@H](O1)N3C4=CC=CC=C4C5=C6C(=C7C8=CC=CC=C8N2C7=C53)CNC6=O)NC)OC,Active,,,,0.75,224,NEK2 Inhibition Activity,NP_002488.1
2436,50100119,451705,C[C@]12[C@H]([C@H](C[C@H](O1)N3C4=CC=CC=C4C5=C6C(=C7C8=CC=CC=C8N2C7=C53)CNC6=O)NC)OC,Inactive,,,,4.5,226,NEK7 Inhibition Activity,NP_598001.1
2437,50100119,451705,C[C@]12[C@H]([C@H](C[C@H](O1)N3C4=CC=CC=C4C5=C6C(=C7C8=CC=CC=C8N2C7=C53)CNC6=O)NC)OC,Inactive,,,,3.1,227,NEK9 Inhibition Activity,NP_149107.4
2438,50100119,451705,C[C@]12[C@H]([C@H](C[C@H](O1)N3C4=CC=CC=C4C5=C6C(=C7C8=CC=CC=C8N2C7=C53)CNC6=O)NC)OC,Active,,,,0.00014,228,PHKG2 Inhibition Activity,NP_000285.1
2439,50100119,451705,C[C@]12[C@H]([C@H](C[C@H](O1)N3C4=CC=CC=C4C5=C6C(=C7C8=CC=CC=C8N2C7=C53)CNC6=O)NC)OC,Active,,,,0.043,229,PIP5K1A Inhibition Activity,AAC50911.1
2440,50100119,451705,C[C@]12[C@H]([C@H](C[C@H](O1)N3C4=CC=CC=C4C5=C6C(=C7C8=CC=CC=C8N2C7=C53)CNC6=O)NC)OC,Active,,,,0.077,230,PIP5K2B Inhibition Activity,NP_003550.1
2441,50100119,451705,C[C@]12[C@H]([C@H](C[C@H](O1)N3C4=CC=CC=C4C5=C6C(=C7C8=CC=CC=C8N2C7=C53)CNC6=O)NC)OC,Active,,,,0.0013,231,PKN1 Inhibition Activity,NP_998725.1
2442,50100119,451705,C[C@]12[C@H]([C@H](C[C@H](O1)N3C4=CC=CC=C4C5=C6C(=C7C8=CC=CC=C8N2C7=C53)CNC6=O)NC)OC,Active,,,,0.0025,232,PKN2 Inhibition Activity,NP_006247.1
2443,50100119,451705,C[C@]12[C@H]([C@H](C[C@H](O1)N3C4=CC=CC=C4C5=C6C(=C7C8=CC=CC=C8N2C7=C53)CNC6=O)NC)OC,Active,,,,0.13,233,RIOK1 Inhibition Activity,NP_113668.2
2444,50100119,451705,C[C@]12[C@H]([C@H](C[C@H](O1)N3C4=CC=CC=C4C5=C6C(=C7C8=CC=CC=C8N2C7=C53)CNC6=O)NC)OC,Active,,,,0.076,234,RIOK3 Inhibition Activity,NP_003822.2
2445,50100119,451705,C[C@]12[C@H]([C@H](C[C@H](O1)N3C4=CC=CC=C4C5=C6C(=C7C8=CC=CC=C8N2C7=C53)CNC6=O)NC)OC,Active,,,,0.043,235,RPS6KA1(Kin.Dom.1 - N-terminal) Inhibition Activity,NP_002944.2
2446,50100119,451705,C[C@]12[C@H]([C@H](C[C@H](O1)N3C4=CC=CC=C4C5=C6C(=C7C8=CC=CC=C8N2C7=C53)CNC6=O)NC)OC,Active,,,,0.0089,236,RPS6KA2(Kin.Dom.1 - N-terminal) Inhibition Activity,NP_066958.2
2447,50100119,451705,C[C@]12[C@H]([C@H](C[C@H](O1)N3C4=CC=CC=C4C5=C6C(=C7C8=CC=CC=C8N2C7=C53)CNC6=O)NC)OC,Active,,,,0.069,237,RPS6KA3(Kin.Dom.1 - N-terminal) Inhibition Activity,NP_004577.1
2448,50100119,451705,C[C@]12[C@H]([C@H](C[C@H](O1)N3C4=CC=CC=C4C5=C6C(=C7C8=CC=CC=C8N2C7=C53)CNC6=O)NC)OC,Active,,,,0.018,238,RPS6KA6(Kin.Dom.1 - N-terminal) Inhibition Activity,NP_055311.1
2449,50100119,451705,C[C@]12[C@H]([C@H](C[C@H](O1)N3C4=CC=CC=C4C5=C6C(=C7C8=CC=CC=C8N2C7=C53)CNC6=O)NC)OC,Active,,,,0.0011,239,SNF1LK2 Inhibition Activity,NP_056006.1
2450,50100119,451705,C[C@]12[C@H]([C@H](C[C@H](O1)N3C4=CC=CC=C4C5=C6C(=C7C8=CC=CC=C8N2C7=C53)CNC6=O)NC)OC,Active,,,,0.0055,240,SRPK1 Inhibition Activity,NP_003128.3
2451,50100119,451705,C[C@]12[C@H]([C@H](C[C@H](O1)N3C4=CC=CC=C4C5=C6C(=C7C8=CC=CC=C8N2C7=C53)CNC6=O)NC)OC,Active,,,,0.067,241,SRPK2 Inhibition Activity,AAC05299.1
2452,50100119,451705,C[C@]12[C@H]([C@H](C[C@H](O1)N3C4=CC=CC=C4C5=C6C(=C7C8=CC=CC=C8N2C7=C53)CNC6=O)NC)OC,Active,,,,0.47,242,SgK085 Inhibition Activity,NP_001012418.2
2453,50100119,451705,C[C@]12[C@H]([C@H](C[C@H](O1)N3C4=CC=CC=C4C5=C6C(=C7C8=CC=CC=C8N2C7=C53)CNC6=O)NC)OC,Active,,,,0.016,243,TLK2 Inhibition Activity,AAF03095.1
2454,50100119,451705,C[C@]12[C@H]([C@H](C[C@H](O1)N3C4=CC=CC=C4C5=C6C(=C7C8=CC=CC=C8N2C7=C53)CNC6=O)NC)OC,Active,,,,0.28,244,TYRO3 Inhibition Activity,NP_006284.2
2455,50100119,451705,C[C@]12[C@H]([C@H](C[C@H](O1)N3C4=CC=CC=C4C5=C6C(=C7C8=CC=CC=C8N2C7=C53)CNC6=O)NC)OC,Active,,,,1.6,245,WEE1 Inhibition Activity,NP_003381.1
2456,50100119,451705,C[C@]12[C@H]([C@H](C[C@H](O1)N3C4=CC=CC=C4C5=C6C(=C7C8=CC=CC=C8N2C7=C53)CNC6=O)NC)OC,Active,,,,0.47,246,ACVR1 Inhibition Activity,NP_001096.1
2457,50100119,451705,C[C@]12[C@H]([C@H](C[C@H](O1)N3C4=CC=CC=C4C5=C6C(=C7C8=CC=CC=C8N2C7=C53)CNC6=O)NC)OC,Active,,,,0.17,249,BMX Inhibition Activity,NP_001712.1
2458,50100119,451705,C[C@]12[C@H]([C@H](C[C@H](O1)N3C4=CC=CC=C4C5=C6C(=C7C8=CC=CC=C8N2C7=C53)CNC6=O)NC)OC,Active,,,,0.21,250,BTK Inhibition Activity,NP_000052.1
2459,50100119,451705,C[C@]12[C@H]([C@H](C[C@H](O1)N3C4=CC=CC=C4C5=C6C(=C7C8=CC=CC=C8N2C7=C53)CNC6=O)NC)OC,Active,,,,1.2,251,RPS6KA1(Kin.Dom.2 - C-terminal) Inhibition Activity,NP_002944.2
2460,50100119,451705,C[C@]12[C@H]([C@H](C[C@H](O1)N3C4=CC=CC=C4C5=C6C(=C7C8=CC=CC=C8N2C7=C53)CNC6=O)NC)OC,Active,,,,1.3,252,TEC Inhibition Activity,NP_003206.2
2461,50100119,451705,C[C@]12[C@H]([C@H](C[C@H](O1)N3C4=CC=CC=C4C5=C6C(=C7C8=CC=CC=C8N2C7=C53)CNC6=O)NC)OC,Active,,,,2,253,TGFBR1 Inhibition Activity,NP_004603.1
2462,50100119,451705,C[C@]12[C@H]([C@H](C[C@H](O1)N3C4=CC=CC=C4C5=C6C(=C7C8=CC=CC=C8N2C7=C53)CNC6=O)NC)OC,Active,,,,0.23,254,TXK Inhibition Activity,NP_003319.2
2463,50100119,451705,C[C@]12[C@H]([C@H](C[C@H](O1)N3C4=CC=CC=C4C5=C6C(=C7C8=CC=CC=C8N2C7=C53)CNC6=O)NC)OC,Active,,,,0.68,255,ACVR1B Inhibition Activity,NP_004293.1
2464,50100119,451705,C[C@]12[C@H]([C@H](C[C@H](O1)N3C4=CC=CC=C4C5=C6C(=C7C8=CC=CC=C8N2C7=C53)CNC6=O)NC)OC,Inactive,,,,4.6,257,ACVR2B Inhibition Activity,NP_001097.2
2465,50100119,451705,C[C@]12[C@H]([C@H](C[C@H](O1)N3C4=CC=CC=C4C5=C6C(=C7C8=CC=CC=C8N2C7=C53)CNC6=O)NC)OC,Active,,,,0.0035,259,DMPK Inhibition Activity,NP_004400.4
2466,50100119,451705,C[C@]12[C@H]([C@H](C[C@H](O1)N3C4=CC=CC=C4C5=C6C(=C7C8=CC=CC=C8N2C7=C53)CNC6=O)NC)OC,Active,,,,0.48,260,LIMK1 Inhibition Activity,NP_002305.1
2467,50100119,451705,C[C@]12[C@H]([C@H](C[C@H](O1)N3C4=CC=CC=C4C5=C6C(=C7C8=CC=CC=C8N2C7=C53)CNC6=O)NC)OC,Active,,,,0.016,262,TNK2 Inhibition Activity,NP_001010938.1
2468,50100119,451705,C[C@]12[C@H]([C@H](C[C@H](O1)N3C4=CC=CC=C4C5=C6C(=C7C8=CC=CC=C8N2C7=C53)CNC6=O)NC)OC,Active,,,,0.0011,263,CAMK1D Inhibition Activity,NP_065130.1
2469,50100119,451705,C[C@]12[C@H]([C@H](C[C@H](O1)N3C4=CC=CC=C4C5=C6C(=C7C8=CC=CC=C8N2C7=C53)CNC6=O)NC)OC,Active,,,,0.91,264,CLK3 Inhibition Activity,NP_003983.2
2470,50100119,451705,C[C@]12[C@H]([C@H](C[C@H](O1)N3C4=CC=CC=C4C5=C6C(=C7C8=CC=CC=C8N2C7=C53)CNC6=O)NC)OC,Active,,,,0.25,265,CSNK1A1L Inhibition Activity,NP_660204.2
2471,50100119,451705,C[C@]12[C@H]([C@H](C[C@H](O1)N3C4=CC=CC=C4C5=C6C(=C7C8=CC=CC=C8N2C7=C53)CNC6=O)NC)OC,Active,,,,0.86,266,NEK1 Inhibition Activity,NP_036356.1
2472,50100119,451705,C[C@]12[C@H]([C@H](C[C@H](O1)N3C4=CC=CC=C4C5=C6C(=C7C8=CC=CC=C8N2C7=C53)CNC6=O)NC)OC,Active,,,,0.00057,267,PAK1 Inhibition Activity,NP_002567.3
2473,50100119,451705,C[C@]12[C@H]([C@H](C[C@H](O1)N3C4=CC=CC=C4C5=C6C(=C7C8=CC=CC=C8N2C7=C53)CNC6=O)NC)OC,Active,,,,0.0015,268,PRKCD Inhibition Activity,NP_006245.2
2474,50100119,451705,C[C@]12[C@H]([C@H](C[C@H](O1)N3C4=CC=CC=C4C5=C6C(=C7C8=CC=CC=C8N2C7=C53)CNC6=O)NC)OC,Active,,,,2.2,269,RPS6KA4(Kin.Dom.2 - C-terminal) Inhibition Activity,NP_003933.1
2475,50100119,451705,C[C@]12[C@H]([C@H](C[C@H](O1)N3C4=CC=CC=C4C5=C6C(=C7C8=CC=CC=C8N2C7=C53)CNC6=O)NC)OC,Active,,,,0.00016,270,CAMK2A Inhibition Activity,NP_741960.1
2476,50100119,451705,C[C@]12[C@H]([C@H](C[C@H](O1)N3C4=CC=CC=C4C5=C6C(=C7C8=CC=CC=C8N2C7=C53)CNC6=O)NC)OC,Active,,,,0.052,271,MLK2 Inhibition Activity,NP_002437.2
2477,50100119,451705,C[C@]12[C@H]([C@H](C[C@H](O1)N3C4=CC=CC=C4C5=C6C(=C7C8=CC=CC=C8N2C7=C53)CNC6=O)NC)OC,Active,,,,0.0032,272,PIM1 Inhibition Activity,NP_002639.1
2478,50100119,451705,C[C@]12[C@H]([C@H](C[C@H](O1)N3C4=CC=CC=C4C5=C6C(=C7C8=CC=CC=C8N2C7=C53)CNC6=O)NC)OC,Active,,,,0.0019,273,PIM2 Inhibition Activity,NP_006866.2
2479,50100119,451705,C[C@]12[C@H]([C@H](C[C@H](O1)N3C4=CC=CC=C4C5=C6C(=C7C8=CC=CC=C8N2C7=C53)CNC6=O)NC)OC,Active,,,,0.00051,274,PIM3 Inhibition Activity,NP_001001852.2
2480,50100119,451705,C[C@]12[C@H]([C@H](C[C@H](O1)N3C4=CC=CC=C4C5=C6C(=C7C8=CC=CC=C8N2C7=C53)CNC6=O)NC)OC,Active,,,,0.00025,275,PRKCE Inhibition Activity,NP_005391.1
2481,50100119,451705,C[C@]12[C@H]([C@H](C[C@H](O1)N3C4=CC=CC=C4C5=C6C(=C7C8=CC=CC=C8N2C7=C53)CNC6=O)NC)OC,Active,,,,0.0048,276,PRKCH Inhibition Activity,NP_006246.2
2482,50100119,451705,C[C@]12[C@H]([C@H](C[C@H](O1)N3C4=CC=CC=C4C5=C6C(=C7C8=CC=CC=C8N2C7=C53)CNC6=O)NC)OC,Active,,,,0.023,277,CAMK1G Inhibition Activity,NP_065172.1
2483,50100119,451705,C[C@]12[C@H]([C@H](C[C@H](O1)N3C4=CC=CC=C4C5=C6C(=C7C8=CC=CC=C8N2C7=C53)CNC6=O)NC)OC,Active,,,,0.07,278,MEK4 Inhibition Activity,NP_003001.1
2484,50100119,451705,C[C@]12[C@H]([C@H](C[C@H](O1)N3C4=CC=CC=C4C5=C6C(=C7C8=CC=CC=C8N2C7=C53)CNC6=O)NC)OC,Active,,,,0.0034,279,MEK6 Inhibition Activity,NP_002749.2
2485,50100119,451705,C[C@]12[C@H]([C@H](C[C@H](O1)N3C4=CC=CC=C4C5=C6C(=C7C8=CC=CC=C8N2C7=C53)CNC6=O)NC)OC,Active,,,,0.27,280,STK16 Inhibition Activity,CAA06700.1
2486,50100119,451705,C[C@]12[C@H]([C@H](C[C@H](O1)N3C4=CC=CC=C4C5=C6C(=C7C8=CC=CC=C8N2C7=C53)CNC6=O)NC)OC,Active,,,,0.026,281,BRSK1 Inhibition Activity,NP_115806.1
2487,50100119,451705,C[C@]12[C@H]([C@H](C[C@H](O1)N3C4=CC=CC=C4C5=C6C(=C7C8=CC=CC=C8N2C7=C53)CNC6=O)NC)OC,Active,,,,0.0035,282,BRSK2 Inhibition Activity,NP_003948.2
2488,50100119,451705,C[C@]12[C@H]([C@H](C[C@H](O1)N3C4=CC=CC=C4C5=C6C(=C7C8=CC=CC=C8N2C7=C53)CNC6=O)NC)OC,Active,,,,0.005,284,MEK3 Inhibition Activity,NP_002747.2
2489,50100119,451705,C[C@]12[C@H]([C@H](C[C@H](O1)N3C4=CC=CC=C4C5=C6C(=C7C8=CC=CC=C8N2C7=C53)CNC6=O)NC)OC,Active,,,,0.0063,285,PAK4 Inhibition Activity,NP_001014833.1
2490,50100119,451705,C[C@]12[C@H]([C@H](C[C@H](O1)N3C4=CC=CC=C4C5=C6C(=C7C8=CC=CC=C8N2C7=C53)CNC6=O)NC)OC,Active,,,,0.00057,286,PAK6 Inhibition Activity,NP_064553.1
2491,50100119,451705,C[C@]12[C@H]([C@H](C[C@H](O1)N3C4=CC=CC=C4C5=C6C(=C7C8=CC=CC=C8N2C7=C53)CNC6=O)NC)OC,Active,,,,0.0012,287,PAK7/PAK5 Inhibition Activity,NP_065074.1
2492,50100119,451705,C[C@]12[C@H]([C@H](C[C@H](O1)N3C4=CC=CC=C4C5=C6C(=C7C8=CC=CC=C8N2C7=C53)CNC6=O)NC)OC,Active,,,,0.0017,288,PDPK1 Inhibition Activity,NP_002604.1
2493,50100119,451705,C[C@]12[C@H]([C@H](C[C@H](O1)N3C4=CC=CC=C4C5=C6C(=C7C8=CC=CC=C8N2C7=C53)CNC6=O)NC)OC,Active,,,,0.19,289,PLK1 Inhibition Activity,NP_005021.2
2494,50100119,451705,C[C@]12[C@H]([C@H](C[C@H](O1)N3C4=CC=CC=C4C5=C6C(=C7C8=CC=CC=C8N2C7=C53)CNC6=O)NC)OC,Active,,,,0.027,290,TLK1 Inhibition Activity,NP_036422.3
2495,50100119,451705,C[C@]12[C@H]([C@H](C[C@H](O1)N3C4=CC=CC=C4C5=C6C(=C7C8=CC=CC=C8N2C7=C53)CNC6=O)NC)OC,Active,,,,0.17,291,AKT3 Inhibition Activity,NP_005456.1
2496,50100119,451705,C[C@]12[C@H]([C@H](C[C@H](O1)N3C4=CC=CC=C4C5=C6C(=C7C8=CC=CC=C8N2C7=C53)CNC6=O)NC)OC,Active,,,,0.00032,292,CAMK2D Inhibition Activity,AAD20442.1
2497,50100119,451705,C[C@]12[C@H]([C@H](C[C@H](O1)N3C4=CC=CC=C4C5=C6C(=C7C8=CC=CC=C8N2C7=C53)CNC6=O)NC)OC,Active,,,,0.00055,293,CAMK2G Inhibition Activity,NP_751913.1
2498,50100119,451705,C[C@]12[C@H]([C@H](C[C@H](O1)N3C4=CC=CC=C4C5=C6C(=C7C8=CC=CC=C8N2C7=C53)CNC6=O)NC)OC,Active,,,,0.0014,294,DAPK1 Inhibition Activity,NP_004929.2
2499,50100119,451705,C[C@]12[C@H]([C@H](C[C@H](O1)N3C4=CC=CC=C4C5=C6C(=C7C8=CC=CC=C8N2C7=C53)CNC6=O)NC)OC,Active,,,,0.016,295,PRKG2 Inhibition Activity,NP_006250.1
2500,50100119,451705,C[C@]12[C@H]([C@H](C[C@H](O1)N3C4=CC=CC=C4C5=C6C(=C7C8=CC=CC=C8N2C7=C53)CNC6=O)NC)OC,Active,,,,0.0016,296,DAPK2 Inhibition Activity,NP_055141.2
2501,50100119,451705,C[C@]12[C@H]([C@H](C[C@H](O1)N3C4=CC=CC=C4C5=C6C(=C7C8=CC=CC=C8N2C7=C53)CNC6=O)NC)OC,Active,,,,0.02,299,AKT1 Inhibition Activity,NP_005154.2
2502,50100119,451705,C[C@]12[C@H]([C@H](C[C@H](O1)N3C4=CC=CC=C4C5=C6C(=C7C8=CC=CC=C8N2C7=C53)CNC6=O)NC)OC,Active,,,,0.044,300,AKT2 Inhibition Activity,NP_001617.1
2503,50100119,451705,C[C@]12[C@H]([C@H](C[C@H](O1)N3C4=CC=CC=C4C5=C6C(=C7C8=CC=CC=C8N2C7=C53)CNC6=O)NC)OC,Active,,,,0.0013,301,CAMK2B Inhibition Activity,NP_001211.3
2504,50100119,451705,C[C@]12[C@H]([C@H](C[C@H](O1)N3C4=CC=CC=C4C5=C6C(=C7C8=CC=CC=C8N2C7=C53)CNC6=O)NC)OC,Active,,,,0.0031,302,PAK2 Inhibition Activity,NP_002568.2
2505,50100119,451705,C[C@]12[C@H]([C@H](C[C@H](O1)N3C4=CC=CC=C4C5=C6C(=C7C8=CC=CC=C8N2C7=C53)CNC6=O)NC)OC,Active,,,,0.032,303,PRKG1 Inhibition Activity,NP_006249.1
2506,50100119,451705,C[C@]12[C@H]([C@H](C[C@H](O1)N3C4=CC=CC=C4C5=C6C(=C7C8=CC=CC=C8N2C7=C53)CNC6=O)NC)OC,Active,,,,0.013,304,PRKX Inhibition Activity,NP_005035.1
2507,50100119,451705,C[C@]12[C@H]([C@H](C[C@H](O1)N3C4=CC=CC=C4C5=C6C(=C7C8=CC=CC=C8N2C7=C53)CNC6=O)NC)OC,Active,,,,0.024,305,TSSK1 Inhibition Activity,NP_114417.1
2508,50100119,451705,C[C@]12[C@H]([C@H](C[C@H](O1)N3C4=CC=CC=C4C5=C6C(=C7C8=CC=CC=C8N2C7=C53)CNC6=O)NC)OC,Active,,,,0.044,306,ZAP70 Inhibition Activity,NP_997402.1
2509,50100119,451705,C[C@]12[C@H]([C@H](C[C@H](O1)N3C4=CC=CC=C4C5=C6C(=C7C8=CC=CC=C8N2C7=C53)CNC6=O)NC)OC,Active,,,,0.11,307,INSR Inhibition Activity,NP_000199.2
2510,50100119,451705,C[C@]12[C@H]([C@H](C[C@H](O1)N3C4=CC=CC=C4C5=C6C(=C7C8=CC=CC=C8N2C7=C53)CNC6=O)NC)OC,Active,,,,0.028,308,NDR2 Inhibition Activity,NP_055815.1
2511,50100119,451705,C[C@]12[C@H]([C@H](C[C@H](O1)N3C4=CC=CC=C4C5=C6C(=C7C8=CC=CC=C8N2C7=C53)CNC6=O)NC)OC,Active,,,,0.89,309,RPS6KA5(Kin.Dom.2 - C-terminal) Inhibition Activity,NP_004746.2
2512,50100119,451705,C[C@]12[C@H]([C@H](C[C@H](O1)N3C4=CC=CC=C4C5=C6C(=C7C8=CC=CC=C8N2C7=C53)CNC6=O)NC)OC,Inactive,,,,3.7,310,BMPR1A Inhibition Activity,NP_004320.2
2513,50100119,451705,C[C@]12[C@H]([C@H](C[C@H](O1)N3C4=CC=CC=C4C5=C6C(=C7C8=CC=CC=C8N2C7=C53)CNC6=O)NC)OC,Inactive,,,,8.4,311,ERK1 Inhibition Activity,NP_002737.2
2514,50100119,451705,C[C@]12[C@H]([C@H](C[C@H](O1)N3C4=CC=CC=C4C5=C6C(=C7C8=CC=CC=C8N2C7=C53)CNC6=O)NC)OC,Inactive,,,,7.3,312,ERK2 Inhibition Activity,NP_620407.1
2515,50100119,451705,C[C@]12[C@H]([C@H](C[C@H](O1)N3C4=CC=CC=C4C5=C6C(=C7C8=CC=CC=C8N2C7=C53)CNC6=O)NC)OC,Active,,,,0.21,313,IGF1R Inhibition Activity,NP_000866.1
2516,50100119,451705,C[C@]12[C@H]([C@H](C[C@H](O1)N3C4=CC=CC=C4C5=C6C(=C7C8=CC=CC=C8N2C7=C53)CNC6=O)NC)OC,Active,,,,0.11,314,MAP3K5 Inhibition Activity,NP_005914.1
2517,50100119,451705,C[C@]12[C@H]([C@H](C[C@H](O1)N3C4=CC=CC=C4C5=C6C(=C7C8=CC=CC=C8N2C7=C53)CNC6=O)NC)OC,Active,,,,0.88,315,MAPKAPK2 Inhibition Activity,NP_116584.2
2518,50100119,451705,C[C@]12[C@H]([C@H](C[C@H](O1)N3C4=CC=CC=C4C5=C6C(=C7C8=CC=CC=C8N2C7=C53)CNC6=O)NC)OC,Active,,,,0.31,316,YANK3 Inhibition Activity,NP_775846.2
2519,50100120,5329102,CCN(CC)CCNC(=O)C1=C(NC(=C1C)/C=C\2/C3=C(C=CC(=C3)F)NC2=O)C,Active,,,,0.14,1,ABL1(T315I) Inhibition Activity,NP_005148.2
2520,50100120,5329102,CCN(CC)CCNC(=O)C1=C(NC(=C1C)/C=C\2/C3=C(C=CC(=C3)F)NC2=O)C,Active,,,,0.17,2,ALK Inhibition Activity,NP_004295.2
2521,50100120,5329102,CCN(CC)CCNC(=O)C1=C(NC(=C1C)/C=C\2/C3=C(C=CC(=C3)F)NC2=O)C,Active,,,,1.7,3,AURKA Inhibition Activity,NP_003591.2
2522,50100120,5329102,CCN(CC)CCNC(=O)C1=C(NC(=C1C)/C=C\2/C3=C(C=CC(=C3)F)NC2=O)C,Active,,,,0.38,4,AURKB Inhibition Activity,AAH00442.3
2523,50100120,5329102,CCN(CC)CCNC(=O)C1=C(NC(=C1C)/C=C\2/C3=C(C=CC(=C3)F)NC2=O)C,Active,,,,0.22,5,AURKC Inhibition Activity,AAC77369.1
2524,50100120,5329102,CCN(CC)CCNC(=O)C1=C(NC(=C1C)/C=C\2/C3=C(C=CC(=C3)F)NC2=O)C,Active,,,,0.009,6,AXL Inhibition Activity,NP_001690.2
2525,50100120,5329102,CCN(CC)CCNC(=O)C1=C(NC(=C1C)/C=C\2/C3=C(C=CC(=C3)F)NC2=O)C,Active,,,,0.57,7,BMPR2 Inhibition Activity,NP_001195.2
2526,50100120,5329102,CCN(CC)CCNC(=O)C1=C(NC(=C1C)/C=C\2/C3=C(C=CC(=C3)F)NC2=O)C,Active,,,,0.33,11,CDK7 Inhibition Activity,NP_001790.1
2527,50100120,5329102,CCN(CC)CCNC(=O)C1=C(NC(=C1C)/C=C\2/C3=C(C=CC(=C3)F)NC2=O)C,Active,,,,0.022,14,CLK1 Inhibition Activity,AAA61480.1
2528,50100120,5329102,CCN(CC)CCNC(=O)C1=C(NC(=C1C)/C=C\2/C3=C(C=CC(=C3)F)NC2=O)C,Active,,,,0.029,15,CLK4 Inhibition Activity,NP_065717.1
2529,50100120,5329102,CCN(CC)CCNC(=O)C1=C(NC(=C1C)/C=C\2/C3=C(C=CC(=C3)F)NC2=O)C,Active,,,,0.002,16,CSF1R Inhibition Activity,NP_005202.2
2530,50100120,5329102,CCN(CC)CCNC(=O)C1=C(NC(=C1C)/C=C\2/C3=C(C=CC(=C3)F)NC2=O)C,Active,,,,2,17,DDR1 Inhibition Activity,NP_001945.3
2531,50100120,5329102,CCN(CC)CCNC(=O)C1=C(NC(=C1C)/C=C\2/C3=C(C=CC(=C3)F)NC2=O)C,Inactive,,,,6.8,19,EGFR(G719C) Inhibition Activity,NP_005219.2
2532,50100120,5329102,CCN(CC)CCNC(=O)C1=C(NC(=C1C)/C=C\2/C3=C(C=CC(=C3)F)NC2=O)C,Active,,,,2.1,20,EPHA3 Inhibition Activity,NP_005224.2
2533,50100120,5329102,CCN(CC)CCNC(=O)C1=C(NC(=C1C)/C=C\2/C3=C(C=CC(=C3)F)NC2=O)C,Active,,,,0.96,21,EPHA6 Inhibition Activity,NP_001073917.2
2534,50100120,5329102,CCN(CC)CCNC(=O)C1=C(NC(=C1C)/C=C\2/C3=C(C=CC(=C3)F)NC2=O)C,Active,,,,2.4,22,EPHA7 Inhibition Activity,NP_004431.1
2535,50100120,5329102,CCN(CC)CCNC(=O)C1=C(NC(=C1C)/C=C\2/C3=C(C=CC(=C3)F)NC2=O)C,Active,,,,0.0018,26,FLT1 Inhibition Activity,NP_002010.2
2536,50100120,5329102,CCN(CC)CCNC(=O)C1=C(NC(=C1C)/C=C\2/C3=C(C=CC(=C3)F)NC2=O)C,Active,,,,0.00047,27,FLT3 Inhibition Activity,NP_004110.2
2537,50100120,5329102,CCN(CC)CCNC(=O)C1=C(NC(=C1C)/C=C\2/C3=C(C=CC(=C3)F)NC2=O)C,Active,,,,0.0043,28,FLT3(D835H) Inhibition Activity,NP_004110.2
2538,50100120,5329102,CCN(CC)CCNC(=O)C1=C(NC(=C1C)/C=C\2/C3=C(C=CC(=C3)F)NC2=O)C,Active,,,,0.0023,29,FLT3(D835Y) Inhibition Activity,NP_004110.2
2539,50100120,5329102,CCN(CC)CCNC(=O)C1=C(NC(=C1C)/C=C\2/C3=C(C=CC(=C3)F)NC2=O)C,Active,,,,0.00099,30,FLT3(ITD) Inhibition Activity,NP_004110.2
2540,50100120,5329102,CCN(CC)CCNC(=O)C1=C(NC(=C1C)/C=C\2/C3=C(C=CC(=C3)F)NC2=O)C,Active,,,,0.0024,31,FLT3(N841I) Inhibition Activity,NP_004110.2
2541,50100120,5329102,CCN(CC)CCNC(=O)C1=C(NC(=C1C)/C=C\2/C3=C(C=CC(=C3)F)NC2=O)C,Active,,,,0.05,32,FLT4 Inhibition Activity,CAA49505.1
2542,50100120,5329102,CCN(CC)CCNC(=O)C1=C(NC(=C1C)/C=C\2/C3=C(C=CC(=C3)F)NC2=O)C,Active,,,,0.53,33,FRK Inhibition Activity,NP_002022.1
2543,50100120,5329102,CCN(CC)CCNC(=O)C1=C(NC(=C1C)/C=C\2/C3=C(C=CC(=C3)F)NC2=O)C,Active,,,,0.43,34,INSRR Inhibition Activity,NP_055030.1
2544,50100120,5329102,CCN(CC)CCNC(=O)C1=C(NC(=C1C)/C=C\2/C3=C(C=CC(=C3)F)NC2=O)C,Active,,,,0.00037,36,KIT Inhibition Activity,NP_000213.1
2545,50100120,5329102,CCN(CC)CCNC(=O)C1=C(NC(=C1C)/C=C\2/C3=C(C=CC(=C3)F)NC2=O)C,Active,,,,0.38,37,KIT(D816V) Inhibition Activity,NP_000213.1
2546,50100120,5329102,CCN(CC)CCNC(=O)C1=C(NC(=C1C)/C=C\2/C3=C(C=CC(=C3)F)NC2=O)C,Active,,,,0.00028,38,KIT(V559D T670I) Inhibition Activity,NP_000213.1
2547,50100120,5329102,CCN(CC)CCNC(=O)C1=C(NC(=C1C)/C=C\2/C3=C(C=CC(=C3)F)NC2=O)C,Active,,,,0.00021,39,KIT(V559D V654A) Inhibition Activity,NP_000213.1
2548,50100120,5329102,CCN(CC)CCNC(=O)C1=C(NC(=C1C)/C=C\2/C3=C(C=CC(=C3)F)NC2=O)C,Active,,,,0.00041,40,KIT(V559D) Inhibition Activity,NP_000213.1
2549,50100120,5329102,CCN(CC)CCNC(=O)C1=C(NC(=C1C)/C=C\2/C3=C(C=CC(=C3)F)NC2=O)C,Active,,,,0.46,41,LATS2 Inhibition Activity,NP_055387.2
2550,50100120,5329102,CCN(CC)CCNC(=O)C1=C(NC(=C1C)/C=C\2/C3=C(C=CC(=C3)F)NC2=O)C,Active,,,,0.019,43,LOK Inhibition Activity,BAA35073.1
2551,50100120,5329102,CCN(CC)CCNC(=O)C1=C(NC(=C1C)/C=C\2/C3=C(C=CC(=C3)F)NC2=O)C,Active,,,,1.8,44,LTK Inhibition Activity,NP_996844.1
2552,50100120,5329102,CCN(CC)CCNC(=O)C1=C(NC(=C1C)/C=C\2/C3=C(C=CC(=C3)F)NC2=O)C,Active,,,,0.016,45,MAP4K1 Inhibition Activity,NP_001036065.1
2553,50100120,5329102,CCN(CC)CCNC(=O)C1=C(NC(=C1C)/C=C\2/C3=C(C=CC(=C3)F)NC2=O)C,Active,,,,0.18,46,MAP4K3 Inhibition Activity,NP_003609.2
2554,50100120,5329102,CCN(CC)CCNC(=O)C1=C(NC(=C1C)/C=C\2/C3=C(C=CC(=C3)F)NC2=O)C,Active,,,,0.041,47,MAP4K5 Inhibition Activity,NP_006566.2
2555,50100120,5329102,CCN(CC)CCNC(=O)C1=C(NC(=C1C)/C=C\2/C3=C(C=CC(=C3)F)NC2=O)C,Active,,,,0.026,48,MERTK Inhibition Activity,AAB60430.1
2556,50100120,5329102,CCN(CC)CCNC(=O)C1=C(NC(=C1C)/C=C\2/C3=C(C=CC(=C3)F)NC2=O)C,Active,,,,0.019,52,MST1 Inhibition Activity,NP_006273.1
2557,50100120,5329102,CCN(CC)CCNC(=O)C1=C(NC(=C1C)/C=C\2/C3=C(C=CC(=C3)F)NC2=O)C,Active,,,,0.056,53,MST2 Inhibition Activity,NP_006272.2
2558,50100120,5329102,CCN(CC)CCNC(=O)C1=C(NC(=C1C)/C=C\2/C3=C(C=CC(=C3)F)NC2=O)C,Active,,,,0.49,54,MUSK Inhibition Activity,NP_005583.1
2559,50100120,5329102,CCN(CC)CCNC(=O)C1=C(NC(=C1C)/C=C\2/C3=C(C=CC(=C3)F)NC2=O)C,Active,,,,0.00079,55,PDGFRA Inhibition Activity,NP_006197.1
2560,50100120,5329102,CCN(CC)CCNC(=O)C1=C(NC(=C1C)/C=C\2/C3=C(C=CC(=C3)F)NC2=O)C,Active,,,,7.5e-05,56,PDGFRB Inhibition Activity,NP_002600.1
2561,50100120,5329102,CCN(CC)CCNC(=O)C1=C(NC(=C1C)/C=C\2/C3=C(C=CC(=C3)F)NC2=O)C,Active,,,,0.012,59,RET Inhibition Activity,NP_065681.1
2562,50100120,5329102,CCN(CC)CCNC(=O)C1=C(NC(=C1C)/C=C\2/C3=C(C=CC(=C3)F)NC2=O)C,Active,,,,0.019,60,RET(M918T) Inhibition Activity,NP_065681.1
2563,50100120,5329102,CCN(CC)CCNC(=O)C1=C(NC(=C1C)/C=C\2/C3=C(C=CC(=C3)F)NC2=O)C,Active,,,,0.37,61,RIPK1 Inhibition Activity,NP_003795.2
2564,50100120,5329102,CCN(CC)CCNC(=O)C1=C(NC(=C1C)/C=C\2/C3=C(C=CC(=C3)F)NC2=O)C,Active,,,,0.096,62,RPS6KA4(Kin.Dom.1 - N-terminal) Inhibition Activity,NP_001006945.1
2565,50100120,5329102,CCN(CC)CCNC(=O)C1=C(NC(=C1C)/C=C\2/C3=C(C=CC(=C3)F)NC2=O)C,Active,,,,0.028,63,RPS6KA5(Kin.Dom.1 - N-terminal) Inhibition Activity,NP_872198.1
2566,50100120,5329102,CCN(CC)CCNC(=O)C1=C(NC(=C1C)/C=C\2/C3=C(C=CC(=C3)F)NC2=O)C,Active,,,,0.056,64,SLK Inhibition Activity,NP_055535.2
2567,50100120,5329102,CCN(CC)CCNC(=O)C1=C(NC(=C1C)/C=C\2/C3=C(C=CC(=C3)F)NC2=O)C,Active,,,,0.017,65,STK33 Inhibition Activity,NP_112168.1
2568,50100120,5329102,CCN(CC)CCNC(=O)C1=C(NC(=C1C)/C=C\2/C3=C(C=CC(=C3)F)NC2=O)C,Active,,,,0.1,68,TRKA Inhibition Activity,NP_001012331.1
2569,50100120,5329102,CCN(CC)CCNC(=O)C1=C(NC(=C1C)/C=C\2/C3=C(C=CC(=C3)F)NC2=O)C,Active,,,,0.59,69,TRKB Inhibition Activity,NP_006171.2
2570,50100120,5329102,CCN(CC)CCNC(=O)C1=C(NC(=C1C)/C=C\2/C3=C(C=CC(=C3)F)NC2=O)C,Inactive,,,,5.1,70,TRKC Inhibition Activity,AAA75374.1
2571,50100120,5329102,CCN(CC)CCNC(=O)C1=C(NC(=C1C)/C=C\2/C3=C(C=CC(=C3)F)NC2=O)C,Active,,,,0.0015,71,VEGFR2 Inhibition Activity,NP_002244.1
2572,50100120,5329102,CCN(CC)CCNC(=O)C1=C(NC(=C1C)/C=C\2/C3=C(C=CC(=C3)F)NC2=O)C,Active,,,,0.83,73,ABL1 Inhibition Activity,NP_005148.2
2573,50100120,5329102,CCN(CC)CCNC(=O)C1=C(NC(=C1C)/C=C\2/C3=C(C=CC(=C3)F)NC2=O)C,Active,,,,0.065,74,BLK Inhibition Activity,NP_001706.2
2574,50100120,5329102,CCN(CC)CCNC(=O)C1=C(NC(=C1C)/C=C\2/C3=C(C=CC(=C3)F)NC2=O)C,Inactive,,,,3.9,77,CIT Inhibition Activity,NP_009105.1
2575,50100120,5329102,CCN(CC)CCNC(=O)C1=C(NC(=C1C)/C=C\2/C3=C(C=CC(=C3)F)NC2=O)C,Active,,,,0.52,84,FGFR1 Inhibition Activity,NP_075593.1
2576,50100120,5329102,CCN(CC)CCNC(=O)C1=C(NC(=C1C)/C=C\2/C3=C(C=CC(=C3)F)NC2=O)C,Active,,,,0.27,86,FGR Inhibition Activity,NP_005239.1
2577,50100120,5329102,CCN(CC)CCNC(=O)C1=C(NC(=C1C)/C=C\2/C3=C(C=CC(=C3)F)NC2=O)C,Active,,,,0.52,87,FYN Inhibition Activity,NP_694592.1
2578,50100120,5329102,CCN(CC)CCNC(=O)C1=C(NC(=C1C)/C=C\2/C3=C(C=CC(=C3)F)NC2=O)C,Active,,,,0.18,88,GCN2(Kin.Dom.2 S808G) Inhibition Activity,NP_001013725.2
2579,50100120,5329102,CCN(CC)CCNC(=O)C1=C(NC(=C1C)/C=C\2/C3=C(C=CC(=C3)F)NC2=O)C,Active,,,,0.23,89,LCK Inhibition Activity,NP_005347.3
2580,50100120,5329102,CCN(CC)CCNC(=O)C1=C(NC(=C1C)/C=C\2/C3=C(C=CC(=C3)F)NC2=O)C,Active,,,,0.27,90,LYN Inhibition Activity,NP_002341.1
2581,50100120,5329102,CCN(CC)CCNC(=O)C1=C(NC(=C1C)/C=C\2/C3=C(C=CC(=C3)F)NC2=O)C,Active,,,,2.8,95,ABL1(E255K) Inhibition Activity,NP_005148.2
2582,50100120,5329102,CCN(CC)CCNC(=O)C1=C(NC(=C1C)/C=C\2/C3=C(C=CC(=C3)F)NC2=O)C,Active,,,,1,96,ABL1(H396P) Inhibition Activity,NP_005148.2
2583,50100120,5329102,CCN(CC)CCNC(=O)C1=C(NC(=C1C)/C=C\2/C3=C(C=CC(=C3)F)NC2=O)C,Active,,,,1.2,97,ABL1(M351T) Inhibition Activity,NP_005148.2
2584,50100120,5329102,CCN(CC)CCNC(=O)C1=C(NC(=C1C)/C=C\2/C3=C(C=CC(=C3)F)NC2=O)C,Active,,,,0.89,98,ABL1(Q252H) Inhibition Activity,NP_005148.2
2585,50100120,5329102,CCN(CC)CCNC(=O)C1=C(NC(=C1C)/C=C\2/C3=C(C=CC(=C3)F)NC2=O)C,Active,,,,0.95,99,ABL1(Y253F) Inhibition Activity,NP_005148.2
2586,50100120,5329102,CCN(CC)CCNC(=O)C1=C(NC(=C1C)/C=C\2/C3=C(C=CC(=C3)F)NC2=O)C,Active,,,,1,100,ABL2 Inhibition Activity,NP_005149.4
2587,50100120,5329102,CCN(CC)CCNC(=O)C1=C(NC(=C1C)/C=C\2/C3=C(C=CC(=C3)F)NC2=O)C,Active,,,,0.019,101,AMPK-alpha1 Inhibition Activity,BAA36547.1
2588,50100120,5329102,CCN(CC)CCNC(=O)C1=C(NC(=C1C)/C=C\2/C3=C(C=CC(=C3)F)NC2=O)C,Active,,,,0.31,102,ANKK1 Inhibition Activity,NP_848605.1
2589,50100120,5329102,CCN(CC)CCNC(=O)C1=C(NC(=C1C)/C=C\2/C3=C(C=CC(=C3)F)NC2=O)C,Active,,,,0.97,103,CAMK1 Inhibition Activity,NP_003647.1
2590,50100120,5329102,CCN(CC)CCNC(=O)C1=C(NC(=C1C)/C=C\2/C3=C(C=CC(=C3)F)NC2=O)C,Active,,,,0.89,104,CAMK4 Inhibition Activity,NP_001735.1
2591,50100120,5329102,CCN(CC)CCNC(=O)C1=C(NC(=C1C)/C=C\2/C3=C(C=CC(=C3)F)NC2=O)C,Active,,,,0.42,105,CAMKK1 Inhibition Activity,NP_115670.1
2592,50100120,5329102,CCN(CC)CCNC(=O)C1=C(NC(=C1C)/C=C\2/C3=C(C=CC(=C3)F)NC2=O)C,Active,,,,1.5,106,CAMKK2 Inhibition Activity,NP_006540.3
2593,50100120,5329102,CCN(CC)CCNC(=O)C1=C(NC(=C1C)/C=C\2/C3=C(C=CC(=C3)F)NC2=O)C,Active,,,,0.02,110,CLK2 Inhibition Activity,NP_003984.2
2594,50100120,5329102,CCN(CC)CCNC(=O)C1=C(NC(=C1C)/C=C\2/C3=C(C=CC(=C3)F)NC2=O)C,Active,,,,0.015,112,CSNK1D Inhibition Activity,NP_620693.1
2595,50100120,5329102,CCN(CC)CCNC(=O)C1=C(NC(=C1C)/C=C\2/C3=C(C=CC(=C3)F)NC2=O)C,Active,,,,0.013,113,CSNK1E Inhibition Activity,NP_001885.1
2596,50100120,5329102,CCN(CC)CCNC(=O)C1=C(NC(=C1C)/C=C\2/C3=C(C=CC(=C3)F)NC2=O)C,Active,,,,0.11,114,CSNK1G2 Inhibition Activity,NP_001310.3
2597,50100120,5329102,CCN(CC)CCNC(=O)C1=C(NC(=C1C)/C=C\2/C3=C(C=CC(=C3)F)NC2=O)C,Active,,,,0.24,115,CSNK1G3 Inhibition Activity,NP_004375.2
2598,50100120,5329102,CCN(CC)CCNC(=O)C1=C(NC(=C1C)/C=C\2/C3=C(C=CC(=C3)F)NC2=O)C,Active,,,,0.022,116,DAPK3 Inhibition Activity,NP_001339.1
2599,50100120,5329102,CCN(CC)CCNC(=O)C1=C(NC(=C1C)/C=C\2/C3=C(C=CC(=C3)F)NC2=O)C,Active,,,,0.1,117,DLK Inhibition Activity,NP_006292.3
2600,50100120,5329102,CCN(CC)CCNC(=O)C1=C(NC(=C1C)/C=C\2/C3=C(C=CC(=C3)F)NC2=O)C,Active,,,,0.48,124,EPHB1 Inhibition Activity,NP_004432.1
2601,50100120,5329102,CCN(CC)CCNC(=O)C1=C(NC(=C1C)/C=C\2/C3=C(C=CC(=C3)F)NC2=O)C,Active,,,,1.1,126,FER Inhibition Activity,NP_005237.2
2602,50100120,5329102,CCN(CC)CCNC(=O)C1=C(NC(=C1C)/C=C\2/C3=C(C=CC(=C3)F)NC2=O)C,Active,,,,0.96,127,FES Inhibition Activity,NP_001996.1
2603,50100120,5329102,CCN(CC)CCNC(=O)C1=C(NC(=C1C)/C=C\2/C3=C(C=CC(=C3)F)NC2=O)C,Active,,,,0.57,128,FGFR2 Inhibition Activity,NP_075259.4
2604,50100120,5329102,CCN(CC)CCNC(=O)C1=C(NC(=C1C)/C=C\2/C3=C(C=CC(=C3)F)NC2=O)C,Active,,,,0.02,129,GAK Inhibition Activity,NP_005246.2
2605,50100120,5329102,CCN(CC)CCNC(=O)C1=C(NC(=C1C)/C=C\2/C3=C(C=CC(=C3)F)NC2=O)C,Active,,,,0.88,130,HCK Inhibition Activity,NP_002101.2
2606,50100120,5329102,CCN(CC)CCNC(=O)C1=C(NC(=C1C)/C=C\2/C3=C(C=CC(=C3)F)NC2=O)C,Active,,,,0.013,131,ITK Inhibition Activity,NP_005537.3
2607,50100120,5329102,CCN(CC)CCNC(=O)C1=C(NC(=C1C)/C=C\2/C3=C(C=CC(=C3)F)NC2=O)C,Active,,,,0.41,132,JAK2(Kin.Dom.2/JH1 - catalytic) Inhibition Activity,NP_004963.1
2608,50100120,5329102,CCN(CC)CCNC(=O)C1=C(NC(=C1C)/C=C\2/C3=C(C=CC(=C3)F)NC2=O)C,Active,,,,1.2,133,JAK3(Kin.Dom.2/JH1 - catalytic) Inhibition Activity,NP_000206.2
2609,50100120,5329102,CCN(CC)CCNC(=O)C1=C(NC(=C1C)/C=C\2/C3=C(C=CC(=C3)F)NC2=O)C,Active,,,,0.63,136,LATS1 Inhibition Activity,NP_004681.1
2610,50100120,5329102,CCN(CC)CCNC(=O)C1=C(NC(=C1C)/C=C\2/C3=C(C=CC(=C3)F)NC2=O)C,Active,,,,0.14,137,MAP4K4 Inhibition Activity,NP_663719.2
2611,50100120,5329102,CCN(CC)CCNC(=O)C1=C(NC(=C1C)/C=C\2/C3=C(C=CC(=C3)F)NC2=O)C,Active,,,,0.35,138,MELK Inhibition Activity,NP_055606.1
2612,50100120,5329102,CCN(CC)CCNC(=O)C1=C(NC(=C1C)/C=C\2/C3=C(C=CC(=C3)F)NC2=O)C,Active,,,,0.049,139,MYLK2 Inhibition Activity,NP_149109.1
2613,50100120,5329102,CCN(CC)CCNC(=O)C1=C(NC(=C1C)/C=C\2/C3=C(C=CC(=C3)F)NC2=O)C,Inactive,,,,4.5,141,MYO3B Inhibition Activity,NP_620482.3
2614,50100120,5329102,CCN(CC)CCNC(=O)C1=C(NC(=C1C)/C=C\2/C3=C(C=CC(=C3)F)NC2=O)C,Active,,,,0.15,144,PCTK1 Inhibition Activity,NP_006192.1
2615,50100120,5329102,CCN(CC)CCNC(=O)C1=C(NC(=C1C)/C=C\2/C3=C(C=CC(=C3)F)NC2=O)C,Active,,,,1.2,145,PCTK2 Inhibition Activity,CAA47004.1
2616,50100120,5329102,CCN(CC)CCNC(=O)C1=C(NC(=C1C)/C=C\2/C3=C(C=CC(=C3)F)NC2=O)C,Active,,,,1.7,146,PCTK3 Inhibition Activity,NP_002587.2
2617,50100120,5329102,CCN(CC)CCNC(=O)C1=C(NC(=C1C)/C=C\2/C3=C(C=CC(=C3)F)NC2=O)C,Active,,,,0.27,147,PFTK1 Inhibition Activity,NP_036527.1
2618,50100120,5329102,CCN(CC)CCNC(=O)C1=C(NC(=C1C)/C=C\2/C3=C(C=CC(=C3)F)NC2=O)C,Inactive,,,,4.3,149,PRKCQ Inhibition Activity,NP_006248.1
2619,50100120,5329102,CCN(CC)CCNC(=O)C1=C(NC(=C1C)/C=C\2/C3=C(C=CC(=C3)F)NC2=O)C,Active,,,,0.31,150,PRKD1 Inhibition Activity,NP_002733.2
2620,50100120,5329102,CCN(CC)CCNC(=O)C1=C(NC(=C1C)/C=C\2/C3=C(C=CC(=C3)F)NC2=O)C,Active,,,,0.38,151,PRKD2 Inhibition Activity,NP_057541.2
2621,50100120,5329102,CCN(CC)CCNC(=O)C1=C(NC(=C1C)/C=C\2/C3=C(C=CC(=C3)F)NC2=O)C,Active,,,,0.28,152,PRKD3 Inhibition Activity,NP_005804.1
2622,50100120,5329102,CCN(CC)CCNC(=O)C1=C(NC(=C1C)/C=C\2/C3=C(C=CC(=C3)F)NC2=O)C,Active,,,,0.67,153,PRKR Inhibition Activity,NP_002750.1
2623,50100120,5329102,CCN(CC)CCNC(=O)C1=C(NC(=C1C)/C=C\2/C3=C(C=CC(=C3)F)NC2=O)C,Active,,,,0.082,154,PTK2B Inhibition Activity,NP_775267.1
2624,50100120,5329102,CCN(CC)CCNC(=O)C1=C(NC(=C1C)/C=C\2/C3=C(C=CC(=C3)F)NC2=O)C,Inactive,,,,8.4,157,RPS6KA2(Kin.Dom.2 - C-terminal) Inhibition Activity,NP_001006933.2
2625,50100120,5329102,CCN(CC)CCNC(=O)C1=C(NC(=C1C)/C=C\2/C3=C(C=CC(=C3)F)NC2=O)C,Inactive,,,,3.2,159,SNF1LK Inhibition Activity,NP_775490.2
2626,50100120,5329102,CCN(CC)CCNC(=O)C1=C(NC(=C1C)/C=C\2/C3=C(C=CC(=C3)F)NC2=O)C,Active,,,,2.1,160,SRC Inhibition Activity,NP_005408.1
2627,50100120,5329102,CCN(CC)CCNC(=O)C1=C(NC(=C1C)/C=C\2/C3=C(C=CC(=C3)F)NC2=O)C,Active,,,,0.025,166,TNIK Inhibition Activity,NP_055843.1
2628,50100120,5329102,CCN(CC)CCNC(=O)C1=C(NC(=C1C)/C=C\2/C3=C(C=CC(=C3)F)NC2=O)C,Active,,,,0.68,167,TNK1 Inhibition Activity,AAH35782.1
2629,50100120,5329102,CCN(CC)CCNC(=O)C1=C(NC(=C1C)/C=C\2/C3=C(C=CC(=C3)F)NC2=O)C,Active,,,,0.063,168,TTK Inhibition Activity,NP_003309.2
2630,50100120,5329102,CCN(CC)CCNC(=O)C1=C(NC(=C1C)/C=C\2/C3=C(C=CC(=C3)F)NC2=O)C,Active,,,,1.6,169,TYK2(Kin.Dom.2/JH1 - catalytic) Inhibition Activity,CAA38449.1
2631,50100120,5329102,CCN(CC)CCNC(=O)C1=C(NC(=C1C)/C=C\2/C3=C(C=CC(=C3)F)NC2=O)C,Active,,,,0.12,170,YES Inhibition Activity,NP_005424.1
2632,50100120,5329102,CCN(CC)CCNC(=O)C1=C(NC(=C1C)/C=C\2/C3=C(C=CC(=C3)F)NC2=O)C,Active,,,,0.29,171,YSK1 Inhibition Activity,NP_006365.2
2633,50100120,5329102,CCN(CC)CCNC(=O)C1=C(NC(=C1C)/C=C\2/C3=C(C=CC(=C3)F)NC2=O)C,Active,,,,0.11,178,MEK2 Inhibition Activity,NP_109587.1
2634,50100120,5329102,CCN(CC)CCNC(=O)C1=C(NC(=C1C)/C=C\2/C3=C(C=CC(=C3)F)NC2=O)C,Active,,,,0.19,179,PLK4 Inhibition Activity,BAB69958.1
2635,50100120,5329102,CCN(CC)CCNC(=O)C1=C(NC(=C1C)/C=C\2/C3=C(C=CC(=C3)F)NC2=O)C,Active,,,,0.44,184,PTK2 Inhibition Activity,NP_722560.1
2636,50100120,5329102,CCN(CC)CCNC(=O)C1=C(NC(=C1C)/C=C\2/C3=C(C=CC(=C3)F)NC2=O)C,Active,,,,0.37,185,DCAMKL1 Inhibition Activity,NP_004725.1
2637,50100120,5329102,CCN(CC)CCNC(=O)C1=C(NC(=C1C)/C=C\2/C3=C(C=CC(=C3)F)NC2=O)C,Active,,,,2.7,186,DCAMKL2 Inhibition Activity,NP_001035351.4
2638,50100120,5329102,CCN(CC)CCNC(=O)C1=C(NC(=C1C)/C=C\2/C3=C(C=CC(=C3)F)NC2=O)C,Active,,,,0.11,187,DCAMKL3 Inhibition Activity,NP_208382.1
2639,50100120,5329102,CCN(CC)CCNC(=O)C1=C(NC(=C1C)/C=C\2/C3=C(C=CC(=C3)F)NC2=O)C,Active,,,,0.001,188,DRAK1 Inhibition Activity,NP_004751.2
2640,50100120,5329102,CCN(CC)CCNC(=O)C1=C(NC(=C1C)/C=C\2/C3=C(C=CC(=C3)F)NC2=O)C,Active,,,,2.3,189,DYRK1B Inhibition Activity,NP_004705.1
2641,50100120,5329102,CCN(CC)CCNC(=O)C1=C(NC(=C1C)/C=C\2/C3=C(C=CC(=C3)F)NC2=O)C,Active,,,,0.94,195,IRAK3 Inhibition Activity,NP_009130.2
2642,50100120,5329102,CCN(CC)CCNC(=O)C1=C(NC(=C1C)/C=C\2/C3=C(C=CC(=C3)F)NC2=O)C,Active,,,,0.023,196,MLCK Inhibition Activity,NP_872299.2
2643,50100120,5329102,CCN(CC)CCNC(=O)C1=C(NC(=C1C)/C=C\2/C3=C(C=CC(=C3)F)NC2=O)C,Active,,,,0.016,197,PAK3 Inhibition Activity,NP_002569.1
2644,50100120,5329102,CCN(CC)CCNC(=O)C1=C(NC(=C1C)/C=C\2/C3=C(C=CC(=C3)F)NC2=O)C,Active,,,,0.0055,198,PHKG1 Inhibition Activity,NP_006204.1
2645,50100120,5329102,CCN(CC)CCNC(=O)C1=C(NC(=C1C)/C=C\2/C3=C(C=CC(=C3)F)NC2=O)C,Active,,,,0.15,199,SNARK Inhibition Activity,NP_112214.2
2646,50100120,5329102,CCN(CC)CCNC(=O)C1=C(NC(=C1C)/C=C\2/C3=C(C=CC(=C3)F)NC2=O)C,Active,,,,0.011,200,AAK1 Inhibition Activity,NP_055726.3
2647,50100120,5329102,CCN(CC)CCNC(=O)C1=C(NC(=C1C)/C=C\2/C3=C(C=CC(=C3)F)NC2=O)C,Active,,,,0.089,201,AMPK-alpha2 Inhibition Activity,NP_006243.2
2648,50100120,5329102,CCN(CC)CCNC(=O)C1=C(NC(=C1C)/C=C\2/C3=C(C=CC(=C3)F)NC2=O)C,Active,,,,0.048,202,ARK5 Inhibition Activity,NP_055655.1
2649,50100120,5329102,CCN(CC)CCNC(=O)C1=C(NC(=C1C)/C=C\2/C3=C(C=CC(=C3)F)NC2=O)C,Active,,,,0.0055,203,BIKE Inhibition Activity,NP_060063.2
2650,50100120,5329102,CCN(CC)CCNC(=O)C1=C(NC(=C1C)/C=C\2/C3=C(C=CC(=C3)F)NC2=O)C,Active,,,,0.3,204,CHEK1 Inhibition Activity,NP_001265.2
2651,50100120,5329102,CCN(CC)CCNC(=O)C1=C(NC(=C1C)/C=C\2/C3=C(C=CC(=C3)F)NC2=O)C,Active,,,,0.081,205,CSNK2A1 Inhibition Activity,NP_001886.1
2652,50100120,5329102,CCN(CC)CCNC(=O)C1=C(NC(=C1C)/C=C\2/C3=C(C=CC(=C3)F)NC2=O)C,Active,,,,0.37,206,CSNK2A2 Inhibition Activity,NP_001887.1
2653,50100120,5329102,CCN(CC)CCNC(=O)C1=C(NC(=C1C)/C=C\2/C3=C(C=CC(=C3)F)NC2=O)C,Active,,,,0.11,207,DRAK2 Inhibition Activity,NP_004217.1
2654,50100120,5329102,CCN(CC)CCNC(=O)C1=C(NC(=C1C)/C=C\2/C3=C(C=CC(=C3)F)NC2=O)C,Active,,,,0.29,208,FGFR3 Inhibition Activity,NP_000133.1
2655,50100120,5329102,CCN(CC)CCNC(=O)C1=C(NC(=C1C)/C=C\2/C3=C(C=CC(=C3)F)NC2=O)C,Active,,,,1.4,209,FGFR3(G697C) Inhibition Activity,NP_000133.1
2656,50100120,5329102,CCN(CC)CCNC(=O)C1=C(NC(=C1C)/C=C\2/C3=C(C=CC(=C3)F)NC2=O)C,Active,,,,0.62,210,IKK-epsilon Inhibition Activity,NP_054721.1
2657,50100120,5329102,CCN(CC)CCNC(=O)C1=C(NC(=C1C)/C=C\2/C3=C(C=CC(=C3)F)NC2=O)C,Active,,,,0.049,211,JAK1(Kin.Dom.1/JH2 - pseudokinase) Inhibition Activity,NP_002218.2
2658,50100120,5329102,CCN(CC)CCNC(=O)C1=C(NC(=C1C)/C=C\2/C3=C(C=CC(=C3)F)NC2=O)C,Active,,,,0.038,212,LKB1 Inhibition Activity,NP_000446.1
2659,50100120,5329102,CCN(CC)CCNC(=O)C1=C(NC(=C1C)/C=C\2/C3=C(C=CC(=C3)F)NC2=O)C,Active,,,,1.2,214,MARK1 Inhibition Activity,CAH72463.1
2660,50100120,5329102,CCN(CC)CCNC(=O)C1=C(NC(=C1C)/C=C\2/C3=C(C=CC(=C3)F)NC2=O)C,Active,,,,0.31,215,MARK2 Inhibition Activity,NP_059672.2
2661,50100120,5329102,CCN(CC)CCNC(=O)C1=C(NC(=C1C)/C=C\2/C3=C(C=CC(=C3)F)NC2=O)C,Active,,,,0.41,216,MARK3 Inhibition Activity,NP_002367.5
2662,50100120,5329102,CCN(CC)CCNC(=O)C1=C(NC(=C1C)/C=C\2/C3=C(C=CC(=C3)F)NC2=O)C,Inactive,,,,3.6,217,MARK4 Inhibition Activity,NP_113605.2
2663,50100120,5329102,CCN(CC)CCNC(=O)C1=C(NC(=C1C)/C=C\2/C3=C(C=CC(=C3)F)NC2=O)C,Active,,,,0.13,218,MEK1 Inhibition Activity,NP_002746.1
2664,50100120,5329102,CCN(CC)CCNC(=O)C1=C(NC(=C1C)/C=C\2/C3=C(C=CC(=C3)F)NC2=O)C,Inactive,,,,3.4,219,MLK1 Inhibition Activity,NP_149132.2
2665,50100120,5329102,CCN(CC)CCNC(=O)C1=C(NC(=C1C)/C=C\2/C3=C(C=CC(=C3)F)NC2=O)C,Active,,,,1.3,220,MLK3 Inhibition Activity,NP_002410.1
2666,50100120,5329102,CCN(CC)CCNC(=O)C1=C(NC(=C1C)/C=C\2/C3=C(C=CC(=C3)F)NC2=O)C,Active,,,,0.063,221,MST3 Inhibition Activity,NP_003567.2
2667,50100120,5329102,CCN(CC)CCNC(=O)C1=C(NC(=C1C)/C=C\2/C3=C(C=CC(=C3)F)NC2=O)C,Active,,,,0.34,222,MST4 Inhibition Activity,NP_057626.2
2668,50100120,5329102,CCN(CC)CCNC(=O)C1=C(NC(=C1C)/C=C\2/C3=C(C=CC(=C3)F)NC2=O)C,Active,,,,0.28,223,MYLK Inhibition Activity,NP_444254.3
2669,50100120,5329102,CCN(CC)CCNC(=O)C1=C(NC(=C1C)/C=C\2/C3=C(C=CC(=C3)F)NC2=O)C,Active,,,,1.4,224,NEK2 Inhibition Activity,NP_002488.1
2670,50100120,5329102,CCN(CC)CCNC(=O)C1=C(NC(=C1C)/C=C\2/C3=C(C=CC(=C3)F)NC2=O)C,Inactive,,,,4.1,226,NEK7 Inhibition Activity,NP_598001.1
2671,50100120,5329102,CCN(CC)CCNC(=O)C1=C(NC(=C1C)/C=C\2/C3=C(C=CC(=C3)F)NC2=O)C,Active,,,,0.0059,228,PHKG2 Inhibition Activity,NP_000285.1
2672,50100120,5329102,CCN(CC)CCNC(=O)C1=C(NC(=C1C)/C=C\2/C3=C(C=CC(=C3)F)NC2=O)C,Inactive,,,,5.4,229,PIP5K1A Inhibition Activity,AAC50911.1
2673,50100120,5329102,CCN(CC)CCNC(=O)C1=C(NC(=C1C)/C=C\2/C3=C(C=CC(=C3)F)NC2=O)C,Active,,,,0.039,230,PIP5K2B Inhibition Activity,NP_003550.1
2674,50100120,5329102,CCN(CC)CCNC(=O)C1=C(NC(=C1C)/C=C\2/C3=C(C=CC(=C3)F)NC2=O)C,Active,,,,0.71,231,PKN1 Inhibition Activity,NP_998725.1
2675,50100120,5329102,CCN(CC)CCNC(=O)C1=C(NC(=C1C)/C=C\2/C3=C(C=CC(=C3)F)NC2=O)C,Active,,,,1.3,232,PKN2 Inhibition Activity,NP_006247.1
2676,50100120,5329102,CCN(CC)CCNC(=O)C1=C(NC(=C1C)/C=C\2/C3=C(C=CC(=C3)F)NC2=O)C,Active,,,,0.035,233,RIOK1 Inhibition Activity,NP_113668.2
2677,50100120,5329102,CCN(CC)CCNC(=O)C1=C(NC(=C1C)/C=C\2/C3=C(C=CC(=C3)F)NC2=O)C,Inactive,,,,3.8,234,RIOK3 Inhibition Activity,NP_003822.2
2678,50100120,5329102,CCN(CC)CCNC(=O)C1=C(NC(=C1C)/C=C\2/C3=C(C=CC(=C3)F)NC2=O)C,Active,,,,0.14,235,RPS6KA1(Kin.Dom.1 - N-terminal) Inhibition Activity,NP_002944.2
2679,50100120,5329102,CCN(CC)CCNC(=O)C1=C(NC(=C1C)/C=C\2/C3=C(C=CC(=C3)F)NC2=O)C,Active,,,,0.017,236,RPS6KA2(Kin.Dom.1 - N-terminal) Inhibition Activity,NP_066958.2
2680,50100120,5329102,CCN(CC)CCNC(=O)C1=C(NC(=C1C)/C=C\2/C3=C(C=CC(=C3)F)NC2=O)C,Active,,,,0.58,237,RPS6KA3(Kin.Dom.1 - N-terminal) Inhibition Activity,NP_004577.1
2681,50100120,5329102,CCN(CC)CCNC(=O)C1=C(NC(=C1C)/C=C\2/C3=C(C=CC(=C3)F)NC2=O)C,Active,,,,2.4,238,RPS6KA6(Kin.Dom.1 - N-terminal) Inhibition Activity,NP_055311.1
2682,50100120,5329102,CCN(CC)CCNC(=O)C1=C(NC(=C1C)/C=C\2/C3=C(C=CC(=C3)F)NC2=O)C,Active,,,,0.58,239,SNF1LK2 Inhibition Activity,NP_056006.1
2683,50100120,5329102,CCN(CC)CCNC(=O)C1=C(NC(=C1C)/C=C\2/C3=C(C=CC(=C3)F)NC2=O)C,Active,,,,0.25,240,SRPK1 Inhibition Activity,NP_003128.3
2684,50100120,5329102,CCN(CC)CCNC(=O)C1=C(NC(=C1C)/C=C\2/C3=C(C=CC(=C3)F)NC2=O)C,Active,,,,0.19,241,SRPK2 Inhibition Activity,AAC05299.1
2685,50100120,5329102,CCN(CC)CCNC(=O)C1=C(NC(=C1C)/C=C\2/C3=C(C=CC(=C3)F)NC2=O)C,Active,,,,0.015,242,SgK085 Inhibition Activity,NP_001012418.2
2686,50100120,5329102,CCN(CC)CCNC(=O)C1=C(NC(=C1C)/C=C\2/C3=C(C=CC(=C3)F)NC2=O)C,Active,,,,0.33,243,TLK2 Inhibition Activity,AAF03095.1
2687,50100120,5329102,CCN(CC)CCNC(=O)C1=C(NC(=C1C)/C=C\2/C3=C(C=CC(=C3)F)NC2=O)C,Active,,,,0.049,244,TYRO3 Inhibition Activity,NP_006284.2
2688,50100120,5329102,CCN(CC)CCNC(=O)C1=C(NC(=C1C)/C=C\2/C3=C(C=CC(=C3)F)NC2=O)C,Active,,,,1.1,245,WEE1 Inhibition Activity,NP_003381.1
2689,50100120,5329102,CCN(CC)CCNC(=O)C1=C(NC(=C1C)/C=C\2/C3=C(C=CC(=C3)F)NC2=O)C,Inactive,,,,5,251,RPS6KA1(Kin.Dom.2 - C-terminal) Inhibition Activity,NP_002944.2
2690,50100120,5329102,CCN(CC)CCNC(=O)C1=C(NC(=C1C)/C=C\2/C3=C(C=CC(=C3)F)NC2=O)C,Inactive,,,,8.9,262,TNK2 Inhibition Activity,NP_001010938.1
2691,50100120,5329102,CCN(CC)CCNC(=O)C1=C(NC(=C1C)/C=C\2/C3=C(C=CC(=C3)F)NC2=O)C,Active,,,,0.51,263,CAMK1D Inhibition Activity,NP_065130.1
2692,50100120,5329102,CCN(CC)CCNC(=O)C1=C(NC(=C1C)/C=C\2/C3=C(C=CC(=C3)F)NC2=O)C,Active,,,,0.55,265,CSNK1A1L Inhibition Activity,NP_660204.2
2693,50100120,5329102,CCN(CC)CCNC(=O)C1=C(NC(=C1C)/C=C\2/C3=C(C=CC(=C3)F)NC2=O)C,Active,,,,2,269,RPS6KA4(Kin.Dom.2 - C-terminal) Inhibition Activity,NP_003933.1
2694,50100120,5329102,CCN(CC)CCNC(=O)C1=C(NC(=C1C)/C=C\2/C3=C(C=CC(=C3)F)NC2=O)C,Active,,,,0.08,270,CAMK2A Inhibition Activity,NP_741960.1
2695,50100120,5329102,CCN(CC)CCNC(=O)C1=C(NC(=C1C)/C=C\2/C3=C(C=CC(=C3)F)NC2=O)C,Active,,,,2.4,274,PIM3 Inhibition Activity,NP_001001852.2
2696,50100120,5329102,CCN(CC)CCNC(=O)C1=C(NC(=C1C)/C=C\2/C3=C(C=CC(=C3)F)NC2=O)C,Active,,,,0.44,277,CAMK1G Inhibition Activity,NP_065172.1
2697,50100120,5329102,CCN(CC)CCNC(=O)C1=C(NC(=C1C)/C=C\2/C3=C(C=CC(=C3)F)NC2=O)C,Active,,,,0.25,280,STK16 Inhibition Activity,CAA06700.1
2698,50100120,5329102,CCN(CC)CCNC(=O)C1=C(NC(=C1C)/C=C\2/C3=C(C=CC(=C3)F)NC2=O)C,Inactive,,,,3.5,281,BRSK1 Inhibition Activity,NP_115806.1
2699,50100120,5329102,CCN(CC)CCNC(=O)C1=C(NC(=C1C)/C=C\2/C3=C(C=CC(=C3)F)NC2=O)C,Active,,,,1.1,282,BRSK2 Inhibition Activity,NP_003948.2
2700,50100120,5329102,CCN(CC)CCNC(=O)C1=C(NC(=C1C)/C=C\2/C3=C(C=CC(=C3)F)NC2=O)C,Active,,,,0.93,283,CSNK1G1 Inhibition Activity,NP_071331.2
2701,50100120,5329102,CCN(CC)CCNC(=O)C1=C(NC(=C1C)/C=C\2/C3=C(C=CC(=C3)F)NC2=O)C,Active,,,,2.3,285,PAK4 Inhibition Activity,NP_001014833.1
2702,50100120,5329102,CCN(CC)CCNC(=O)C1=C(NC(=C1C)/C=C\2/C3=C(C=CC(=C3)F)NC2=O)C,Active,,,,2.4,286,PAK6 Inhibition Activity,NP_064553.1
2703,50100120,5329102,CCN(CC)CCNC(=O)C1=C(NC(=C1C)/C=C\2/C3=C(C=CC(=C3)F)NC2=O)C,Active,,,,0.64,287,PAK7/PAK5 Inhibition Activity,NP_065074.1
2704,50100120,5329102,CCN(CC)CCNC(=O)C1=C(NC(=C1C)/C=C\2/C3=C(C=CC(=C3)F)NC2=O)C,Inactive,,,,3.5,288,PDPK1 Inhibition Activity,NP_002604.1
2705,50100120,5329102,CCN(CC)CCNC(=O)C1=C(NC(=C1C)/C=C\2/C3=C(C=CC(=C3)F)NC2=O)C,Active,,,,0.74,290,TLK1 Inhibition Activity,NP_036422.3
2706,50100120,5329102,CCN(CC)CCNC(=O)C1=C(NC(=C1C)/C=C\2/C3=C(C=CC(=C3)F)NC2=O)C,Active,,,,0.42,292,CAMK2D Inhibition Activity,AAD20442.1
2707,50100120,5329102,CCN(CC)CCNC(=O)C1=C(NC(=C1C)/C=C\2/C3=C(C=CC(=C3)F)NC2=O)C,Active,,,,0.69,293,CAMK2G Inhibition Activity,NP_751913.1
2708,50100120,5329102,CCN(CC)CCNC(=O)C1=C(NC(=C1C)/C=C\2/C3=C(C=CC(=C3)F)NC2=O)C,Active,,,,0.12,294,DAPK1 Inhibition Activity,NP_004929.2
2709,50100120,5329102,CCN(CC)CCNC(=O)C1=C(NC(=C1C)/C=C\2/C3=C(C=CC(=C3)F)NC2=O)C,Active,,,,0.15,296,DAPK2 Inhibition Activity,NP_055141.2
2710,50100120,5329102,CCN(CC)CCNC(=O)C1=C(NC(=C1C)/C=C\2/C3=C(C=CC(=C3)F)NC2=O)C,Active,,,,2.7,300,AKT2 Inhibition Activity,NP_001617.1
2711,50100120,5329102,CCN(CC)CCNC(=O)C1=C(NC(=C1C)/C=C\2/C3=C(C=CC(=C3)F)NC2=O)C,Active,,,,1.4,301,CAMK2B Inhibition Activity,NP_001211.3
2712,50100120,5329102,CCN(CC)CCNC(=O)C1=C(NC(=C1C)/C=C\2/C3=C(C=CC(=C3)F)NC2=O)C,Inactive,,,,6.3,305,TSSK1 Inhibition Activity,NP_114417.1
2713,50100120,5329102,CCN(CC)CCNC(=O)C1=C(NC(=C1C)/C=C\2/C3=C(C=CC(=C3)F)NC2=O)C,Active,,,,0.5,307,INSR Inhibition Activity,NP_000199.2
2714,50100120,5329102,CCN(CC)CCNC(=O)C1=C(NC(=C1C)/C=C\2/C3=C(C=CC(=C3)F)NC2=O)C,Active,,,,0.97,308,NDR2 Inhibition Activity,NP_055815.1
2715,50100120,5329102,CCN(CC)CCNC(=O)C1=C(NC(=C1C)/C=C\2/C3=C(C=CC(=C3)F)NC2=O)C,Active,,,,1.7,309,RPS6KA5(Kin.Dom.2 - C-terminal) Inhibition Activity,NP_004746.2
2716,50100120,5329102,CCN(CC)CCNC(=O)C1=C(NC(=C1C)/C=C\2/C3=C(C=CC(=C3)F)NC2=O)C,Active,,,,2.6,313,IGF1R Inhibition Activity,NP_000866.1
2717,50100121,5494449,CC1=CC(=NN1)NC2=CC(=NC(=N2)SC3=CC=C(C=C3)NC(=O)C4CC4)N5CCN(CC5)C,Active,,,,0.0063,1,ABL1(T315I) Inhibition Activity,NP_005148.2
2718,50100121,5494449,CC1=CC(=NN1)NC2=CC(=NC(=N2)SC3=CC=C(C=C3)NC(=O)C4CC4)N5CCN(CC5)C,Inactive,,,,3.1,2,ALK Inhibition Activity,NP_004295.2
2719,50100121,5494449,CC1=CC(=NN1)NC2=CC(=NC(=N2)SC3=CC=C(C=C3)NC(=O)C4CC4)N5CCN(CC5)C,Active,,,,0.0041,3,AURKA Inhibition Activity,NP_003591.2
2720,50100121,5494449,CC1=CC(=NN1)NC2=CC(=NC(=N2)SC3=CC=C(C=C3)NC(=O)C4CC4)N5CCN(CC5)C,Active,,,,0.0074,4,AURKB Inhibition Activity,AAH00442.3
2721,50100121,5494449,CC1=CC(=NN1)NC2=CC(=NC(=N2)SC3=CC=C(C=C3)NC(=O)C4CC4)N5CCN(CC5)C,Active,,,,0.0063,5,AURKC Inhibition Activity,AAC77369.1
2722,50100121,5494449,CC1=CC(=NN1)NC2=CC(=NC(=N2)SC3=CC=C(C=C3)NC(=O)C4CC4)N5CCN(CC5)C,Active,,,,0.21,6,AXL Inhibition Activity,NP_001690.2
2723,50100121,5494449,CC1=CC(=NN1)NC2=CC(=NC(=N2)SC3=CC=C(C=C3)NC(=O)C4CC4)N5CCN(CC5)C,Inactive,,,,7.1,7,BMPR2 Inhibition Activity,NP_001195.2
2724,50100121,5494449,CC1=CC(=NN1)NC2=CC(=NC(=N2)SC3=CC=C(C=C3)NC(=O)C4CC4)N5CCN(CC5)C,Active,,,,0.29,8,CDC2L1 Inhibition Activity,NP_277023.1
2725,50100121,5494449,CC1=CC(=NN1)NC2=CC(=NC(=N2)SC3=CC=C(C=C3)NC(=O)C4CC4)N5CCN(CC5)C,Active,,,,0.26,9,CDC2L2 Inhibition Activity,NP_076916.2
2726,50100121,5494449,CC1=CC(=NN1)NC2=CC(=NC(=N2)SC3=CC=C(C=C3)NC(=O)C4CC4)N5CCN(CC5)C,Active,,,,1.8,16,CSF1R Inhibition Activity,NP_005202.2
2727,50100121,5494449,CC1=CC(=NN1)NC2=CC(=NC(=N2)SC3=CC=C(C=C3)NC(=O)C4CC4)N5CCN(CC5)C,Active,,,,0.028,17,DDR1 Inhibition Activity,NP_001945.3
2728,50100121,5494449,CC1=CC(=NN1)NC2=CC(=NC(=N2)SC3=CC=C(C=C3)NC(=O)C4CC4)N5CCN(CC5)C,Active,,,,0.23,18,DDR2 Inhibition Activity,CAA52777.1
2729,50100121,5494449,CC1=CC(=NN1)NC2=CC(=NC(=N2)SC3=CC=C(C=C3)NC(=O)C4CC4)N5CCN(CC5)C,Active,,,,1.5,20,EPHA3 Inhibition Activity,NP_005224.2
2730,50100121,5494449,CC1=CC(=NN1)NC2=CC(=NC(=N2)SC3=CC=C(C=C3)NC(=O)C4CC4)N5CCN(CC5)C,Active,,,,1.7,24,EPHB4 Inhibition Activity,NP_004435.3
2731,50100121,5494449,CC1=CC(=NN1)NC2=CC(=NC(=N2)SC3=CC=C(C=C3)NC(=O)C4CC4)N5CCN(CC5)C,Active,,,,0.1,26,FLT1 Inhibition Activity,NP_002010.2
2732,50100121,5494449,CC1=CC(=NN1)NC2=CC(=NC(=N2)SC3=CC=C(C=C3)NC(=O)C4CC4)N5CCN(CC5)C,Active,,,,0.0065,27,FLT3 Inhibition Activity,NP_004110.2
2733,50100121,5494449,CC1=CC(=NN1)NC2=CC(=NC(=N2)SC3=CC=C(C=C3)NC(=O)C4CC4)N5CCN(CC5)C,Active,,,,0.014,28,FLT3(D835H) Inhibition Activity,NP_004110.2
2734,50100121,5494449,CC1=CC(=NN1)NC2=CC(=NC(=N2)SC3=CC=C(C=C3)NC(=O)C4CC4)N5CCN(CC5)C,Active,,,,0.055,29,FLT3(D835Y) Inhibition Activity,NP_004110.2
2735,50100121,5494449,CC1=CC(=NN1)NC2=CC(=NC(=N2)SC3=CC=C(C=C3)NC(=O)C4CC4)N5CCN(CC5)C,Active,,,,0.045,30,FLT3(ITD) Inhibition Activity,NP_004110.2
2736,50100121,5494449,CC1=CC(=NN1)NC2=CC(=NC(=N2)SC3=CC=C(C=C3)NC(=O)C4CC4)N5CCN(CC5)C,Active,,,,0.0043,31,FLT3(N841I) Inhibition Activity,NP_004110.2
2737,50100121,5494449,CC1=CC(=NN1)NC2=CC(=NC(=N2)SC3=CC=C(C=C3)NC(=O)C4CC4)N5CCN(CC5)C,Active,,,,1.9,32,FLT4 Inhibition Activity,CAA49505.1
2738,50100121,5494449,CC1=CC(=NN1)NC2=CC(=NC(=N2)SC3=CC=C(C=C3)NC(=O)C4CC4)N5CCN(CC5)C,Inactive,,,,3.8,33,FRK Inhibition Activity,NP_002022.1
2739,50100121,5494449,CC1=CC(=NN1)NC2=CC(=NC(=N2)SC3=CC=C(C=C3)NC(=O)C4CC4)N5CCN(CC5)C,Active,,,,0.29,34,INSRR Inhibition Activity,NP_055030.1
2740,50100121,5494449,CC1=CC(=NN1)NC2=CC(=NC(=N2)SC3=CC=C(C=C3)NC(=O)C4CC4)N5CCN(CC5)C,Active,,,,0.24,36,KIT Inhibition Activity,NP_000213.1
2741,50100121,5494449,CC1=CC(=NN1)NC2=CC(=NC(=N2)SC3=CC=C(C=C3)NC(=O)C4CC4)N5CCN(CC5)C,Active,,,,0.29,37,KIT(D816V) Inhibition Activity,NP_000213.1
2742,50100121,5494449,CC1=CC(=NN1)NC2=CC(=NC(=N2)SC3=CC=C(C=C3)NC(=O)C4CC4)N5CCN(CC5)C,Active,,,,0.43,38,KIT(V559D T670I) Inhibition Activity,NP_000213.1
2743,50100121,5494449,CC1=CC(=NN1)NC2=CC(=NC(=N2)SC3=CC=C(C=C3)NC(=O)C4CC4)N5CCN(CC5)C,Active,,,,2.3,39,KIT(V559D V654A) Inhibition Activity,NP_000213.1
2744,50100121,5494449,CC1=CC(=NN1)NC2=CC(=NC(=N2)SC3=CC=C(C=C3)NC(=O)C4CC4)N5CCN(CC5)C,Active,,,,0.24,40,KIT(V559D) Inhibition Activity,NP_000213.1
2745,50100121,5494449,CC1=CC(=NN1)NC2=CC(=NC(=N2)SC3=CC=C(C=C3)NC(=O)C4CC4)N5CCN(CC5)C,Active,,,,2.6,42,LIMK2 Inhibition Activity,NP_005560.1
2746,50100121,5494449,CC1=CC(=NN1)NC2=CC(=NC(=N2)SC3=CC=C(C=C3)NC(=O)C4CC4)N5CCN(CC5)C,Active,,,,0.12,43,LOK Inhibition Activity,BAA35073.1
2747,50100121,5494449,CC1=CC(=NN1)NC2=CC(=NC(=N2)SC3=CC=C(C=C3)NC(=O)C4CC4)N5CCN(CC5)C,Inactive,,,,7.5,44,LTK Inhibition Activity,NP_996844.1
2748,50100121,5494449,CC1=CC(=NN1)NC2=CC(=NC(=N2)SC3=CC=C(C=C3)NC(=O)C4CC4)N5CCN(CC5)C,Active,,,,0.072,45,MAP4K1 Inhibition Activity,NP_001036065.1
2749,50100121,5494449,CC1=CC(=NN1)NC2=CC(=NC(=N2)SC3=CC=C(C=C3)NC(=O)C4CC4)N5CCN(CC5)C,Active,,,,0.29,46,MAP4K3 Inhibition Activity,NP_003609.2
2750,50100121,5494449,CC1=CC(=NN1)NC2=CC(=NC(=N2)SC3=CC=C(C=C3)NC(=O)C4CC4)N5CCN(CC5)C,Active,,,,0.083,47,MAP4K5 Inhibition Activity,NP_006566.2
2751,50100121,5494449,CC1=CC(=NN1)NC2=CC(=NC(=N2)SC3=CC=C(C=C3)NC(=O)C4CC4)N5CCN(CC5)C,Active,,,,1.7,48,MERTK Inhibition Activity,AAB60430.1
2752,50100121,5494449,CC1=CC(=NN1)NC2=CC(=NC(=N2)SC3=CC=C(C=C3)NC(=O)C4CC4)N5CCN(CC5)C,Active,,,,0.67,49,MET Inhibition Activity,NP_000236.2
2753,50100121,5494449,CC1=CC(=NN1)NC2=CC(=NC(=N2)SC3=CC=C(C=C3)NC(=O)C4CC4)N5CCN(CC5)C,Active,,,,0.2,52,MST1 Inhibition Activity,NP_006273.1
2754,50100121,5494449,CC1=CC(=NN1)NC2=CC(=NC(=N2)SC3=CC=C(C=C3)NC(=O)C4CC4)N5CCN(CC5)C,Active,,,,0.51,53,MST2 Inhibition Activity,NP_006272.2
2755,50100121,5494449,CC1=CC(=NN1)NC2=CC(=NC(=N2)SC3=CC=C(C=C3)NC(=O)C4CC4)N5CCN(CC5)C,Active,,,,0.3,54,MUSK Inhibition Activity,NP_005583.1
2756,50100121,5494449,CC1=CC(=NN1)NC2=CC(=NC(=N2)SC3=CC=C(C=C3)NC(=O)C4CC4)N5CCN(CC5)C,Active,,,,1.6,55,PDGFRA Inhibition Activity,NP_006197.1
2757,50100121,5494449,CC1=CC(=NN1)NC2=CC(=NC(=N2)SC3=CC=C(C=C3)NC(=O)C4CC4)N5CCN(CC5)C,Active,,,,0.31,56,PDGFRB Inhibition Activity,NP_002600.1
2758,50100121,5494449,CC1=CC(=NN1)NC2=CC(=NC(=N2)SC3=CC=C(C=C3)NC(=O)C4CC4)N5CCN(CC5)C,Active,,,,0.028,59,RET Inhibition Activity,NP_065681.1
2759,50100121,5494449,CC1=CC(=NN1)NC2=CC(=NC(=N2)SC3=CC=C(C=C3)NC(=O)C4CC4)N5CCN(CC5)C,Active,,,,0.026,60,RET(M918T) Inhibition Activity,NP_065681.1
2760,50100121,5494449,CC1=CC(=NN1)NC2=CC(=NC(=N2)SC3=CC=C(C=C3)NC(=O)C4CC4)N5CCN(CC5)C,Active,,,,0.02,61,RIPK1 Inhibition Activity,NP_003795.2
2761,50100121,5494449,CC1=CC(=NN1)NC2=CC(=NC(=N2)SC3=CC=C(C=C3)NC(=O)C4CC4)N5CCN(CC5)C,Active,,,,0.082,64,SLK Inhibition Activity,NP_055535.2
2762,50100121,5494449,CC1=CC(=NN1)NC2=CC(=NC(=N2)SC3=CC=C(C=C3)NC(=O)C4CC4)N5CCN(CC5)C,Active,,,,0.27,66,TIE1 Inhibition Activity,NP_005415.1
2763,50100121,5494449,CC1=CC(=NN1)NC2=CC(=NC(=N2)SC3=CC=C(C=C3)NC(=O)C4CC4)N5CCN(CC5)C,Active,,,,0.45,67,TIE2 Inhibition Activity,NP_000450.2
2764,50100121,5494449,CC1=CC(=NN1)NC2=CC(=NC(=N2)SC3=CC=C(C=C3)NC(=O)C4CC4)N5CCN(CC5)C,Active,,,,0.038,68,TRKA Inhibition Activity,NP_001012331.1
2765,50100121,5494449,CC1=CC(=NN1)NC2=CC(=NC(=N2)SC3=CC=C(C=C3)NC(=O)C4CC4)N5CCN(CC5)C,Active,,,,0.24,69,TRKB Inhibition Activity,NP_006171.2
2766,50100121,5494449,CC1=CC(=NN1)NC2=CC(=NC(=N2)SC3=CC=C(C=C3)NC(=O)C4CC4)N5CCN(CC5)C,Active,,,,0.2,70,TRKC Inhibition Activity,AAA75374.1
2767,50100121,5494449,CC1=CC(=NN1)NC2=CC(=NC(=N2)SC3=CC=C(C=C3)NC(=O)C4CC4)N5CCN(CC5)C,Active,,,,2,71,VEGFR2 Inhibition Activity,NP_002244.1
2768,50100121,5494449,CC1=CC(=NN1)NC2=CC(=NC(=N2)SC3=CC=C(C=C3)NC(=O)C4CC4)N5CCN(CC5)C,Active,,,,0.013,73,ABL1 Inhibition Activity,NP_005148.2
2769,50100121,5494449,CC1=CC(=NN1)NC2=CC(=NC(=N2)SC3=CC=C(C=C3)NC(=O)C4CC4)N5CCN(CC5)C,Active,,,,2.2,74,BLK Inhibition Activity,NP_001706.2
2770,50100121,5494449,CC1=CC(=NN1)NC2=CC(=NC(=N2)SC3=CC=C(C=C3)NC(=O)C4CC4)N5CCN(CC5)C,Active,,,,0.55,84,FGFR1 Inhibition Activity,NP_075593.1
2771,50100121,5494449,CC1=CC(=NN1)NC2=CC(=NC(=N2)SC3=CC=C(C=C3)NC(=O)C4CC4)N5CCN(CC5)C,Inactive,,,,7.2,85,FGFR4 Inhibition Activity,NP_075252.2
2772,50100121,5494449,CC1=CC(=NN1)NC2=CC(=NC(=N2)SC3=CC=C(C=C3)NC(=O)C4CC4)N5CCN(CC5)C,Active,,,,0.79,86,FGR Inhibition Activity,NP_005239.1
2773,50100121,5494449,CC1=CC(=NN1)NC2=CC(=NC(=N2)SC3=CC=C(C=C3)NC(=O)C4CC4)N5CCN(CC5)C,Active,,,,0.53,87,FYN Inhibition Activity,NP_694592.1
2774,50100121,5494449,CC1=CC(=NN1)NC2=CC(=NC(=N2)SC3=CC=C(C=C3)NC(=O)C4CC4)N5CCN(CC5)C,Active,,,,1.9,88,GCN2(Kin.Dom.2 S808G) Inhibition Activity,NP_001013725.2
2775,50100121,5494449,CC1=CC(=NN1)NC2=CC(=NC(=N2)SC3=CC=C(C=C3)NC(=O)C4CC4)N5CCN(CC5)C,Active,,,,0.061,89,LCK Inhibition Activity,NP_005347.3
2776,50100121,5494449,CC1=CC(=NN1)NC2=CC(=NC(=N2)SC3=CC=C(C=C3)NC(=O)C4CC4)N5CCN(CC5)C,Active,,,,0.65,90,LYN Inhibition Activity,NP_002341.1
2777,50100121,5494449,CC1=CC(=NN1)NC2=CC(=NC(=N2)SC3=CC=C(C=C3)NC(=O)C4CC4)N5CCN(CC5)C,Active,,,,2.8,94,ZAK Inhibition Activity,NP_598407.1
2778,50100121,5494449,CC1=CC(=NN1)NC2=CC(=NC(=N2)SC3=CC=C(C=C3)NC(=O)C4CC4)N5CCN(CC5)C,Active,,,,0.045,95,ABL1(E255K) Inhibition Activity,NP_005148.2
2779,50100121,5494449,CC1=CC(=NN1)NC2=CC(=NC(=N2)SC3=CC=C(C=C3)NC(=O)C4CC4)N5CCN(CC5)C,Active,,,,0.0091,96,ABL1(H396P) Inhibition Activity,NP_005148.2
2780,50100121,5494449,CC1=CC(=NN1)NC2=CC(=NC(=N2)SC3=CC=C(C=C3)NC(=O)C4CC4)N5CCN(CC5)C,Active,,,,0.0094,97,ABL1(M351T) Inhibition Activity,NP_005148.2
2781,50100121,5494449,CC1=CC(=NN1)NC2=CC(=NC(=N2)SC3=CC=C(C=C3)NC(=O)C4CC4)N5CCN(CC5)C,Active,,,,0.017,98,ABL1(Q252H) Inhibition Activity,NP_005148.2
2782,50100121,5494449,CC1=CC(=NN1)NC2=CC(=NC(=N2)SC3=CC=C(C=C3)NC(=O)C4CC4)N5CCN(CC5)C,Active,,,,0.023,99,ABL1(Y253F) Inhibition Activity,NP_005148.2
2783,50100121,5494449,CC1=CC(=NN1)NC2=CC(=NC(=N2)SC3=CC=C(C=C3)NC(=O)C4CC4)N5CCN(CC5)C,Active,,,,0.004,100,ABL2 Inhibition Activity,NP_005149.4
2784,50100121,5494449,CC1=CC(=NN1)NC2=CC(=NC(=N2)SC3=CC=C(C=C3)NC(=O)C4CC4)N5CCN(CC5)C,Active,,,,1.1,101,AMPK-alpha1 Inhibition Activity,BAA36547.1
2785,50100121,5494449,CC1=CC(=NN1)NC2=CC(=NC(=N2)SC3=CC=C(C=C3)NC(=O)C4CC4)N5CCN(CC5)C,Inactive,,,,5.6,102,ANKK1 Inhibition Activity,NP_848605.1
2786,50100121,5494449,CC1=CC(=NN1)NC2=CC(=NC(=N2)SC3=CC=C(C=C3)NC(=O)C4CC4)N5CCN(CC5)C,Inactive,,,,4.8,111,CSK Inhibition Activity,NP_004374.1
2787,50100121,5494449,CC1=CC(=NN1)NC2=CC(=NC(=N2)SC3=CC=C(C=C3)NC(=O)C4CC4)N5CCN(CC5)C,Active,,,,0.19,117,DLK Inhibition Activity,NP_006292.3
2788,50100121,5494449,CC1=CC(=NN1)NC2=CC(=NC(=N2)SC3=CC=C(C=C3)NC(=O)C4CC4)N5CCN(CC5)C,Active,,,,0.84,120,EPHA2 Inhibition Activity,NP_004422.2
2789,50100121,5494449,CC1=CC(=NN1)NC2=CC(=NC(=N2)SC3=CC=C(C=C3)NC(=O)C4CC4)N5CCN(CC5)C,Inactive,,,,4.3,121,EPHA4 Inhibition Activity,NP_004429.1
2790,50100121,5494449,CC1=CC(=NN1)NC2=CC(=NC(=N2)SC3=CC=C(C=C3)NC(=O)C4CC4)N5CCN(CC5)C,Active,,,,0.5,123,EPHA8 Inhibition Activity,NP_065387.1
2791,50100121,5494449,CC1=CC(=NN1)NC2=CC(=NC(=N2)SC3=CC=C(C=C3)NC(=O)C4CC4)N5CCN(CC5)C,Active,,,,1.9,124,EPHB1 Inhibition Activity,NP_004432.1
2792,50100121,5494449,CC1=CC(=NN1)NC2=CC(=NC(=N2)SC3=CC=C(C=C3)NC(=O)C4CC4)N5CCN(CC5)C,Active,,,,0.57,128,FGFR2 Inhibition Activity,NP_075259.4
2793,50100121,5494449,CC1=CC(=NN1)NC2=CC(=NC(=N2)SC3=CC=C(C=C3)NC(=O)C4CC4)N5CCN(CC5)C,Inactive,,,,3.2,129,GAK Inhibition Activity,NP_005246.2
2794,50100121,5494449,CC1=CC(=NN1)NC2=CC(=NC(=N2)SC3=CC=C(C=C3)NC(=O)C4CC4)N5CCN(CC5)C,Active,,,,0.35,131,ITK Inhibition Activity,NP_005537.3
2795,50100121,5494449,CC1=CC(=NN1)NC2=CC(=NC(=N2)SC3=CC=C(C=C3)NC(=O)C4CC4)N5CCN(CC5)C,Active,,,,0.19,132,JAK2(Kin.Dom.2/JH1 - catalytic) Inhibition Activity,NP_004963.1
2796,50100121,5494449,CC1=CC(=NN1)NC2=CC(=NC(=N2)SC3=CC=C(C=C3)NC(=O)C4CC4)N5CCN(CC5)C,Active,,,,0.63,133,JAK3(Kin.Dom.2/JH1 - catalytic) Inhibition Activity,NP_000206.2
2797,50100121,5494449,CC1=CC(=NN1)NC2=CC(=NC(=N2)SC3=CC=C(C=C3)NC(=O)C4CC4)N5CCN(CC5)C,Active,,,,2.8,135,JNK3 Inhibition Activity,NP_002744.1
2798,50100121,5494449,CC1=CC(=NN1)NC2=CC(=NC(=N2)SC3=CC=C(C=C3)NC(=O)C4CC4)N5CCN(CC5)C,Inactive,,,,5.5,136,LATS1 Inhibition Activity,NP_004681.1
2799,50100121,5494449,CC1=CC(=NN1)NC2=CC(=NC(=N2)SC3=CC=C(C=C3)NC(=O)C4CC4)N5CCN(CC5)C,Active,,,,2.4,137,MAP4K4 Inhibition Activity,NP_663719.2
2800,50100121,5494449,CC1=CC(=NN1)NC2=CC(=NC(=N2)SC3=CC=C(C=C3)NC(=O)C4CC4)N5CCN(CC5)C,Active,,,,0.24,138,MELK Inhibition Activity,NP_055606.1
2801,50100121,5494449,CC1=CC(=NN1)NC2=CC(=NC(=N2)SC3=CC=C(C=C3)NC(=O)C4CC4)N5CCN(CC5)C,Active,,,,0.043,139,MYLK2 Inhibition Activity,NP_149109.1
2802,50100121,5494449,CC1=CC(=NN1)NC2=CC(=NC(=N2)SC3=CC=C(C=C3)NC(=O)C4CC4)N5CCN(CC5)C,Inactive,,,,4.2,142,NEK5 Inhibition Activity,NP_954983.1
2803,50100121,5494449,CC1=CC(=NN1)NC2=CC(=NC(=N2)SC3=CC=C(C=C3)NC(=O)C4CC4)N5CCN(CC5)C,Active,,,,0.23,144,PCTK1 Inhibition Activity,NP_006192.1
2804,50100121,5494449,CC1=CC(=NN1)NC2=CC(=NC(=N2)SC3=CC=C(C=C3)NC(=O)C4CC4)N5CCN(CC5)C,Active,,,,2.6,154,PTK2B Inhibition Activity,NP_775267.1
2805,50100121,5494449,CC1=CC(=NN1)NC2=CC(=NC(=N2)SC3=CC=C(C=C3)NC(=O)C4CC4)N5CCN(CC5)C,Active,,,,0.61,156,ROS1 Inhibition Activity,NP_002935.2
2806,50100121,5494449,CC1=CC(=NN1)NC2=CC(=NC(=N2)SC3=CC=C(C=C3)NC(=O)C4CC4)N5CCN(CC5)C,Active,,,,2.5,159,SNF1LK Inhibition Activity,NP_775490.2
2807,50100121,5494449,CC1=CC(=NN1)NC2=CC(=NC(=N2)SC3=CC=C(C=C3)NC(=O)C4CC4)N5CCN(CC5)C,Active,,,,0.17,160,SRC Inhibition Activity,NP_005408.1
2808,50100121,5494449,CC1=CC(=NN1)NC2=CC(=NC(=N2)SC3=CC=C(C=C3)NC(=O)C4CC4)N5CCN(CC5)C,Active,,,,1.8,163,SYK Inhibition Activity,NP_003168.2
2809,50100121,5494449,CC1=CC(=NN1)NC2=CC(=NC(=N2)SC3=CC=C(C=C3)NC(=O)C4CC4)N5CCN(CC5)C,Inactive,,,,5.6,164,TESK1 Inhibition Activity,NP_006276.2
2810,50100121,5494449,CC1=CC(=NN1)NC2=CC(=NC(=N2)SC3=CC=C(C=C3)NC(=O)C4CC4)N5CCN(CC5)C,Active,,,,1.8,166,TNIK Inhibition Activity,NP_055843.1
2811,50100121,5494449,CC1=CC(=NN1)NC2=CC(=NC(=N2)SC3=CC=C(C=C3)NC(=O)C4CC4)N5CCN(CC5)C,Active,,,,0.083,167,TNK1 Inhibition Activity,AAH35782.1
2812,50100121,5494449,CC1=CC(=NN1)NC2=CC(=NC(=N2)SC3=CC=C(C=C3)NC(=O)C4CC4)N5CCN(CC5)C,Active,,,,0.47,170,YES Inhibition Activity,NP_005424.1
2813,50100121,5494449,CC1=CC(=NN1)NC2=CC(=NC(=N2)SC3=CC=C(C=C3)NC(=O)C4CC4)N5CCN(CC5)C,Inactive,,,,4.8,171,YSK1 Inhibition Activity,NP_006365.2
2814,50100121,5494449,CC1=CC(=NN1)NC2=CC(=NC(=N2)SC3=CC=C(C=C3)NC(=O)C4CC4)N5CCN(CC5)C,Active,,,,2,178,MEK2 Inhibition Activity,NP_109587.1
2815,50100121,5494449,CC1=CC(=NN1)NC2=CC(=NC(=N2)SC3=CC=C(C=C3)NC(=O)C4CC4)N5CCN(CC5)C,Active,,,,0.0092,179,PLK4 Inhibition Activity,BAB69958.1
2816,50100121,5494449,CC1=CC(=NN1)NC2=CC(=NC(=N2)SC3=CC=C(C=C3)NC(=O)C4CC4)N5CCN(CC5)C,Active,,,,1,181,EPHA1 Inhibition Activity,NP_005223.4
2817,50100121,5494449,CC1=CC(=NN1)NC2=CC(=NC(=N2)SC3=CC=C(C=C3)NC(=O)C4CC4)N5CCN(CC5)C,Inactive,,,,3.6,187,DCAMKL3 Inhibition Activity,NP_208382.1
2818,50100121,5494449,CC1=CC(=NN1)NC2=CC(=NC(=N2)SC3=CC=C(C=C3)NC(=O)C4CC4)N5CCN(CC5)C,Inactive,,,,5.6,195,IRAK3 Inhibition Activity,NP_009130.2
2819,50100121,5494449,CC1=CC(=NN1)NC2=CC(=NC(=N2)SC3=CC=C(C=C3)NC(=O)C4CC4)N5CCN(CC5)C,Active,,,,0.015,196,MLCK Inhibition Activity,NP_872299.2
2820,50100121,5494449,CC1=CC(=NN1)NC2=CC(=NC(=N2)SC3=CC=C(C=C3)NC(=O)C4CC4)N5CCN(CC5)C,Inactive,,,,3.3,197,PAK3 Inhibition Activity,NP_002569.1
2821,50100121,5494449,CC1=CC(=NN1)NC2=CC(=NC(=N2)SC3=CC=C(C=C3)NC(=O)C4CC4)N5CCN(CC5)C,Active,,,,2.2,198,PHKG1 Inhibition Activity,NP_006204.1
2822,50100121,5494449,CC1=CC(=NN1)NC2=CC(=NC(=N2)SC3=CC=C(C=C3)NC(=O)C4CC4)N5CCN(CC5)C,Active,,,,0.53,199,SNARK Inhibition Activity,NP_112214.2
2823,50100121,5494449,CC1=CC(=NN1)NC2=CC(=NC(=N2)SC3=CC=C(C=C3)NC(=O)C4CC4)N5CCN(CC5)C,Active,,,,0.29,200,AAK1 Inhibition Activity,NP_055726.3
2824,50100121,5494449,CC1=CC(=NN1)NC2=CC(=NC(=N2)SC3=CC=C(C=C3)NC(=O)C4CC4)N5CCN(CC5)C,Active,,,,0.35,201,AMPK-alpha2 Inhibition Activity,NP_006243.2
2825,50100121,5494449,CC1=CC(=NN1)NC2=CC(=NC(=N2)SC3=CC=C(C=C3)NC(=O)C4CC4)N5CCN(CC5)C,Active,,,,0.2,202,ARK5 Inhibition Activity,NP_055655.1
2826,50100121,5494449,CC1=CC(=NN1)NC2=CC(=NC(=N2)SC3=CC=C(C=C3)NC(=O)C4CC4)N5CCN(CC5)C,Active,,,,0.065,203,BIKE Inhibition Activity,NP_060063.2
2827,50100121,5494449,CC1=CC(=NN1)NC2=CC(=NC(=N2)SC3=CC=C(C=C3)NC(=O)C4CC4)N5CCN(CC5)C,Active,,,,0.4,205,CSNK2A1 Inhibition Activity,NP_001886.1
2828,50100121,5494449,CC1=CC(=NN1)NC2=CC(=NC(=N2)SC3=CC=C(C=C3)NC(=O)C4CC4)N5CCN(CC5)C,Active,,,,0.4,206,CSNK2A2 Inhibition Activity,NP_001887.1
2829,50100121,5494449,CC1=CC(=NN1)NC2=CC(=NC(=N2)SC3=CC=C(C=C3)NC(=O)C4CC4)N5CCN(CC5)C,Active,,,,0.86,208,FGFR3 Inhibition Activity,NP_000133.1
2830,50100121,5494449,CC1=CC(=NN1)NC2=CC(=NC(=N2)SC3=CC=C(C=C3)NC(=O)C4CC4)N5CCN(CC5)C,Active,,,,0.82,209,FGFR3(G697C) Inhibition Activity,NP_000133.1
2831,50100121,5494449,CC1=CC(=NN1)NC2=CC(=NC(=N2)SC3=CC=C(C=C3)NC(=O)C4CC4)N5CCN(CC5)C,Active,,,,2.6,210,IKK-epsilon Inhibition Activity,NP_054721.1
2832,50100121,5494449,CC1=CC(=NN1)NC2=CC(=NC(=N2)SC3=CC=C(C=C3)NC(=O)C4CC4)N5CCN(CC5)C,Active,,,,1.3,212,LKB1 Inhibition Activity,NP_000446.1
2833,50100121,5494449,CC1=CC(=NN1)NC2=CC(=NC(=N2)SC3=CC=C(C=C3)NC(=O)C4CC4)N5CCN(CC5)C,Active,,,,2.5,213,MAP3K4 Inhibition Activity,NP_005913.2
2834,50100121,5494449,CC1=CC(=NN1)NC2=CC(=NC(=N2)SC3=CC=C(C=C3)NC(=O)C4CC4)N5CCN(CC5)C,Inactive,,,,4.9,214,MARK1 Inhibition Activity,CAH72463.1
2835,50100121,5494449,CC1=CC(=NN1)NC2=CC(=NC(=N2)SC3=CC=C(C=C3)NC(=O)C4CC4)N5CCN(CC5)C,Active,,,,1.4,215,MARK2 Inhibition Activity,NP_059672.2
2836,50100121,5494449,CC1=CC(=NN1)NC2=CC(=NC(=N2)SC3=CC=C(C=C3)NC(=O)C4CC4)N5CCN(CC5)C,Active,,,,2.5,216,MARK3 Inhibition Activity,NP_002367.5
2837,50100121,5494449,CC1=CC(=NN1)NC2=CC(=NC(=N2)SC3=CC=C(C=C3)NC(=O)C4CC4)N5CCN(CC5)C,Inactive,,,,4.9,217,MARK4 Inhibition Activity,NP_113605.2
2838,50100121,5494449,CC1=CC(=NN1)NC2=CC(=NC(=N2)SC3=CC=C(C=C3)NC(=O)C4CC4)N5CCN(CC5)C,Active,,,,1.8,218,MEK1 Inhibition Activity,NP_002746.1
2839,50100121,5494449,CC1=CC(=NN1)NC2=CC(=NC(=N2)SC3=CC=C(C=C3)NC(=O)C4CC4)N5CCN(CC5)C,Active,,,,0.39,219,MLK1 Inhibition Activity,NP_149132.2
2840,50100121,5494449,CC1=CC(=NN1)NC2=CC(=NC(=N2)SC3=CC=C(C=C3)NC(=O)C4CC4)N5CCN(CC5)C,Active,,,,0.68,220,MLK3 Inhibition Activity,NP_002410.1
2841,50100121,5494449,CC1=CC(=NN1)NC2=CC(=NC(=N2)SC3=CC=C(C=C3)NC(=O)C4CC4)N5CCN(CC5)C,Inactive,,,,3.6,221,MST3 Inhibition Activity,NP_003567.2
2842,50100121,5494449,CC1=CC(=NN1)NC2=CC(=NC(=N2)SC3=CC=C(C=C3)NC(=O)C4CC4)N5CCN(CC5)C,Active,,,,0.13,229,PIP5K1A Inhibition Activity,AAC50911.1
2843,50100121,5494449,CC1=CC(=NN1)NC2=CC(=NC(=N2)SC3=CC=C(C=C3)NC(=O)C4CC4)N5CCN(CC5)C,Active,,,,0.14,230,PIP5K2B Inhibition Activity,NP_003550.1
2844,50100121,5494449,CC1=CC(=NN1)NC2=CC(=NC(=N2)SC3=CC=C(C=C3)NC(=O)C4CC4)N5CCN(CC5)C,Active,,,,1.5,231,PKN1 Inhibition Activity,NP_998725.1
2845,50100121,5494449,CC1=CC(=NN1)NC2=CC(=NC(=N2)SC3=CC=C(C=C3)NC(=O)C4CC4)N5CCN(CC5)C,Active,,,,0.36,233,RIOK1 Inhibition Activity,NP_113668.2
2846,50100121,5494449,CC1=CC(=NN1)NC2=CC(=NC(=N2)SC3=CC=C(C=C3)NC(=O)C4CC4)N5CCN(CC5)C,Active,,,,0.6,234,RIOK3 Inhibition Activity,NP_003822.2
2847,50100121,5494449,CC1=CC(=NN1)NC2=CC(=NC(=N2)SC3=CC=C(C=C3)NC(=O)C4CC4)N5CCN(CC5)C,Active,,,,2,236,RPS6KA2(Kin.Dom.1 - N-terminal) Inhibition Activity,NP_066958.2
2848,50100121,5494449,CC1=CC(=NN1)NC2=CC(=NC(=N2)SC3=CC=C(C=C3)NC(=O)C4CC4)N5CCN(CC5)C,Inactive,,,,6.4,237,RPS6KA3(Kin.Dom.1 - N-terminal) Inhibition Activity,NP_004577.1
2849,50100121,5494449,CC1=CC(=NN1)NC2=CC(=NC(=N2)SC3=CC=C(C=C3)NC(=O)C4CC4)N5CCN(CC5)C,Active,,,,1.7,239,SNF1LK2 Inhibition Activity,NP_056006.1
2850,50100121,5494449,CC1=CC(=NN1)NC2=CC(=NC(=N2)SC3=CC=C(C=C3)NC(=O)C4CC4)N5CCN(CC5)C,Active,,,,0.082,240,SRPK1 Inhibition Activity,NP_003128.3
2851,50100121,5494449,CC1=CC(=NN1)NC2=CC(=NC(=N2)SC3=CC=C(C=C3)NC(=O)C4CC4)N5CCN(CC5)C,Active,,,,0.68,241,SRPK2 Inhibition Activity,AAC05299.1
2852,50100121,5494449,CC1=CC(=NN1)NC2=CC(=NC(=N2)SC3=CC=C(C=C3)NC(=O)C4CC4)N5CCN(CC5)C,Active,,,,2.2,242,SgK085 Inhibition Activity,NP_001012418.2
2853,50100121,5494449,CC1=CC(=NN1)NC2=CC(=NC(=N2)SC3=CC=C(C=C3)NC(=O)C4CC4)N5CCN(CC5)C,Inactive,,,,3.2,245,WEE1 Inhibition Activity,NP_003381.1
2854,50100121,5494449,CC1=CC(=NN1)NC2=CC(=NC(=N2)SC3=CC=C(C=C3)NC(=O)C4CC4)N5CCN(CC5)C,Active,,,,1.9,246,ACVR1 Inhibition Activity,NP_001096.1
2855,50100121,5494449,CC1=CC(=NN1)NC2=CC(=NC(=N2)SC3=CC=C(C=C3)NC(=O)C4CC4)N5CCN(CC5)C,Active,,,,2.6,249,BMX Inhibition Activity,NP_001712.1
2856,50100121,5494449,CC1=CC(=NN1)NC2=CC(=NC(=N2)SC3=CC=C(C=C3)NC(=O)C4CC4)N5CCN(CC5)C,Inactive,,,,4.4,250,BTK Inhibition Activity,NP_000052.1
2857,50100121,5494449,CC1=CC(=NN1)NC2=CC(=NC(=N2)SC3=CC=C(C=C3)NC(=O)C4CC4)N5CCN(CC5)C,Active,,,,2.7,254,TXK Inhibition Activity,NP_003319.2
2858,50100121,5494449,CC1=CC(=NN1)NC2=CC(=NC(=N2)SC3=CC=C(C=C3)NC(=O)C4CC4)N5CCN(CC5)C,Active,,,,2.6,260,LIMK1 Inhibition Activity,NP_002305.1
2859,50100121,5494449,CC1=CC(=NN1)NC2=CC(=NC(=N2)SC3=CC=C(C=C3)NC(=O)C4CC4)N5CCN(CC5)C,Inactive,,,,4.4,262,TNK2 Inhibition Activity,NP_001010938.1
2860,50100121,5494449,CC1=CC(=NN1)NC2=CC(=NC(=N2)SC3=CC=C(C=C3)NC(=O)C4CC4)N5CCN(CC5)C,Inactive,,,,4.9,263,CAMK1D Inhibition Activity,NP_065130.1
2861,50100121,5494449,CC1=CC(=NN1)NC2=CC(=NC(=N2)SC3=CC=C(C=C3)NC(=O)C4CC4)N5CCN(CC5)C,Inactive,,,,4.4,267,PAK1 Inhibition Activity,NP_002567.3
2862,50100121,5494449,CC1=CC(=NN1)NC2=CC(=NC(=N2)SC3=CC=C(C=C3)NC(=O)C4CC4)N5CCN(CC5)C,Active,,,,1.8,271,MLK2 Inhibition Activity,NP_002437.2
2863,50100121,5494449,CC1=CC(=NN1)NC2=CC(=NC(=N2)SC3=CC=C(C=C3)NC(=O)C4CC4)N5CCN(CC5)C,Active,,,,2.6,279,MEK6 Inhibition Activity,NP_002749.2
2864,50100121,5494449,CC1=CC(=NN1)NC2=CC(=NC(=N2)SC3=CC=C(C=C3)NC(=O)C4CC4)N5CCN(CC5)C,Active,,,,0.61,280,STK16 Inhibition Activity,CAA06700.1
2865,50100121,5494449,CC1=CC(=NN1)NC2=CC(=NC(=N2)SC3=CC=C(C=C3)NC(=O)C4CC4)N5CCN(CC5)C,Inactive,,,,4.3,285,PAK4 Inhibition Activity,NP_001014833.1
2866,50100121,5494449,CC1=CC(=NN1)NC2=CC(=NC(=N2)SC3=CC=C(C=C3)NC(=O)C4CC4)N5CCN(CC5)C,Inactive,,,,3.3,287,PAK7/PAK5 Inhibition Activity,NP_065074.1
2867,50100121,5494449,CC1=CC(=NN1)NC2=CC(=NC(=N2)SC3=CC=C(C=C3)NC(=O)C4CC4)N5CCN(CC5)C,Inactive,,,,5.7,302,PAK2 Inhibition Activity,NP_002568.2
2868,50100121,5494449,CC1=CC(=NN1)NC2=CC(=NC(=N2)SC3=CC=C(C=C3)NC(=O)C4CC4)N5CCN(CC5)C,Active,,,,0.63,307,INSR Inhibition Activity,NP_000199.2
2869,50100121,5494449,CC1=CC(=NN1)NC2=CC(=NC(=N2)SC3=CC=C(C=C3)NC(=O)C4CC4)N5CCN(CC5)C,Active,,,,0.74,313,IGF1R Inhibition Activity,NP_000866.1
2870,50100122,3038525,C1=CC(=C(C(=C1)Cl)C2=C3C=CC(=NN3C=NC2=O)SC4=C(C=C(C=C4)F)F)Cl,Active,,,,2.6,16,CSF1R Inhibition Activity,NP_005202.2
2871,50100122,3038525,C1=CC(=C(C(=C1)Cl)C2=C3C=CC(=NN3C=NC2=O)SC4=C(C=C(C=C4)F)F)Cl,Active,,,,1.1,17,DDR1 Inhibition Activity,NP_001945.3
2872,50100122,3038525,C1=CC(=C(C(=C1)Cl)C2=C3C=CC(=NN3C=NC2=O)SC4=C(C=C(C=C4)F)F)Cl,Inactive,,,,8.4,56,PDGFRB Inhibition Activity,NP_002600.1
2873,50100122,3038525,C1=CC(=C(C(=C1)Cl)C2=C3C=CC(=NN3C=NC2=O)SC4=C(C=C(C=C4)F)F)Cl,Active,,,,0.73,73,ABL1 Inhibition Activity,NP_005148.2
2874,50100122,3038525,C1=CC(=C(C(=C1)Cl)C2=C3C=CC(=NN3C=NC2=O)SC4=C(C=C(C=C4)F)F)Cl,Inactive,,,,3.1,74,BLK Inhibition Activity,NP_001706.2
2875,50100122,3038525,C1=CC(=C(C(=C1)Cl)C2=C3C=CC(=NN3C=NC2=O)SC4=C(C=C(C=C4)F)F)Cl,Active,,,,1.3,86,FGR Inhibition Activity,NP_005239.1
2876,50100122,3038525,C1=CC(=C(C(=C1)Cl)C2=C3C=CC(=NN3C=NC2=O)SC4=C(C=C(C=C4)F)F)Cl,Active,,,,2.1,87,FYN Inhibition Activity,NP_694592.1
2877,50100122,3038525,C1=CC(=C(C(=C1)Cl)C2=C3C=CC(=NN3C=NC2=O)SC4=C(C=C(C=C4)F)F)Cl,Inactive,,,,4.6,89,LCK Inhibition Activity,NP_005347.3
2878,50100122,3038525,C1=CC(=C(C(=C1)Cl)C2=C3C=CC(=NN3C=NC2=O)SC4=C(C=C(C=C4)F)F)Cl,Active,,,,1.7,90,LYN Inhibition Activity,NP_002341.1
2879,50100122,3038525,C1=CC(=C(C(=C1)Cl)C2=C3C=CC(=NN3C=NC2=O)SC4=C(C=C(C=C4)F)F)Cl,Active,,,,2.3,96,ABL1(H396P) Inhibition Activity,NP_005148.2
2880,50100122,3038525,C1=CC(=C(C(=C1)Cl)C2=C3C=CC(=NN3C=NC2=O)SC4=C(C=C(C=C4)F)F)Cl,Active,,,,1.5,97,ABL1(M351T) Inhibition Activity,NP_005148.2
2881,50100122,3038525,C1=CC(=C(C(=C1)Cl)C2=C3C=CC(=NN3C=NC2=O)SC4=C(C=C(C=C4)F)F)Cl,Active,,,,2.2,98,ABL1(Q252H) Inhibition Activity,NP_005148.2
2882,50100122,3038525,C1=CC(=C(C(=C1)Cl)C2=C3C=CC(=NN3C=NC2=O)SC4=C(C=C(C=C4)F)F)Cl,Active,,,,1.2,99,ABL1(Y253F) Inhibition Activity,NP_005148.2
2883,50100122,3038525,C1=CC(=C(C(=C1)Cl)C2=C3C=CC(=NN3C=NC2=O)SC4=C(C=C(C=C4)F)F)Cl,Active,,,,1.9,100,ABL2 Inhibition Activity,NP_005149.4
2884,50100122,3038525,C1=CC(=C(C(=C1)Cl)C2=C3C=CC(=NN3C=NC2=O)SC4=C(C=C(C=C4)F)F)Cl,Inactive,,,,5.5,160,SRC Inhibition Activity,NP_005408.1
2885,50100122,3038525,C1=CC(=C(C(=C1)Cl)C2=C3C=CC(=NN3C=NC2=O)SC4=C(C=C(C=C4)F)F)Cl,Active,,,,1.6,170,YES Inhibition Activity,NP_005424.1
2886,50100122,3038525,C1=CC(=C(C(=C1)Cl)C2=C3C=CC(=NN3C=NC2=O)SC4=C(C=C(C=C4)F)F)Cl,Active,,,,0.0028,172,p38-alpha Inhibition Activity,NP_620581.1
2887,50100122,3038525,C1=CC(=C(C(=C1)Cl)C2=C3C=CC(=NN3C=NC2=O)SC4=C(C=C(C=C4)F)F)Cl,Active,,,,0.074,173,p38-beta Inhibition Activity,NP_002742.3
2888,50100123,3081361,CN1CCC(CC1)COC2=C(C=C3C(=C2)N=CN=C3NC4=C(C=C(C=C4)Br)F)OC,Active,,,,0.078,1,ABL1(T315I) Inhibition Activity,NP_005148.2
2889,50100123,3081361,CN1CCC(CC1)COC2=C(C=C3C(=C2)N=CN=C3NC4=C(C=C(C=C4)Br)F)OC,Active,,,,2.1,2,ALK Inhibition Activity,NP_004295.2
2890,50100123,3081361,CN1CCC(CC1)COC2=C(C=C3C(=C2)N=CN=C3NC4=C(C=C(C=C4)Br)F)OC,Active,,,,1.5,5,AURKC Inhibition Activity,AAC77369.1
2891,50100123,3081361,CN1CCC(CC1)COC2=C(C=C3C(=C2)N=CN=C3NC4=C(C=C(C=C4)Br)F)OC,Active,,,,0.25,6,AXL Inhibition Activity,NP_001690.2
2892,50100123,3081361,CN1CCC(CC1)COC2=C(C=C3C(=C2)N=CN=C3NC4=C(C=C(C=C4)Br)F)OC,Active,,,,1.2,16,CSF1R Inhibition Activity,NP_005202.2
2893,50100123,3081361,CN1CCC(CC1)COC2=C(C=C3C(=C2)N=CN=C3NC4=C(C=C(C=C4)Br)F)OC,Active,,,,0.011,17,DDR1 Inhibition Activity,NP_001945.3
2894,50100123,3081361,CN1CCC(CC1)COC2=C(C=C3C(=C2)N=CN=C3NC4=C(C=C(C=C4)Br)F)OC,Active,,,,0.32,18,DDR2 Inhibition Activity,CAA52777.1
2895,50100123,3081361,CN1CCC(CC1)COC2=C(C=C3C(=C2)N=CN=C3NC4=C(C=C(C=C4)Br)F)OC,Active,,,,0.0096,19,EGFR(G719C) Inhibition Activity,NP_005219.2
2896,50100123,3081361,CN1CCC(CC1)COC2=C(C=C3C(=C2)N=CN=C3NC4=C(C=C(C=C4)Br)F)OC,Active,,,,2,20,EPHA3 Inhibition Activity,NP_005224.2
2897,50100123,3081361,CN1CCC(CC1)COC2=C(C=C3C(=C2)N=CN=C3NC4=C(C=C(C=C4)Br)F)OC,Active,,,,0.05,21,EPHA6 Inhibition Activity,NP_001073917.2
2898,50100123,3081361,CN1CCC(CC1)COC2=C(C=C3C(=C2)N=CN=C3NC4=C(C=C(C=C4)Br)F)OC,Active,,,,2.4,22,EPHA7 Inhibition Activity,NP_004431.1
2899,50100123,3081361,CN1CCC(CC1)COC2=C(C=C3C(=C2)N=CN=C3NC4=C(C=C(C=C4)Br)F)OC,Active,,,,0.52,24,EPHB4 Inhibition Activity,NP_004435.3
2900,50100123,3081361,CN1CCC(CC1)COC2=C(C=C3C(=C2)N=CN=C3NC4=C(C=C(C=C4)Br)F)OC,Active,,,,0.26,26,FLT1 Inhibition Activity,NP_002010.2
2901,50100123,3081361,CN1CCC(CC1)COC2=C(C=C3C(=C2)N=CN=C3NC4=C(C=C(C=C4)Br)F)OC,Active,,,,0.85,27,FLT3 Inhibition Activity,NP_004110.2
2902,50100123,3081361,CN1CCC(CC1)COC2=C(C=C3C(=C2)N=CN=C3NC4=C(C=C(C=C4)Br)F)OC,Active,,,,0.56,28,FLT3(D835H) Inhibition Activity,NP_004110.2
2903,50100123,3081361,CN1CCC(CC1)COC2=C(C=C3C(=C2)N=CN=C3NC4=C(C=C(C=C4)Br)F)OC,Active,,,,0.83,29,FLT3(D835Y) Inhibition Activity,NP_004110.2
2904,50100123,3081361,CN1CCC(CC1)COC2=C(C=C3C(=C2)N=CN=C3NC4=C(C=C(C=C4)Br)F)OC,Active,,,,1.8,30,FLT3(ITD) Inhibition Activity,NP_004110.2
2905,50100123,3081361,CN1CCC(CC1)COC2=C(C=C3C(=C2)N=CN=C3NC4=C(C=C(C=C4)Br)F)OC,Active,,,,1.2,31,FLT3(N841I) Inhibition Activity,NP_004110.2
2906,50100123,3081361,CN1CCC(CC1)COC2=C(C=C3C(=C2)N=CN=C3NC4=C(C=C(C=C4)Br)F)OC,Active,,,,1.1,32,FLT4 Inhibition Activity,CAA49505.1
2907,50100123,3081361,CN1CCC(CC1)COC2=C(C=C3C(=C2)N=CN=C3NC4=C(C=C(C=C4)Br)F)OC,Active,,,,0.17,33,FRK Inhibition Activity,NP_002022.1
2908,50100123,3081361,CN1CCC(CC1)COC2=C(C=C3C(=C2)N=CN=C3NC4=C(C=C(C=C4)Br)F)OC,Active,,,,0.26,36,KIT Inhibition Activity,NP_000213.1
2909,50100123,3081361,CN1CCC(CC1)COC2=C(C=C3C(=C2)N=CN=C3NC4=C(C=C(C=C4)Br)F)OC,Active,,,,0.29,37,KIT(D816V) Inhibition Activity,NP_000213.1
2910,50100123,3081361,CN1CCC(CC1)COC2=C(C=C3C(=C2)N=CN=C3NC4=C(C=C(C=C4)Br)F)OC,Active,,,,2,38,KIT(V559D T670I) Inhibition Activity,NP_000213.1
2911,50100123,3081361,CN1CCC(CC1)COC2=C(C=C3C(=C2)N=CN=C3NC4=C(C=C(C=C4)Br)F)OC,Active,,,,0.56,39,KIT(V559D V654A) Inhibition Activity,NP_000213.1
2912,50100123,3081361,CN1CCC(CC1)COC2=C(C=C3C(=C2)N=CN=C3NC4=C(C=C(C=C4)Br)F)OC,Active,,,,0.18,40,KIT(V559D) Inhibition Activity,NP_000213.1
2913,50100123,3081361,CN1CCC(CC1)COC2=C(C=C3C(=C2)N=CN=C3NC4=C(C=C(C=C4)Br)F)OC,Active,,,,0.081,43,LOK Inhibition Activity,BAA35073.1
2914,50100123,3081361,CN1CCC(CC1)COC2=C(C=C3C(=C2)N=CN=C3NC4=C(C=C(C=C4)Br)F)OC,Active,,,,0.55,44,LTK Inhibition Activity,NP_996844.1
2915,50100123,3081361,CN1CCC(CC1)COC2=C(C=C3C(=C2)N=CN=C3NC4=C(C=C(C=C4)Br)F)OC,Active,,,,1.5,46,MAP4K3 Inhibition Activity,NP_003609.2
2916,50100123,3081361,CN1CCC(CC1)COC2=C(C=C3C(=C2)N=CN=C3NC4=C(C=C(C=C4)Br)F)OC,Active,,,,0.45,47,MAP4K5 Inhibition Activity,NP_006566.2
2917,50100123,3081361,CN1CCC(CC1)COC2=C(C=C3C(=C2)N=CN=C3NC4=C(C=C(C=C4)Br)F)OC,Active,,,,1.4,48,MERTK Inhibition Activity,AAB60430.1
2918,50100123,3081361,CN1CCC(CC1)COC2=C(C=C3C(=C2)N=CN=C3NC4=C(C=C(C=C4)Br)F)OC,Inactive,,,,5.7,49,MET Inhibition Activity,NP_000236.2
2919,50100123,3081361,CN1CCC(CC1)COC2=C(C=C3C(=C2)N=CN=C3NC4=C(C=C(C=C4)Br)F)OC,Active,,,,0.36,50,MKNK1 Inhibition Activity,CAI14764.1
2920,50100123,3081361,CN1CCC(CC1)COC2=C(C=C3C(=C2)N=CN=C3NC4=C(C=C(C=C4)Br)F)OC,Active,,,,1.7,51,MKNK2 Inhibition Activity,AAF17226.1
2921,50100123,3081361,CN1CCC(CC1)COC2=C(C=C3C(=C2)N=CN=C3NC4=C(C=C(C=C4)Br)F)OC,Active,,,,0.23,55,PDGFRA Inhibition Activity,NP_006197.1
2922,50100123,3081361,CN1CCC(CC1)COC2=C(C=C3C(=C2)N=CN=C3NC4=C(C=C(C=C4)Br)F)OC,Active,,,,0.088,56,PDGFRB Inhibition Activity,NP_002600.1
2923,50100123,3081361,CN1CCC(CC1)COC2=C(C=C3C(=C2)N=CN=C3NC4=C(C=C(C=C4)Br)F)OC,Active,,,,0.034,59,RET Inhibition Activity,NP_065681.1
2924,50100123,3081361,CN1CCC(CC1)COC2=C(C=C3C(=C2)N=CN=C3NC4=C(C=C(C=C4)Br)F)OC,Active,,,,0.014,60,RET(M918T) Inhibition Activity,NP_065681.1
2925,50100123,3081361,CN1CCC(CC1)COC2=C(C=C3C(=C2)N=CN=C3NC4=C(C=C(C=C4)Br)F)OC,Active,,,,0.095,64,SLK Inhibition Activity,NP_055535.2
2926,50100123,3081361,CN1CCC(CC1)COC2=C(C=C3C(=C2)N=CN=C3NC4=C(C=C(C=C4)Br)F)OC,Active,,,,1.4,65,STK33 Inhibition Activity,NP_112168.1
2927,50100123,3081361,CN1CCC(CC1)COC2=C(C=C3C(=C2)N=CN=C3NC4=C(C=C(C=C4)Br)F)OC,Active,,,,1.5,66,TIE1 Inhibition Activity,NP_005415.1
2928,50100123,3081361,CN1CCC(CC1)COC2=C(C=C3C(=C2)N=CN=C3NC4=C(C=C(C=C4)Br)F)OC,Active,,,,1,67,TIE2 Inhibition Activity,NP_000450.2
2929,50100123,3081361,CN1CCC(CC1)COC2=C(C=C3C(=C2)N=CN=C3NC4=C(C=C(C=C4)Br)F)OC,Active,,,,0.82,71,VEGFR2 Inhibition Activity,NP_002244.1
2930,50100123,3081361,CN1CCC(CC1)COC2=C(C=C3C(=C2)N=CN=C3NC4=C(C=C(C=C4)Br)F)OC,Active,,,,0.27,73,ABL1 Inhibition Activity,NP_005148.2
2931,50100123,3081361,CN1CCC(CC1)COC2=C(C=C3C(=C2)N=CN=C3NC4=C(C=C(C=C4)Br)F)OC,Active,,,,0.066,74,BLK Inhibition Activity,NP_001706.2
2932,50100123,3081361,CN1CCC(CC1)COC2=C(C=C3C(=C2)N=CN=C3NC4=C(C=C(C=C4)Br)F)OC,Active,,,,1.8,77,CIT Inhibition Activity,NP_009105.1
2933,50100123,3081361,CN1CCC(CC1)COC2=C(C=C3C(=C2)N=CN=C3NC4=C(C=C(C=C4)Br)F)OC,Active,,,,0.0095,78,EGFR Inhibition Activity,NP_005219.2
2934,50100123,3081361,CN1CCC(CC1)COC2=C(C=C3C(=C2)N=CN=C3NC4=C(C=C(C=C4)Br)F)OC,Active,,,,0.0059,79,EGFR(G719S) Inhibition Activity,NP_005219.2
2935,50100123,3081361,CN1CCC(CC1)COC2=C(C=C3C(=C2)N=CN=C3NC4=C(C=C(C=C4)Br)F)OC,Active,,,,0.012,80,EGFR(L747-E749del  A750P) Inhibition Activity,NP_005219.2
2936,50100123,3081361,CN1CCC(CC1)COC2=C(C=C3C(=C2)N=CN=C3NC4=C(C=C(C=C4)Br)F)OC,Active,,,,0.0079,81,EGFR(L747-S752del  P753S) Inhibition Activity,NP_005219.2
2937,50100123,3081361,CN1CCC(CC1)COC2=C(C=C3C(=C2)N=CN=C3NC4=C(C=C(C=C4)Br)F)OC,Active,,,,0.0089,82,EGFR(L747-T751del Sins) Inhibition Activity,NP_005219.2
2938,50100123,3081361,CN1CCC(CC1)COC2=C(C=C3C(=C2)N=CN=C3NC4=C(C=C(C=C4)Br)F)OC,Active,,,,0.011,83,EGFR(L861Q) Inhibition Activity,NP_005219.2
2939,50100123,3081361,CN1CCC(CC1)COC2=C(C=C3C(=C2)N=CN=C3NC4=C(C=C(C=C4)Br)F)OC,Active,,,,0.56,84,FGFR1 Inhibition Activity,NP_075593.1
2940,50100123,3081361,CN1CCC(CC1)COC2=C(C=C3C(=C2)N=CN=C3NC4=C(C=C(C=C4)Br)F)OC,Active,,,,0.27,86,FGR Inhibition Activity,NP_005239.1
2941,50100123,3081361,CN1CCC(CC1)COC2=C(C=C3C(=C2)N=CN=C3NC4=C(C=C(C=C4)Br)F)OC,Active,,,,0.36,87,FYN Inhibition Activity,NP_694592.1
2942,50100123,3081361,CN1CCC(CC1)COC2=C(C=C3C(=C2)N=CN=C3NC4=C(C=C(C=C4)Br)F)OC,Active,,,,0.017,89,LCK Inhibition Activity,NP_005347.3
2943,50100123,3081361,CN1CCC(CC1)COC2=C(C=C3C(=C2)N=CN=C3NC4=C(C=C(C=C4)Br)F)OC,Active,,,,0.11,90,LYN Inhibition Activity,NP_002341.1
2944,50100123,3081361,CN1CCC(CC1)COC2=C(C=C3C(=C2)N=CN=C3NC4=C(C=C(C=C4)Br)F)OC,Active,,,,0.16,91,PTK6 Inhibition Activity,NP_005966.1
2945,50100123,3081361,CN1CCC(CC1)COC2=C(C=C3C(=C2)N=CN=C3NC4=C(C=C(C=C4)Br)F)OC,Active,,,,2.8,93,TNNI3K Inhibition Activity,NP_057062.1
2946,50100123,3081361,CN1CCC(CC1)COC2=C(C=C3C(=C2)N=CN=C3NC4=C(C=C(C=C4)Br)F)OC,Inactive,,,,5.1,94,ZAK Inhibition Activity,NP_598407.1
2947,50100123,3081361,CN1CCC(CC1)COC2=C(C=C3C(=C2)N=CN=C3NC4=C(C=C(C=C4)Br)F)OC,Active,,,,0.53,95,ABL1(E255K) Inhibition Activity,NP_005148.2
2948,50100123,3081361,CN1CCC(CC1)COC2=C(C=C3C(=C2)N=CN=C3NC4=C(C=C(C=C4)Br)F)OC,Active,,,,0.067,96,ABL1(H396P) Inhibition Activity,NP_005148.2
2949,50100123,3081361,CN1CCC(CC1)COC2=C(C=C3C(=C2)N=CN=C3NC4=C(C=C(C=C4)Br)F)OC,Active,,,,0.082,97,ABL1(M351T) Inhibition Activity,NP_005148.2
2950,50100123,3081361,CN1CCC(CC1)COC2=C(C=C3C(=C2)N=CN=C3NC4=C(C=C(C=C4)Br)F)OC,Active,,,,0.1,98,ABL1(Q252H) Inhibition Activity,NP_005148.2
2951,50100123,3081361,CN1CCC(CC1)COC2=C(C=C3C(=C2)N=CN=C3NC4=C(C=C(C=C4)Br)F)OC,Active,,,,0.094,99,ABL1(Y253F) Inhibition Activity,NP_005148.2
2952,50100123,3081361,CN1CCC(CC1)COC2=C(C=C3C(=C2)N=CN=C3NC4=C(C=C(C=C4)Br)F)OC,Active,,,,0.069,100,ABL2 Inhibition Activity,NP_005149.4
2953,50100123,3081361,CN1CCC(CC1)COC2=C(C=C3C(=C2)N=CN=C3NC4=C(C=C(C=C4)Br)F)OC,Active,,,,2.5,111,CSK Inhibition Activity,NP_004374.1
2954,50100123,3081361,CN1CCC(CC1)COC2=C(C=C3C(=C2)N=CN=C3NC4=C(C=C(C=C4)Br)F)OC,Active,,,,3,113,CSNK1E Inhibition Activity,NP_001885.1
2955,50100123,3081361,CN1CCC(CC1)COC2=C(C=C3C(=C2)N=CN=C3NC4=C(C=C(C=C4)Br)F)OC,Active,,,,0.0048,118,EGFR(E746-A750del) Inhibition Activity,NP_005219.2
2956,50100123,3081361,CN1CCC(CC1)COC2=C(C=C3C(=C2)N=CN=C3NC4=C(C=C(C=C4)Br)F)OC,Active,,,,0.0087,119,EGFR(L858R) Inhibition Activity,NP_005219.2
2957,50100123,3081361,CN1CCC(CC1)COC2=C(C=C3C(=C2)N=CN=C3NC4=C(C=C(C=C4)Br)F)OC,Active,,,,1.1,120,EPHA2 Inhibition Activity,NP_004422.2
2958,50100123,3081361,CN1CCC(CC1)COC2=C(C=C3C(=C2)N=CN=C3NC4=C(C=C(C=C4)Br)F)OC,Active,,,,1.6,121,EPHA4 Inhibition Activity,NP_004429.1
2959,50100123,3081361,CN1CCC(CC1)COC2=C(C=C3C(=C2)N=CN=C3NC4=C(C=C(C=C4)Br)F)OC,Active,,,,0.24,122,EPHA5 Inhibition Activity,NP_004430.4
2960,50100123,3081361,CN1CCC(CC1)COC2=C(C=C3C(=C2)N=CN=C3NC4=C(C=C(C=C4)Br)F)OC,Active,,,,0.091,123,EPHA8 Inhibition Activity,NP_065387.1
2961,50100123,3081361,CN1CCC(CC1)COC2=C(C=C3C(=C2)N=CN=C3NC4=C(C=C(C=C4)Br)F)OC,Active,,,,0.29,124,EPHB1 Inhibition Activity,NP_004432.1
2962,50100123,3081361,CN1CCC(CC1)COC2=C(C=C3C(=C2)N=CN=C3NC4=C(C=C(C=C4)Br)F)OC,Active,,,,0.44,125,EPHB2 Inhibition Activity,NP_059145.2
2963,50100123,3081361,CN1CCC(CC1)COC2=C(C=C3C(=C2)N=CN=C3NC4=C(C=C(C=C4)Br)F)OC,Active,,,,1.1,128,FGFR2 Inhibition Activity,NP_075259.4
2964,50100123,3081361,CN1CCC(CC1)COC2=C(C=C3C(=C2)N=CN=C3NC4=C(C=C(C=C4)Br)F)OC,Active,,,,0.086,129,GAK Inhibition Activity,NP_005246.2
2965,50100123,3081361,CN1CCC(CC1)COC2=C(C=C3C(=C2)N=CN=C3NC4=C(C=C(C=C4)Br)F)OC,Active,,,,0.36,130,HCK Inhibition Activity,NP_002101.2
2966,50100123,3081361,CN1CCC(CC1)COC2=C(C=C3C(=C2)N=CN=C3NC4=C(C=C(C=C4)Br)F)OC,Active,,,,1.4,137,MAP4K4 Inhibition Activity,NP_663719.2
2967,50100123,3081361,CN1CCC(CC1)COC2=C(C=C3C(=C2)N=CN=C3NC4=C(C=C(C=C4)Br)F)OC,Active,,,,0.0046,155,RIPK2 Inhibition Activity,NP_003812.1
2968,50100123,3081361,CN1CCC(CC1)COC2=C(C=C3C(=C2)N=CN=C3NC4=C(C=C(C=C4)Br)F)OC,Active,,,,0.24,158,RPS6KA6(Kin.Dom.2 - C-terminal) Inhibition Activity,NP_055311.1
2969,50100123,3081361,CN1CCC(CC1)COC2=C(C=C3C(=C2)N=CN=C3NC4=C(C=C(C=C4)Br)F)OC,Active,,,,1.9,159,SNF1LK Inhibition Activity,NP_775490.2
2970,50100123,3081361,CN1CCC(CC1)COC2=C(C=C3C(=C2)N=CN=C3NC4=C(C=C(C=C4)Br)F)OC,Active,,,,0.07,160,SRC Inhibition Activity,NP_005408.1
2971,50100123,3081361,CN1CCC(CC1)COC2=C(C=C3C(=C2)N=CN=C3NC4=C(C=C(C=C4)Br)F)OC,Active,,,,1.9,161,SRMS Inhibition Activity,NP_543013.1
2972,50100123,3081361,CN1CCC(CC1)COC2=C(C=C3C(=C2)N=CN=C3NC4=C(C=C(C=C4)Br)F)OC,Inactive,,,,3.7,164,TESK1 Inhibition Activity,NP_006276.2
2973,50100123,3081361,CN1CCC(CC1)COC2=C(C=C3C(=C2)N=CN=C3NC4=C(C=C(C=C4)Br)F)OC,Active,,,,2.3,166,TNIK Inhibition Activity,NP_055843.1
2974,50100123,3081361,CN1CCC(CC1)COC2=C(C=C3C(=C2)N=CN=C3NC4=C(C=C(C=C4)Br)F)OC,Active,,,,0.12,170,YES Inhibition Activity,NP_005424.1
2975,50100123,3081361,CN1CCC(CC1)COC2=C(C=C3C(=C2)N=CN=C3NC4=C(C=C(C=C4)Br)F)OC,Active,,,,0.012,175,EGFR(S752-I759del) Inhibition Activity,NP_005219.2
2976,50100123,3081361,CN1CCC(CC1)COC2=C(C=C3C(=C2)N=CN=C3NC4=C(C=C(C=C4)Br)F)OC,Active,,,,2.6,176,ERBB2 Inhibition Activity,NP_001005862.1
2977,50100123,3081361,CN1CCC(CC1)COC2=C(C=C3C(=C2)N=CN=C3NC4=C(C=C(C=C4)Br)F)OC,Active,,,,0.48,177,ERBB4 Inhibition Activity,NP_001036064.1
2978,50100123,3081361,CN1CCC(CC1)COC2=C(C=C3C(=C2)N=CN=C3NC4=C(C=C(C=C4)Br)F)OC,Active,,,,1.1,178,MEK2 Inhibition Activity,NP_109587.1
2979,50100123,3081361,CN1CCC(CC1)COC2=C(C=C3C(=C2)N=CN=C3NC4=C(C=C(C=C4)Br)F)OC,Active,,,,0.62,179,PLK4 Inhibition Activity,BAB69958.1
2980,50100123,3081361,CN1CCC(CC1)COC2=C(C=C3C(=C2)N=CN=C3NC4=C(C=C(C=C4)Br)F)OC,Active,,,,2.2,180,DMPK2 Inhibition Activity,NP_059995.2
2981,50100123,3081361,CN1CCC(CC1)COC2=C(C=C3C(=C2)N=CN=C3NC4=C(C=C(C=C4)Br)F)OC,Active,,,,0.23,181,EPHA1 Inhibition Activity,NP_005223.4
2982,50100123,3081361,CN1CCC(CC1)COC2=C(C=C3C(=C2)N=CN=C3NC4=C(C=C(C=C4)Br)F)OC,Active,,,,2.6,182,MRCKA Inhibition Activity,NP_003598.2
2983,50100123,3081361,CN1CCC(CC1)COC2=C(C=C3C(=C2)N=CN=C3NC4=C(C=C(C=C4)Br)F)OC,Active,,,,2.5,183,MRCKB Inhibition Activity,NP_006026.3
2984,50100123,3081361,CN1CCC(CC1)COC2=C(C=C3C(=C2)N=CN=C3NC4=C(C=C(C=C4)Br)F)OC,Active,,,,1.5,190,ERK3 Inhibition Activity,NP_002739.1
2985,50100123,3081361,CN1CCC(CC1)COC2=C(C=C3C(=C2)N=CN=C3NC4=C(C=C(C=C4)Br)F)OC,Active,,,,1.1,198,PHKG1 Inhibition Activity,NP_006204.1
2986,50100123,3081361,CN1CCC(CC1)COC2=C(C=C3C(=C2)N=CN=C3NC4=C(C=C(C=C4)Br)F)OC,Active,,,,1.6,208,FGFR3 Inhibition Activity,NP_000133.1
2987,50100123,3081361,CN1CCC(CC1)COC2=C(C=C3C(=C2)N=CN=C3NC4=C(C=C(C=C4)Br)F)OC,Inactive,,,,6.9,209,FGFR3(G697C) Inhibition Activity,NP_000133.1
2988,50100123,3081361,CN1CCC(CC1)COC2=C(C=C3C(=C2)N=CN=C3NC4=C(C=C(C=C4)Br)F)OC,Active,,,,1.8,218,MEK1 Inhibition Activity,NP_002746.1
2989,50100123,3081361,CN1CCC(CC1)COC2=C(C=C3C(=C2)N=CN=C3NC4=C(C=C(C=C4)Br)F)OC,Active,,,,0.43,239,SNF1LK2 Inhibition Activity,NP_056006.1
2990,50100123,3081361,CN1CCC(CC1)COC2=C(C=C3C(=C2)N=CN=C3NC4=C(C=C(C=C4)Br)F)OC,Active,,,,0.093,244,TYRO3 Inhibition Activity,NP_006284.2
2991,50100123,3081361,CN1CCC(CC1)COC2=C(C=C3C(=C2)N=CN=C3NC4=C(C=C(C=C4)Br)F)OC,Active,,,,0.15,246,ACVR1 Inhibition Activity,NP_001096.1
2992,50100123,3081361,CN1CCC(CC1)COC2=C(C=C3C(=C2)N=CN=C3NC4=C(C=C(C=C4)Br)F)OC,Inactive,,,,4.5,247,ADCK3 Inhibition Activity,NP_064632.2
2993,50100123,3081361,CN1CCC(CC1)COC2=C(C=C3C(=C2)N=CN=C3NC4=C(C=C(C=C4)Br)F)OC,Active,,,,1.7,248,ADCK4 Inhibition Activity,NP_079152.3
2994,50100123,3081361,CN1CCC(CC1)COC2=C(C=C3C(=C2)N=CN=C3NC4=C(C=C(C=C4)Br)F)OC,Active,,,,0.4,251,RPS6KA1(Kin.Dom.2 - C-terminal) Inhibition Activity,NP_002944.2
2995,50100123,3081361,CN1CCC(CC1)COC2=C(C=C3C(=C2)N=CN=C3NC4=C(C=C(C=C4)Br)F)OC,Inactive,,,,3.7,254,TXK Inhibition Activity,NP_003319.2
2996,50100123,3081361,CN1CCC(CC1)COC2=C(C=C3C(=C2)N=CN=C3NC4=C(C=C(C=C4)Br)F)OC,Active,,,,0.47,258,ACVRL1 Inhibition Activity,NP_000011.2
